{
  "totalRecords": 380,
  "links": {
    "first": "https://bdl.stat.gov.pl/api/v1/data/by-variable/64428?unit-level=5&year=2023&page-size=100&format=json&page=0",
    "self": "https://bdl.stat.gov.pl/api/v1/data/by-variable/64428?unit-level=5&year=2023&page-size=100&format=json&page=0",
    "next": "https://bdl.stat.gov.pl/api/v1/data/by-variable/64428?unit-level=5&year=2023&page-size=100&format=json&page=1",
    "last": "https://bdl.stat.gov.pl/api/v1/data/by-variable/64428?unit-level=5&year=2023&page-size=100&format=json&page=3"
  },
  "variableId": 64428,
  "measureUnitId": 4,
  "aggregateId": 1,
  "lastUpdate": null,
  "results": [
    {
      "id": "011212001000",
      "name": "Powiat bocheński",
      "values": [
        {
          "year": "2023",
          "val": 6184.9,
          "attrId": 1
        }
      ]
    },
    {
      "id": "011212006000",
      "name": "Powiat krakowski",
      "values": [
        {
          "year": "2023",
          "val": 7252.41,
          "attrId": 1
        }
      ]
    },
    {
      "id": "011212008000",
      "name": "Powiat miechowski",
      "values": [
        {
          "year": "2023",
          "val": 6131.46,
          "attrId": 1
        }
      ]
    },
    {
      "id": "011212009000",
      "name": "Powiat myślenicki",
      "values": [
        {
          "year": "2023",
          "val": 6224.14,
          "attrId": 1
        }
      ]
    },
    {
      "id": "011212014000",
      "name": "Powiat proszowicki",
      "values": [
        {
          "year": "2023",
          "val": 6178.05,
          "attrId": 1
        }
      ]
    },
    {
      "id": "011212019000",
      "name": "Powiat wielicki",
      "values": [
        {
          "year": "2023",
          "val": 7019.5,
          "attrId": 1
        }
      ]
    },
    {
      "id": "011212161000",
      "name": "City with powiat status Kraków",
      "values": [
        {
          "year": "2023",
          "val": 9223.73,
          "attrId": 1
        }
      ]
    },
    {
      "id": "011212205000",
      "name": "Powiat gorlicki",
      "values": [
        {
          "year": "2023",
          "val": 5761.59,
          "attrId": 1
        }
      ]
    },
    {
      "id": "011212207000",
      "name": "Powiat limanowski",
      "values": [
        {
          "year": "2023",
          "val": 5935.46,
          "attrId": 1
        }
      ]
    },
    {
      "id": "011212210000",
      "name": "Powiat nowosądecki",
      "values": [
        {
          "year": "2023",
          "val": 5909.25,
          "attrId": 1
        }
      ]
    },
    {
      "id": "011212262000",
      "name": "City with powiat status Nowy Sącz",
      "values": [
        {
          "year": "2023",
          "val": 6253.5,
          "attrId": 1
        }
      ]
    },
    {
      "id": "011212303000",
      "name": "Powiat chrzanowski",
      "values": [
        {
          "year": "2023",
          "val": 6898.73,
          "attrId": 1
        }
      ]
    },
    {
      "id": "011212312000",
      "name": "Powiat olkuski",
      "values": [
        {
          "year": "2023",
          "val": 6553.06,
          "attrId": 1
        }
      ]
    },
    {
      "id": "011212313000",
      "name": "Powiat oświęcimski",
      "values": [
        {
          "year": "2023",
          "val": 6512.03,
          "attrId": 1
        }
      ]
    },
    {
      "id": "011212318000",
      "name": "Powiat wadowicki",
      "values": [
        {
          "year": "2023",
          "val": 6048.26,
          "attrId": 1
        }
      ]
    },
    {
      "id": "011212402000",
      "name": "Powiat brzeski",
      "values": [
        {
          "year": "2023",
          "val": 5894.2,
          "attrId": 1
        }
      ]
    },
    {
      "id": "011212404000",
      "name": "Powiat dąbrowski",
      "values": [
        {
          "year": "2023",
          "val": 6065.58,
          "attrId": 1
        }
      ]
    },
    {
      "id": "011212416000",
      "name": "Powiat tarnowski",
      "values": [
        {
          "year": "2023",
          "val": 5678.11,
          "attrId": 1
        }
      ]
    },
    {
      "id": "011212463000",
      "name": "City with powiat status Tarnów",
      "values": [
        {
          "year": "2023",
          "val": 7650.54,
          "attrId": 1
        }
      ]
    },
    {
      "id": "011216911000",
      "name": "Powiat nowotarski",
      "values": [
        {
          "year": "2023",
          "val": 5858.04,
          "attrId": 1
        }
      ]
    },
    {
      "id": "011216915000",
      "name": "Powiat suski",
      "values": [
        {
          "year": "2023",
          "val": 6182.1,
          "attrId": 1
        }
      ]
    },
    {
      "id": "011216917000",
      "name": "Powiat tatrzański",
      "values": [
        {
          "year": "2023",
          "val": 6396.51,
          "attrId": 1
        }
      ]
    },
    {
      "id": "012414402000",
      "name": "Powiat bielski",
      "values": [
        {
          "year": "2023",
          "val": 6612.98,
          "attrId": 1
        }
      ]
    },
    {
      "id": "012414403000",
      "name": "Powiat cieszyński",
      "values": [
        {
          "year": "2023",
          "val": 6529.01,
          "attrId": 1
        }
      ]
    },
    {
      "id": "012414417000",
      "name": "Powiat żywiecki",
      "values": [
        {
          "year": "2023",
          "val": 6593.79,
          "attrId": 1
        }
      ]
    },
    {
      "id": "012414461000",
      "name": "City with powiat status Bielsko-Biała",
      "values": [
        {
          "year": "2023",
          "val": 7231.58,
          "attrId": 1
        }
      ]
    },
    {
      "id": "012414507000",
      "name": "Powiat lubliniecki",
      "values": [
        {
          "year": "2023",
          "val": 6427.79,
          "attrId": 1
        }
      ]
    },
    {
      "id": "012414513000",
      "name": "Powiat tarnogórski",
      "values": [
        {
          "year": "2023",
          "val": 7145.99,
          "attrId": 1
        }
      ]
    },
    {
      "id": "012414562000",
      "name": "City with powiat status Bytom",
      "values": [
        {
          "year": "2023",
          "val": 7206.77,
          "attrId": 1
        }
      ]
    },
    {
      "id": "012414571000",
      "name": "City with powiat status Piekary Śląskie",
      "values": [
        {
          "year": "2023",
          "val": 7654.72,
          "attrId": 1
        }
      ]
    },
    {
      "id": "012414604000",
      "name": "Powiat częstochowski",
      "values": [
        {
          "year": "2023",
          "val": 6483.73,
          "attrId": 1
        }
      ]
    },
    {
      "id": "012414606000",
      "name": "Powiat kłobucki",
      "values": [
        {
          "year": "2023",
          "val": 6030.62,
          "attrId": 1
        }
      ]
    },
    {
      "id": "012414609000",
      "name": "Powiat myszkowski",
      "values": [
        {
          "year": "2023",
          "val": 6303.39,
          "attrId": 1
        }
      ]
    },
    {
      "id": "012414664000",
      "name": "City with powiat status Częstochowa",
      "values": [
        {
          "year": "2023",
          "val": 6715.44,
          "attrId": 1
        }
      ]
    },
    {
      "id": "012414705000",
      "name": "Powiat gliwicki",
      "values": [
        {
          "year": "2023",
          "val": 6931.46,
          "attrId": 1
        }
      ]
    },
    {
      "id": "012414766000",
      "name": "City with powiat status Gliwice",
      "values": [
        {
          "year": "2023",
          "val": 8391.75,
          "attrId": 1
        }
      ]
    },
    {
      "id": "012414778000",
      "name": "City with powiat status Zabrze",
      "values": [
        {
          "year": "2023",
          "val": 7438.82,
          "attrId": 1
        }
      ]
    },
    {
      "id": "012414863000",
      "name": "City with powiat status Chorzów",
      "values": [
        {
          "year": "2023",
          "val": 6555.69,
          "attrId": 1
        }
      ]
    },
    {
      "id": "012414869000",
      "name": "City with powiat status Katowice",
      "values": [
        {
          "year": "2023",
          "val": 9105.52,
          "attrId": 1
        }
      ]
    },
    {
      "id": "012414870000",
      "name": "City with powiat status Mysłowice",
      "values": [
        {
          "year": "2023",
          "val": 6438.78,
          "attrId": 1
        }
      ]
    },
    {
      "id": "012414872000",
      "name": "City with powiat status Ruda Śląska",
      "values": [
        {
          "year": "2023",
          "val": 6668.08,
          "attrId": 1
        }
      ]
    },
    {
      "id": "012414874000",
      "name": "City with powiat status Siemianowice Śląskie",
      "values": [
        {
          "year": "2023",
          "val": 6887.29,
          "attrId": 1
        }
      ]
    },
    {
      "id": "012414876000",
      "name": "City with powiat status Świętochłowice",
      "values": [
        {
          "year": "2023",
          "val": 6361.63,
          "attrId": 1
        }
      ]
    },
    {
      "id": "012414911000",
      "name": "Powiat raciborski",
      "values": [
        {
          "year": "2023",
          "val": 7283.63,
          "attrId": 1
        }
      ]
    },
    {
      "id": "012414912000",
      "name": "Powiat rybnicki",
      "values": [
        {
          "year": "2023",
          "val": 6596.65,
          "attrId": 1
        }
      ]
    },
    {
      "id": "012414915000",
      "name": "Powiat wodzisławski",
      "values": [
        {
          "year": "2023",
          "val": 6189.57,
          "attrId": 1
        }
      ]
    },
    {
      "id": "012414967000",
      "name": "City with powiat status Jastrzębie-Zdrój",
      "values": [
        {
          "year": "2023",
          "val": 0,
          "attrId": 0
        }
      ]
    },
    {
      "id": "012414973000",
      "name": "City with powiat status Rybnik",
      "values": [
        {
          "year": "2023",
          "val": 6938.12,
          "attrId": 1
        }
      ]
    },
    {
      "id": "012414979000",
      "name": "City with powiat status Żory",
      "values": [
        {
          "year": "2023",
          "val": 6560.84,
          "attrId": 1
        }
      ]
    },
    {
      "id": "012415001000",
      "name": "Powiat będziński",
      "values": [
        {
          "year": "2023",
          "val": 6502.13,
          "attrId": 1
        }
      ]
    },
    {
      "id": "012415016000",
      "name": "Powiat zawierciański",
      "values": [
        {
          "year": "2023",
          "val": 6855.49,
          "attrId": 1
        }
      ]
    },
    {
      "id": "012415065000",
      "name": "City with powiat status Dąbrowa Górnicza",
      "values": [
        {
          "year": "2023",
          "val": 8029.95,
          "attrId": 1
        }
      ]
    },
    {
      "id": "012415068000",
      "name": "City with powiat status Jaworzno",
      "values": [
        {
          "year": "2023",
          "val": 8417.97,
          "attrId": 1
        }
      ]
    },
    {
      "id": "012415075000",
      "name": "City with powiat status Sosnowiec",
      "values": [
        {
          "year": "2023",
          "val": 6973.22,
          "attrId": 1
        }
      ]
    },
    {
      "id": "012415108000",
      "name": "Powiat mikołowski",
      "values": [
        {
          "year": "2023",
          "val": 6733.88,
          "attrId": 1
        }
      ]
    },
    {
      "id": "012415110000",
      "name": "Powiat pszczyński",
      "values": [
        {
          "year": "2023",
          "val": 6607.42,
          "attrId": 1
        }
      ]
    },
    {
      "id": "012415114000",
      "name": "Powiat bieruńsko-lędziński",
      "values": [
        {
          "year": "2023",
          "val": 6356.5,
          "attrId": 1
        }
      ]
    },
    {
      "id": "012415177000",
      "name": "City with powiat status Tychy",
      "values": [
        {
          "year": "2023",
          "val": 7163.78,
          "attrId": 1
        }
      ]
    },
    {
      "id": "020811301000",
      "name": "Powiat gorzowski",
      "values": [
        {
          "year": "2023",
          "val": 7139.07,
          "attrId": 1
        }
      ]
    },
    {
      "id": "020811303000",
      "name": "Powiat międzyrzecki",
      "values": [
        {
          "year": "2023",
          "val": 6625.23,
          "attrId": 1
        }
      ]
    },
    {
      "id": "020811305000",
      "name": "Powiat słubicki",
      "values": [
        {
          "year": "2023",
          "val": 6701.31,
          "attrId": 1
        }
      ]
    },
    {
      "id": "020811306000",
      "name": "Powiat strzelecko-drezdenecki",
      "values": [
        {
          "year": "2023",
          "val": 6383.3,
          "attrId": 1
        }
      ]
    },
    {
      "id": "020811307000",
      "name": "Powiat sulęciński",
      "values": [
        {
          "year": "2023",
          "val": 6018.27,
          "attrId": 1
        }
      ]
    },
    {
      "id": "020811361000",
      "name": "City with powiat status Gorzów Wielkopolski",
      "values": [
        {
          "year": "2023",
          "val": 6713.76,
          "attrId": 1
        }
      ]
    },
    {
      "id": "020811402000",
      "name": "Powiat krośnieński",
      "values": [
        {
          "year": "2023",
          "val": 6637.01,
          "attrId": 1
        }
      ]
    },
    {
      "id": "020811404000",
      "name": "Powiat nowosolski",
      "values": [
        {
          "year": "2023",
          "val": 6766.75,
          "attrId": 1
        }
      ]
    },
    {
      "id": "020811408000",
      "name": "Powiat świebodziński",
      "values": [
        {
          "year": "2023",
          "val": 6975.86,
          "attrId": 1
        }
      ]
    },
    {
      "id": "020811409000",
      "name": "Powiat zielonogórski",
      "values": [
        {
          "year": "2023",
          "val": 6866.37,
          "attrId": 1
        }
      ]
    },
    {
      "id": "020811410000",
      "name": "Powiat żagański",
      "values": [
        {
          "year": "2023",
          "val": 6259.95,
          "attrId": 1
        }
      ]
    },
    {
      "id": "020811411000",
      "name": "Powiat żarski",
      "values": [
        {
          "year": "2023",
          "val": 6929.71,
          "attrId": 1
        }
      ]
    },
    {
      "id": "020811412000",
      "name": "Powiat wschowski",
      "values": [
        {
          "year": "2023",
          "val": 6247.33,
          "attrId": 1
        }
      ]
    },
    {
      "id": "020811462000",
      "name": "City with powiat status Zielona Góra",
      "values": [
        {
          "year": "2023",
          "val": 7487.1,
          "attrId": 1
        }
      ]
    },
    {
      "id": "023015706000",
      "name": "Powiat jarociński",
      "values": [
        {
          "year": "2023",
          "val": 6018.31,
          "attrId": 1
        }
      ]
    },
    {
      "id": "023015707000",
      "name": "Powiat kaliski",
      "values": [
        {
          "year": "2023",
          "val": 5987.02,
          "attrId": 1
        }
      ]
    },
    {
      "id": "023015708000",
      "name": "Powiat kępiński",
      "values": [
        {
          "year": "2023",
          "val": 5319.34,
          "attrId": 1
        }
      ]
    },
    {
      "id": "023015712000",
      "name": "Powiat krotoszyński",
      "values": [
        {
          "year": "2023",
          "val": 5440.35,
          "attrId": 1
        }
      ]
    },
    {
      "id": "023015717000",
      "name": "Powiat ostrowski",
      "values": [
        {
          "year": "2023",
          "val": 6197.61,
          "attrId": 1
        }
      ]
    },
    {
      "id": "023015718000",
      "name": "Powiat ostrzeszowski",
      "values": [
        {
          "year": "2023",
          "val": 6071.58,
          "attrId": 1
        }
      ]
    },
    {
      "id": "023015720000",
      "name": "Powiat pleszewski",
      "values": [
        {
          "year": "2023",
          "val": 6214.03,
          "attrId": 1
        }
      ]
    },
    {
      "id": "023015761000",
      "name": "City with powiat status Kalisz",
      "values": [
        {
          "year": "2023",
          "val": 6617.76,
          "attrId": 1
        }
      ]
    },
    {
      "id": "023015803000",
      "name": "Powiat gnieźnieński",
      "values": [
        {
          "year": "2023",
          "val": 6326.21,
          "attrId": 1
        }
      ]
    },
    {
      "id": "023015809000",
      "name": "Powiat kolski",
      "values": [
        {
          "year": "2023",
          "val": 6552.92,
          "attrId": 1
        }
      ]
    },
    {
      "id": "023015810000",
      "name": "Powiat koniński",
      "values": [
        {
          "year": "2023",
          "val": 5665.09,
          "attrId": 1
        }
      ]
    },
    {
      "id": "023015823000",
      "name": "Powiat słupecki",
      "values": [
        {
          "year": "2023",
          "val": 6063.01,
          "attrId": 1
        }
      ]
    },
    {
      "id": "023015827000",
      "name": "Powiat turecki",
      "values": [
        {
          "year": "2023",
          "val": 5751.05,
          "attrId": 1
        }
      ]
    },
    {
      "id": "023015830000",
      "name": "Powiat wrzesiński",
      "values": [
        {
          "year": "2023",
          "val": 6441.44,
          "attrId": 1
        }
      ]
    },
    {
      "id": "023015862000",
      "name": "City with powiat status Konin",
      "values": [
        {
          "year": "2023",
          "val": 6634.81,
          "attrId": 1
        }
      ]
    },
    {
      "id": "023015904000",
      "name": "Powiat gostyński",
      "values": [
        {
          "year": "2023",
          "val": 6455.99,
          "attrId": 1
        }
      ]
    },
    {
      "id": "023015905000",
      "name": "Powiat grodziski",
      "values": [
        {
          "year": "2023",
          "val": 6233.27,
          "attrId": 1
        }
      ]
    },
    {
      "id": "023015911000",
      "name": "Powiat kościański",
      "values": [
        {
          "year": "2023",
          "val": 6677.52,
          "attrId": 1
        }
      ]
    },
    {
      "id": "023015913000",
      "name": "Powiat leszczyński",
      "values": [
        {
          "year": "2023",
          "val": 6713.55,
          "attrId": 1
        }
      ]
    },
    {
      "id": "023015914000",
      "name": "Powiat międzychodzki",
      "values": [
        {
          "year": "2023",
          "val": 6176.39,
          "attrId": 1
        }
      ]
    },
    {
      "id": "023015915000",
      "name": "Powiat nowotomyski",
      "values": [
        {
          "year": "2023",
          "val": 6461,
          "attrId": 1
        }
      ]
    },
    {
      "id": "023015922000",
      "name": "Powiat rawicki",
      "values": [
        {
          "year": "2023",
          "val": 6006.06,
          "attrId": 1
        }
      ]
    },
    {
      "id": "023015929000",
      "name": "Powiat wolsztyński",
      "values": [
        {
          "year": "2023",
          "val": 6226.06,
          "attrId": 1
        }
      ]
    },
    {
      "id": "023015963000",
      "name": "City with powiat status Leszno",
      "values": [
        {
          "year": "2023",
          "val": 6736.54,
          "attrId": 1
        }
      ]
    },
    {
      "id": "023016001000",
      "name": "Powiat chodzieski",
      "values": [
        {
          "year": "2023",
          "val": 6157.04,
          "attrId": 1
        }
      ]
    },
    {
      "id": "023016002000",
      "name": "Powiat czarnkowsko-trzcianecki",
      "values": [
        {
          "year": "2023",
          "val": 6431.04,
          "attrId": 1
        }
      ]
    },
    {
      "id": "023016019000",
      "name": "Powiat pilski",
      "values": [
        {
          "year": "2023",
          "val": 6794.93,
          "attrId": 1
        }
      ]
    },
    {
      "id": "023016028000",
      "name": "Powiat wągrowiecki",
      "values": [
        {
          "year": "2023",
          "val": 6130.17,
          "attrId": 1
        }
      ]
    }
  ]
}
