{
  "totalRecords": 380,
  "links": {
    "first": "https://bdl.stat.gov.pl/api/v1/data/by-variable/64428?unit-level=5&year=2023&page-size=100&format=json&page=0",
    "prev": "https://bdl.stat.gov.pl/api/v1/data/by-variable/64428?unit-level=5&year=2023&page-size=100&format=json&page=1",
    "self": "https://bdl.stat.gov.pl/api/v1/data/by-variable/64428?unit-level=5&year=2023&page-size=100&format=json&page=2",
    "next": "https://bdl.stat.gov.pl/api/v1/data/by-variable/64428?unit-level=5&year=2023&page-size=100&format=json&page=3",
    "last": "https://bdl.stat.gov.pl/api/v1/data/by-variable/64428?unit-level=5&year=2023&page-size=100&format=json&page=3"
  },
  "variableId": 64428,
  "measureUnitId": 4,
  "aggregateId": 1,
  "lastUpdate": null,
  "results": [
    {
      "id": "042214112000",
      "name": "Powiat słupski",
      "values": [
        {
          "year": "2023",
          "val": 6357.82,
          "attrId": 1
        }
      ]
    },
    {
      "id": "042214163000",
      "name": "City with powiat status Słupsk",
      "values": [
        {
          "year": "2023",
          "val": 6870.69,
          "attrId": 1
        }
      ]
    },
    {
      "id": "042214207000",
      "name": "Powiat kwidzyński",
      "values": [
        {
          "year": "2023",
          "val": 6579.01,
          "attrId": 1
        }
      ]
    },
    {
      "id": "042214209000",
      "name": "Powiat malborski",
      "values": [
        {
          "year": "2023",
          "val": 6077.46,
          "attrId": 1
        }
      ]
    },
    {
      "id": "042214213000",
      "name": "Powiat starogardzki",
      "values": [
        {
          "year": "2023",
          "val": 7046.42,
          "attrId": 1
        }
      ]
    },
    {
      "id": "042214214000",
      "name": "Powiat tczewski",
      "values": [
        {
          "year": "2023",
          "val": 6836.04,
          "attrId": 1
        }
      ]
    },
    {
      "id": "042214216000",
      "name": "Powiat sztumski",
      "values": [
        {
          "year": "2023",
          "val": 6362.83,
          "attrId": 1
        }
      ]
    },
    {
      "id": "042214361000",
      "name": "City with powiat status Gdańsk",
      "values": [
        {
          "year": "2023",
          "val": 8915.97,
          "attrId": 1
        }
      ]
    },
    {
      "id": "042214362000",
      "name": "City with powiat status Gdynia",
      "values": [
        {
          "year": "2023",
          "val": 7890.4,
          "attrId": 1
        }
      ]
    },
    {
      "id": "042214364000",
      "name": "City with powiat status Sopot",
      "values": [
        {
          "year": "2023",
          "val": 8478.32,
          "attrId": 1
        }
      ]
    },
    {
      "id": "042217202000",
      "name": "Powiat chojnicki",
      "values": [
        {
          "year": "2023",
          "val": 6114.44,
          "attrId": 1
        }
      ]
    },
    {
      "id": "042217203000",
      "name": "Powiat człuchowski",
      "values": [
        {
          "year": "2023",
          "val": 6355.73,
          "attrId": 1
        }
      ]
    },
    {
      "id": "042217206000",
      "name": "Powiat kościerski",
      "values": [
        {
          "year": "2023",
          "val": 6159.34,
          "attrId": 1
        }
      ]
    },
    {
      "id": "042815402000",
      "name": "Powiat braniewski",
      "values": [
        {
          "year": "2023",
          "val": 6027.94,
          "attrId": 1
        }
      ]
    },
    {
      "id": "042815403000",
      "name": "Powiat działdowski",
      "values": [
        {
          "year": "2023",
          "val": 6074.09,
          "attrId": 1
        }
      ]
    },
    {
      "id": "042815404000",
      "name": "Powiat elbląski",
      "values": [
        {
          "year": "2023",
          "val": 5875,
          "attrId": 1
        }
      ]
    },
    {
      "id": "042815407000",
      "name": "Powiat iławski",
      "values": [
        {
          "year": "2023",
          "val": 5813.96,
          "attrId": 1
        }
      ]
    },
    {
      "id": "042815412000",
      "name": "Powiat nowomiejski",
      "values": [
        {
          "year": "2023",
          "val": 5242.25,
          "attrId": 1
        }
      ]
    },
    {
      "id": "042815415000",
      "name": "Powiat ostródzki",
      "values": [
        {
          "year": "2023",
          "val": 6075.06,
          "attrId": 1
        }
      ]
    },
    {
      "id": "042815461000",
      "name": "City with powiat status Elbląg",
      "values": [
        {
          "year": "2023",
          "val": 6801.75,
          "attrId": 1
        }
      ]
    },
    {
      "id": "042815505000",
      "name": "Powiat ełcki",
      "values": [
        {
          "year": "2023",
          "val": 6016.73,
          "attrId": 1
        }
      ]
    },
    {
      "id": "042815506000",
      "name": "Powiat giżycki",
      "values": [
        {
          "year": "2023",
          "val": 6247.3,
          "attrId": 1
        }
      ]
    },
    {
      "id": "042815513000",
      "name": "Powiat olecki",
      "values": [
        {
          "year": "2023",
          "val": 6079.37,
          "attrId": 1
        }
      ]
    },
    {
      "id": "042815516000",
      "name": "Powiat piski",
      "values": [
        {
          "year": "2023",
          "val": 6368.76,
          "attrId": 1
        }
      ]
    },
    {
      "id": "042815518000",
      "name": "Powiat gołdapski",
      "values": [
        {
          "year": "2023",
          "val": 5876.11,
          "attrId": 1
        }
      ]
    },
    {
      "id": "042815519000",
      "name": "Powiat węgorzewski",
      "values": [
        {
          "year": "2023",
          "val": 6238.76,
          "attrId": 1
        }
      ]
    },
    {
      "id": "042815601000",
      "name": "Powiat bartoszycki",
      "values": [
        {
          "year": "2023",
          "val": 6122.19,
          "attrId": 1
        }
      ]
    },
    {
      "id": "042815608000",
      "name": "Powiat kętrzyński",
      "values": [
        {
          "year": "2023",
          "val": 5812.87,
          "attrId": 1
        }
      ]
    },
    {
      "id": "042815609000",
      "name": "Powiat lidzbarski",
      "values": [
        {
          "year": "2023",
          "val": 5937.86,
          "attrId": 1
        }
      ]
    },
    {
      "id": "042815610000",
      "name": "Powiat mrągowski",
      "values": [
        {
          "year": "2023",
          "val": 5996.73,
          "attrId": 1
        }
      ]
    },
    {
      "id": "042815611000",
      "name": "Powiat nidzicki",
      "values": [
        {
          "year": "2023",
          "val": 5748.08,
          "attrId": 1
        }
      ]
    },
    {
      "id": "042815614000",
      "name": "Powiat olsztyński",
      "values": [
        {
          "year": "2023",
          "val": 6561.71,
          "attrId": 1
        }
      ]
    },
    {
      "id": "042815617000",
      "name": "Powiat szczycieński",
      "values": [
        {
          "year": "2023",
          "val": 6197.95,
          "attrId": 1
        }
      ]
    },
    {
      "id": "042815662000",
      "name": "City with powiat status Olsztyn",
      "values": [
        {
          "year": "2023",
          "val": 7386.7,
          "attrId": 1
        }
      ]
    },
    {
      "id": "051011506000",
      "name": "Powiat łódzki wschodni",
      "values": [
        {
          "year": "2023",
          "val": 6313.01,
          "attrId": 1
        }
      ]
    },
    {
      "id": "051011508000",
      "name": "Powiat pabianicki",
      "values": [
        {
          "year": "2023",
          "val": 6349.64,
          "attrId": 1
        }
      ]
    },
    {
      "id": "051011520000",
      "name": "Powiat zgierski",
      "values": [
        {
          "year": "2023",
          "val": 6749.27,
          "attrId": 1
        }
      ]
    },
    {
      "id": "051011521000",
      "name": "Powiat brzeziński",
      "values": [
        {
          "year": "2023",
          "val": 6050.65,
          "attrId": 1
        }
      ]
    },
    {
      "id": "051011661000",
      "name": "City with powiat status Łódź",
      "values": [
        {
          "year": "2023",
          "val": 7548.1,
          "attrId": 1
        }
      ]
    },
    {
      "id": "051011701000",
      "name": "Powiat bełchatowski",
      "values": [
        {
          "year": "2023",
          "val": 9268.84,
          "attrId": 1
        }
      ]
    },
    {
      "id": "051011707000",
      "name": "Powiat opoczyński",
      "values": [
        {
          "year": "2023",
          "val": 6391.34,
          "attrId": 1
        }
      ]
    },
    {
      "id": "051011710000",
      "name": "Powiat piotrkowski",
      "values": [
        {
          "year": "2023",
          "val": 5846.87,
          "attrId": 1
        }
      ]
    },
    {
      "id": "051011712000",
      "name": "Powiat radomszczański",
      "values": [
        {
          "year": "2023",
          "val": 6032.02,
          "attrId": 1
        }
      ]
    },
    {
      "id": "051011716000",
      "name": "Powiat tomaszowski",
      "values": [
        {
          "year": "2023",
          "val": 6341.69,
          "attrId": 1
        }
      ]
    },
    {
      "id": "051011762000",
      "name": "City with powiat status Piotrków Trybunalski",
      "values": [
        {
          "year": "2023",
          "val": 6168.36,
          "attrId": 1
        }
      ]
    },
    {
      "id": "051011803000",
      "name": "Powiat łaski",
      "values": [
        {
          "year": "2023",
          "val": 5879.09,
          "attrId": 1
        }
      ]
    },
    {
      "id": "051011809000",
      "name": "Powiat pajęczański",
      "values": [
        {
          "year": "2023",
          "val": 6143.74,
          "attrId": 1
        }
      ]
    },
    {
      "id": "051011811000",
      "name": "Powiat poddębicki",
      "values": [
        {
          "year": "2023",
          "val": 8302.47,
          "attrId": 1
        }
      ]
    },
    {
      "id": "051011814000",
      "name": "Powiat sieradzki",
      "values": [
        {
          "year": "2023",
          "val": 6435.58,
          "attrId": 1
        }
      ]
    },
    {
      "id": "051011817000",
      "name": "Powiat wieluński",
      "values": [
        {
          "year": "2023",
          "val": 6238.07,
          "attrId": 1
        }
      ]
    },
    {
      "id": "051011818000",
      "name": "Powiat wieruszowski",
      "values": [
        {
          "year": "2023",
          "val": 5645.7,
          "attrId": 1
        }
      ]
    },
    {
      "id": "051011819000",
      "name": "Powiat zduńskowolski",
      "values": [
        {
          "year": "2023",
          "val": 6087.95,
          "attrId": 1
        }
      ]
    },
    {
      "id": "051011902000",
      "name": "Powiat kutnowski",
      "values": [
        {
          "year": "2023",
          "val": 6598.59,
          "attrId": 1
        }
      ]
    },
    {
      "id": "051011904000",
      "name": "Powiat łęczycki",
      "values": [
        {
          "year": "2023",
          "val": 6905.17,
          "attrId": 1
        }
      ]
    },
    {
      "id": "051011905000",
      "name": "Powiat łowicki",
      "values": [
        {
          "year": "2023",
          "val": 6192.74,
          "attrId": 1
        }
      ]
    },
    {
      "id": "051011913000",
      "name": "Powiat rawski",
      "values": [
        {
          "year": "2023",
          "val": 6172.78,
          "attrId": 1
        }
      ]
    },
    {
      "id": "051011915000",
      "name": "Powiat skierniewicki",
      "values": [
        {
          "year": "2023",
          "val": 6092.92,
          "attrId": 1
        }
      ]
    },
    {
      "id": "051011963000",
      "name": "City with powiat status Skierniewice",
      "values": [
        {
          "year": "2023",
          "val": 6503.98,
          "attrId": 1
        }
      ]
    },
    {
      "id": "052615204000",
      "name": "Powiat kielecki",
      "values": [
        {
          "year": "2023",
          "val": 5989.91,
          "attrId": 1
        }
      ]
    },
    {
      "id": "052615205000",
      "name": "Powiat konecki",
      "values": [
        {
          "year": "2023",
          "val": 6106.87,
          "attrId": 1
        }
      ]
    },
    {
      "id": "052615207000",
      "name": "Powiat ostrowiecki",
      "values": [
        {
          "year": "2023",
          "val": 6179.43,
          "attrId": 1
        }
      ]
    },
    {
      "id": "052615210000",
      "name": "Powiat skarżyski",
      "values": [
        {
          "year": "2023",
          "val": 6633.92,
          "attrId": 1
        }
      ]
    },
    {
      "id": "052615211000",
      "name": "Powiat starachowicki",
      "values": [
        {
          "year": "2023",
          "val": 6426.8,
          "attrId": 1
        }
      ]
    },
    {
      "id": "052615261000",
      "name": "City with powiat status Kielce",
      "values": [
        {
          "year": "2023",
          "val": 7062.45,
          "attrId": 1
        }
      ]
    },
    {
      "id": "052615301000",
      "name": "Powiat buski",
      "values": [
        {
          "year": "2023",
          "val": 6202.45,
          "attrId": 1
        }
      ]
    },
    {
      "id": "052615302000",
      "name": "Powiat jędrzejowski",
      "values": [
        {
          "year": "2023",
          "val": 6607.59,
          "attrId": 1
        }
      ]
    },
    {
      "id": "052615303000",
      "name": "Powiat kazimierski",
      "values": [
        {
          "year": "2023",
          "val": 5821.56,
          "attrId": 1
        }
      ]
    },
    {
      "id": "052615306000",
      "name": "Powiat opatowski",
      "values": [
        {
          "year": "2023",
          "val": 5804.43,
          "attrId": 1
        }
      ]
    },
    {
      "id": "052615308000",
      "name": "Powiat pińczowski",
      "values": [
        {
          "year": "2023",
          "val": 6467.94,
          "attrId": 1
        }
      ]
    },
    {
      "id": "052615309000",
      "name": "Powiat sandomierski",
      "values": [
        {
          "year": "2023",
          "val": 6781.04,
          "attrId": 1
        }
      ]
    },
    {
      "id": "052615312000",
      "name": "Powiat staszowski",
      "values": [
        {
          "year": "2023",
          "val": 6829.75,
          "attrId": 1
        }
      ]
    },
    {
      "id": "052615313000",
      "name": "Powiat włoszczowski",
      "values": [
        {
          "year": "2023",
          "val": 6814.57,
          "attrId": 1
        }
      ]
    },
    {
      "id": "060610901000",
      "name": "Powiat bialski",
      "values": [
        {
          "year": "2023",
          "val": 5953.72,
          "attrId": 1
        }
      ]
    },
    {
      "id": "060610913000",
      "name": "Powiat parczewski",
      "values": [
        {
          "year": "2023",
          "val": 6140.77,
          "attrId": 1
        }
      ]
    },
    {
      "id": "060610915000",
      "name": "Powiat radzyński",
      "values": [
        {
          "year": "2023",
          "val": 6233.24,
          "attrId": 1
        }
      ]
    },
    {
      "id": "060610919000",
      "name": "Powiat włodawski",
      "values": [
        {
          "year": "2023",
          "val": 6000.38,
          "attrId": 1
        }
      ]
    },
    {
      "id": "060610961000",
      "name": "City with powiat status Biała Podlaska",
      "values": [
        {
          "year": "2023",
          "val": 6400.24,
          "attrId": 1
        }
      ]
    },
    {
      "id": "060611002000",
      "name": "Powiat biłgorajski",
      "values": [
        {
          "year": "2023",
          "val": 5694.27,
          "attrId": 1
        }
      ]
    },
    {
      "id": "060611003000",
      "name": "Powiat chełmski",
      "values": [
        {
          "year": "2023",
          "val": 5793.46,
          "attrId": 1
        }
      ]
    },
    {
      "id": "060611004000",
      "name": "Powiat hrubieszowski",
      "values": [
        {
          "year": "2023",
          "val": 6247.83,
          "attrId": 1
        }
      ]
    },
    {
      "id": "060611006000",
      "name": "Powiat krasnostawski",
      "values": [
        {
          "year": "2023",
          "val": 6131.62,
          "attrId": 1
        }
      ]
    },
    {
      "id": "060611018000",
      "name": "Powiat tomaszowski",
      "values": [
        {
          "year": "2023",
          "val": 5859.33,
          "attrId": 1
        }
      ]
    },
    {
      "id": "060611020000",
      "name": "Powiat zamojski",
      "values": [
        {
          "year": "2023",
          "val": 5642.09,
          "attrId": 1
        }
      ]
    },
    {
      "id": "060611062000",
      "name": "City with powiat status Chełm",
      "values": [
        {
          "year": "2023",
          "val": 6349.53,
          "attrId": 1
        }
      ]
    },
    {
      "id": "060611064000",
      "name": "City with powiat status Zamość",
      "values": [
        {
          "year": "2023",
          "val": 6679.65,
          "attrId": 1
        }
      ]
    },
    {
      "id": "060611108000",
      "name": "Powiat lubartowski",
      "values": [
        {
          "year": "2023",
          "val": 5894.65,
          "attrId": 1
        }
      ]
    },
    {
      "id": "060611109000",
      "name": "Powiat lubelski",
      "values": [
        {
          "year": "2023",
          "val": 5868.83,
          "attrId": 1
        }
      ]
    },
    {
      "id": "060611110000",
      "name": "Powiat łęczyński",
      "values": [
        {
          "year": "2023",
          "val": 10420.06,
          "attrId": 1
        }
      ]
    },
    {
      "id": "060611117000",
      "name": "Powiat świdnicki",
      "values": [
        {
          "year": "2023",
          "val": 6954.42,
          "attrId": 1
        }
      ]
    },
    {
      "id": "060611163000",
      "name": "City with powiat status Lublin",
      "values": [
        {
          "year": "2023",
          "val": 7443.57,
          "attrId": 1
        }
      ]
    },
    {
      "id": "060611205000",
      "name": "Powiat janowski",
      "values": [
        {
          "year": "2023",
          "val": 6336.93,
          "attrId": 1
        }
      ]
    },
    {
      "id": "060611207000",
      "name": "Powiat kraśnicki",
      "values": [
        {
          "year": "2023",
          "val": 5937.05,
          "attrId": 1
        }
      ]
    },
    {
      "id": "060611211000",
      "name": "Powiat łukowski",
      "values": [
        {
          "year": "2023",
          "val": 5816.88,
          "attrId": 1
        }
      ]
    },
    {
      "id": "060611212000",
      "name": "Powiat opolski",
      "values": [
        {
          "year": "2023",
          "val": 5808.93,
          "attrId": 1
        }
      ]
    },
    {
      "id": "060611214000",
      "name": "Powiat puławski",
      "values": [
        {
          "year": "2023",
          "val": 6871.29,
          "attrId": 1
        }
      ]
    },
    {
      "id": "060611216000",
      "name": "Powiat rycki",
      "values": [
        {
          "year": "2023",
          "val": 5946.05,
          "attrId": 1
        }
      ]
    },
    {
      "id": "061813301000",
      "name": "Powiat bieszczadzki",
      "values": [
        {
          "year": "2023",
          "val": 6326.11,
          "attrId": 1
        }
      ]
    },
    {
      "id": "061813302000",
      "name": "Powiat brzozowski",
      "values": [
        {
          "year": "2023",
          "val": 5779.73,
          "attrId": 1
        }
      ]
    },
    {
      "id": "061813305000",
      "name": "Powiat jasielski",
      "values": [
        {
          "year": "2023",
          "val": 6179.28,
          "attrId": 1
        }
      ]
    },
    {
      "id": "061813307000",
      "name": "Powiat krośnieński",
      "values": [
        {
          "year": "2023",
          "val": 5553.11,
          "attrId": 1
        }
      ]
    }
  ]
}
