{
  "totalRecords": 380,
  "links": {
    "first": "https://bdl.stat.gov.pl/api/v1/data/by-variable/64428?unit-level=5&year=2023&page-size=100&format=json&page=0",
    "prev": "https://bdl.stat.gov.pl/api/v1/data/by-variable/64428?unit-level=5&year=2023&page-size=100&format=json&page=0",
    "self": "https://bdl.stat.gov.pl/api/v1/data/by-variable/64428?unit-level=5&year=2023&page-size=100&format=json&page=1",
    "next": "https://bdl.stat.gov.pl/api/v1/data/by-variable/64428?unit-level=5&year=2023&page-size=100&format=json&page=2",
    "last": "https://bdl.stat.gov.pl/api/v1/data/by-variable/64428?unit-level=5&year=2023&page-size=100&format=json&page=3"
  },
  "variableId": 64428,
  "measureUnitId": 4,
  "aggregateId": 1,
  "lastUpdate": null,
  "results": [
    {
      "id": "023016031000",
      "name": "Powiat złotowski",
      "values": [
        {
          "year": "2023",
          "val": 5550.19,
          "attrId": 1
        }
      ]
    },
    {
      "id": "023016116000",
      "name": "Powiat obornicki",
      "values": [
        {
          "year": "2023",
          "val": 6446.61,
          "attrId": 1
        }
      ]
    },
    {
      "id": "023016121000",
      "name": "Powiat poznański",
      "values": [
        {
          "year": "2023",
          "val": 6458,
          "attrId": 1
        }
      ]
    },
    {
      "id": "023016124000",
      "name": "Powiat szamotulski",
      "values": [
        {
          "year": "2023",
          "val": 6930.64,
          "attrId": 1
        }
      ]
    },
    {
      "id": "023016125000",
      "name": "Powiat średzki",
      "values": [
        {
          "year": "2023",
          "val": 6736.22,
          "attrId": 1
        }
      ]
    },
    {
      "id": "023016126000",
      "name": "Powiat śremski",
      "values": [
        {
          "year": "2023",
          "val": 6062.53,
          "attrId": 1
        }
      ]
    },
    {
      "id": "023016264000",
      "name": "City with powiat status Poznań",
      "values": [
        {
          "year": "2023",
          "val": 8303.38,
          "attrId": 1
        }
      ]
    },
    {
      "id": "023216301000",
      "name": "Powiat białogardzki",
      "values": [
        {
          "year": "2023",
          "val": 6472.12,
          "attrId": 1
        }
      ]
    },
    {
      "id": "023216308000",
      "name": "Powiat kołobrzeski",
      "values": [
        {
          "year": "2023",
          "val": 6427.16,
          "attrId": 1
        }
      ]
    },
    {
      "id": "023216309000",
      "name": "Powiat koszaliński",
      "values": [
        {
          "year": "2023",
          "val": 6355.69,
          "attrId": 1
        }
      ]
    },
    {
      "id": "023216313000",
      "name": "Powiat sławieński",
      "values": [
        {
          "year": "2023",
          "val": 5911.21,
          "attrId": 1
        }
      ]
    },
    {
      "id": "023216361000",
      "name": "City with powiat status Koszalin",
      "values": [
        {
          "year": "2023",
          "val": 6828.27,
          "attrId": 1
        }
      ]
    },
    {
      "id": "023216402000",
      "name": "Powiat choszczeński",
      "values": [
        {
          "year": "2023",
          "val": 6256.58,
          "attrId": 1
        }
      ]
    },
    {
      "id": "023216403000",
      "name": "Powiat drawski",
      "values": [
        {
          "year": "2023",
          "val": 6073.21,
          "attrId": 1
        }
      ]
    },
    {
      "id": "023216410000",
      "name": "Powiat myśliborski",
      "values": [
        {
          "year": "2023",
          "val": 6403.68,
          "attrId": 1
        }
      ]
    },
    {
      "id": "023216412000",
      "name": "Powiat pyrzycki",
      "values": [
        {
          "year": "2023",
          "val": 6341.32,
          "attrId": 1
        }
      ]
    },
    {
      "id": "023216415000",
      "name": "Powiat szczecinecki",
      "values": [
        {
          "year": "2023",
          "val": 6474.24,
          "attrId": 1
        }
      ]
    },
    {
      "id": "023216416000",
      "name": "Powiat świdwiński",
      "values": [
        {
          "year": "2023",
          "val": 6050.51,
          "attrId": 1
        }
      ]
    },
    {
      "id": "023216417000",
      "name": "Powiat wałecki",
      "values": [
        {
          "year": "2023",
          "val": 6651.3,
          "attrId": 1
        }
      ]
    },
    {
      "id": "023216418000",
      "name": "Powiat łobeski",
      "values": [
        {
          "year": "2023",
          "val": 6257.92,
          "attrId": 1
        }
      ]
    },
    {
      "id": "023216562000",
      "name": "City with powiat status Szczecin",
      "values": [
        {
          "year": "2023",
          "val": 7933.31,
          "attrId": 1
        }
      ]
    },
    {
      "id": "023216604000",
      "name": "Powiat goleniowski",
      "values": [
        {
          "year": "2023",
          "val": 6734.89,
          "attrId": 1
        }
      ]
    },
    {
      "id": "023216605000",
      "name": "Powiat gryficki",
      "values": [
        {
          "year": "2023",
          "val": 6157.01,
          "attrId": 1
        }
      ]
    },
    {
      "id": "023216606000",
      "name": "Powiat gryfiński",
      "values": [
        {
          "year": "2023",
          "val": 6665.53,
          "attrId": 1
        }
      ]
    },
    {
      "id": "023216607000",
      "name": "Powiat kamieński",
      "values": [
        {
          "year": "2023",
          "val": 6058.19,
          "attrId": 1
        }
      ]
    },
    {
      "id": "023216611000",
      "name": "Powiat policki",
      "values": [
        {
          "year": "2023",
          "val": 7366.79,
          "attrId": 1
        }
      ]
    },
    {
      "id": "023216614000",
      "name": "Powiat stargardzki",
      "values": [
        {
          "year": "2023",
          "val": 6404.24,
          "attrId": 1
        }
      ]
    },
    {
      "id": "023216663000",
      "name": "City with powiat status Świnoujście",
      "values": [
        {
          "year": "2023",
          "val": 6847.78,
          "attrId": 1
        }
      ]
    },
    {
      "id": "030210101000",
      "name": "Powiat bolesławiecki",
      "values": [
        {
          "year": "2023",
          "val": 6871.28,
          "attrId": 1
        }
      ]
    },
    {
      "id": "030210105000",
      "name": "Powiat jaworski",
      "values": [
        {
          "year": "2023",
          "val": 7059.41,
          "attrId": 1
        }
      ]
    },
    {
      "id": "030210106000",
      "name": "Powiat karkonoski",
      "values": [
        {
          "year": "2023",
          "val": 6287.2,
          "attrId": 1
        }
      ]
    },
    {
      "id": "030210107000",
      "name": "Powiat kamiennogórski",
      "values": [
        {
          "year": "2023",
          "val": 6213.96,
          "attrId": 1
        }
      ]
    },
    {
      "id": "030210110000",
      "name": "Powiat lubański",
      "values": [
        {
          "year": "2023",
          "val": 6215.31,
          "attrId": 1
        }
      ]
    },
    {
      "id": "030210112000",
      "name": "Powiat lwówecki",
      "values": [
        {
          "year": "2023",
          "val": 6194.99,
          "attrId": 1
        }
      ]
    },
    {
      "id": "030210125000",
      "name": "Powiat zgorzelecki",
      "values": [
        {
          "year": "2023",
          "val": 6812.01,
          "attrId": 1
        }
      ]
    },
    {
      "id": "030210126000",
      "name": "Powiat złotoryjski",
      "values": [
        {
          "year": "2023",
          "val": 7310.37,
          "attrId": 1
        }
      ]
    },
    {
      "id": "030210161000",
      "name": "City with powiat status Jelenia Góra",
      "values": [
        {
          "year": "2023",
          "val": 7101.35,
          "attrId": 1
        }
      ]
    },
    {
      "id": "030210203000",
      "name": "Powiat głogowski",
      "values": [
        {
          "year": "2023",
          "val": 6660,
          "attrId": 1
        }
      ]
    },
    {
      "id": "030210204000",
      "name": "Powiat górowski",
      "values": [
        {
          "year": "2023",
          "val": 6060.11,
          "attrId": 1
        }
      ]
    },
    {
      "id": "030210209000",
      "name": "Powiat legnicki",
      "values": [
        {
          "year": "2023",
          "val": 6977.28,
          "attrId": 1
        }
      ]
    },
    {
      "id": "030210211000",
      "name": "Powiat lubiński",
      "values": [
        {
          "year": "2023",
          "val": 12804.03,
          "attrId": 1
        }
      ]
    },
    {
      "id": "030210216000",
      "name": "Powiat polkowicki",
      "values": [
        {
          "year": "2023",
          "val": 7764.33,
          "attrId": 1
        }
      ]
    },
    {
      "id": "030210262000",
      "name": "City with powiat status Legnica",
      "values": [
        {
          "year": "2023",
          "val": 6901.05,
          "attrId": 1
        }
      ]
    },
    {
      "id": "030210302000",
      "name": "Powiat dzierżoniowski",
      "values": [
        {
          "year": "2023",
          "val": 6459.49,
          "attrId": 1
        }
      ]
    },
    {
      "id": "030210308000",
      "name": "Powiat kłodzki",
      "values": [
        {
          "year": "2023",
          "val": 6527.23,
          "attrId": 1
        }
      ]
    },
    {
      "id": "030210319000",
      "name": "Powiat świdnicki",
      "values": [
        {
          "year": "2023",
          "val": 6764.59,
          "attrId": 1
        }
      ]
    },
    {
      "id": "030210321000",
      "name": "Powiat wałbrzyski",
      "values": [
        {
          "year": "2023",
          "val": 6099.58,
          "attrId": 1
        }
      ]
    },
    {
      "id": "030210324000",
      "name": "Powiat ząbkowicki",
      "values": [
        {
          "year": "2023",
          "val": 6223.41,
          "attrId": 1
        }
      ]
    },
    {
      "id": "030210365000",
      "name": "City with powiat status Wałbrzych since 2013",
      "values": [
        {
          "year": "2023",
          "val": 7584.09,
          "attrId": 1
        }
      ]
    },
    {
      "id": "030210413000",
      "name": "Powiat milicki",
      "values": [
        {
          "year": "2023",
          "val": 6083.81,
          "attrId": 1
        }
      ]
    },
    {
      "id": "030210414000",
      "name": "Powiat oleśnicki",
      "values": [
        {
          "year": "2023",
          "val": 6496,
          "attrId": 1
        }
      ]
    },
    {
      "id": "030210415000",
      "name": "Powiat oławski",
      "values": [
        {
          "year": "2023",
          "val": 6871.32,
          "attrId": 1
        }
      ]
    },
    {
      "id": "030210417000",
      "name": "Powiat strzeliński",
      "values": [
        {
          "year": "2023",
          "val": 7147.32,
          "attrId": 1
        }
      ]
    },
    {
      "id": "030210418000",
      "name": "Powiat średzki",
      "values": [
        {
          "year": "2023",
          "val": 7322.95,
          "attrId": 1
        }
      ]
    },
    {
      "id": "030210420000",
      "name": "Powiat trzebnicki",
      "values": [
        {
          "year": "2023",
          "val": 6743.32,
          "attrId": 1
        }
      ]
    },
    {
      "id": "030210422000",
      "name": "Powiat wołowski",
      "values": [
        {
          "year": "2023",
          "val": 7922.52,
          "attrId": 1
        }
      ]
    },
    {
      "id": "030210423000",
      "name": "Powiat wrocławski",
      "values": [
        {
          "year": "2023",
          "val": 8214.48,
          "attrId": 1
        }
      ]
    },
    {
      "id": "030210564000",
      "name": "City with powiat status Wrocław",
      "values": [
        {
          "year": "2023",
          "val": 8334.84,
          "attrId": 1
        }
      ]
    },
    {
      "id": "031613101000",
      "name": "Powiat brzeski",
      "values": [
        {
          "year": "2023",
          "val": 6555.17,
          "attrId": 1
        }
      ]
    },
    {
      "id": "031613102000",
      "name": "Powiat głubczycki",
      "values": [
        {
          "year": "2023",
          "val": 6876.31,
          "attrId": 1
        }
      ]
    },
    {
      "id": "031613106000",
      "name": "Powiat namysłowski",
      "values": [
        {
          "year": "2023",
          "val": 6620.13,
          "attrId": 1
        }
      ]
    },
    {
      "id": "031613107000",
      "name": "Powiat nyski",
      "values": [
        {
          "year": "2023",
          "val": 6422.66,
          "attrId": 1
        }
      ]
    },
    {
      "id": "031613110000",
      "name": "Powiat prudnicki",
      "values": [
        {
          "year": "2023",
          "val": 6491.85,
          "attrId": 1
        }
      ]
    },
    {
      "id": "031613203000",
      "name": "Powiat kędzierzyńsko-kozielski",
      "values": [
        {
          "year": "2023",
          "val": 7528.75,
          "attrId": 1
        }
      ]
    },
    {
      "id": "031613204000",
      "name": "Powiat kluczborski",
      "values": [
        {
          "year": "2023",
          "val": 6450.59,
          "attrId": 1
        }
      ]
    },
    {
      "id": "031613205000",
      "name": "Powiat krapkowicki",
      "values": [
        {
          "year": "2023",
          "val": 7254.86,
          "attrId": 1
        }
      ]
    },
    {
      "id": "031613208000",
      "name": "Powiat oleski",
      "values": [
        {
          "year": "2023",
          "val": 6255.53,
          "attrId": 1
        }
      ]
    },
    {
      "id": "031613209000",
      "name": "Powiat opolski",
      "values": [
        {
          "year": "2023",
          "val": 6431.26,
          "attrId": 1
        }
      ]
    },
    {
      "id": "031613211000",
      "name": "Powiat strzelecki",
      "values": [
        {
          "year": "2023",
          "val": 6878.52,
          "attrId": 1
        }
      ]
    },
    {
      "id": "031613261000",
      "name": "City with powiat status Opole",
      "values": [
        {
          "year": "2023",
          "val": 7516.59,
          "attrId": 1
        }
      ]
    },
    {
      "id": "040410603000",
      "name": "Powiat bydgoski",
      "values": [
        {
          "year": "2023",
          "val": 6461.57,
          "attrId": 1
        }
      ]
    },
    {
      "id": "040410615000",
      "name": "Powiat toruński",
      "values": [
        {
          "year": "2023",
          "val": 6185.35,
          "attrId": 1
        }
      ]
    },
    {
      "id": "040410661000",
      "name": "City with powiat status Bydgoszcz",
      "values": [
        {
          "year": "2023",
          "val": 7478.19,
          "attrId": 1
        }
      ]
    },
    {
      "id": "040410663000",
      "name": "City with powiat status Toruń",
      "values": [
        {
          "year": "2023",
          "val": 7308.74,
          "attrId": 1
        }
      ]
    },
    {
      "id": "040410702000",
      "name": "Powiat brodnicki",
      "values": [
        {
          "year": "2023",
          "val": 5919.35,
          "attrId": 1
        }
      ]
    },
    {
      "id": "040410704000",
      "name": "Powiat chełmiński",
      "values": [
        {
          "year": "2023",
          "val": 5970.02,
          "attrId": 1
        }
      ]
    },
    {
      "id": "040410705000",
      "name": "Powiat golubsko-dobrzyński",
      "values": [
        {
          "year": "2023",
          "val": 6678.54,
          "attrId": 1
        }
      ]
    },
    {
      "id": "040410706000",
      "name": "Powiat grudziądzki",
      "values": [
        {
          "year": "2023",
          "val": 6220.48,
          "attrId": 1
        }
      ]
    },
    {
      "id": "040410712000",
      "name": "Powiat rypiński",
      "values": [
        {
          "year": "2023",
          "val": 5844.89,
          "attrId": 1
        }
      ]
    },
    {
      "id": "040410717000",
      "name": "Powiat wąbrzeski",
      "values": [
        {
          "year": "2023",
          "val": 6249.49,
          "attrId": 1
        }
      ]
    },
    {
      "id": "040410762000",
      "name": "City with powiat status Grudziądz",
      "values": [
        {
          "year": "2023",
          "val": 6034.07,
          "attrId": 1
        }
      ]
    },
    {
      "id": "040410801000",
      "name": "Powiat aleksandrowski",
      "values": [
        {
          "year": "2023",
          "val": 6019.18,
          "attrId": 1
        }
      ]
    },
    {
      "id": "040410808000",
      "name": "Powiat lipnowski",
      "values": [
        {
          "year": "2023",
          "val": 5658.46,
          "attrId": 1
        }
      ]
    },
    {
      "id": "040410811000",
      "name": "Powiat radziejowski",
      "values": [
        {
          "year": "2023",
          "val": 6076.36,
          "attrId": 1
        }
      ]
    },
    {
      "id": "040410818000",
      "name": "Powiat włocławski",
      "values": [
        {
          "year": "2023",
          "val": 5925.34,
          "attrId": 1
        }
      ]
    },
    {
      "id": "040410864000",
      "name": "City with powiat status Włocławek",
      "values": [
        {
          "year": "2023",
          "val": 6687.25,
          "attrId": 1
        }
      ]
    },
    {
      "id": "040416707000",
      "name": "Powiat inowrocławski",
      "values": [
        {
          "year": "2023",
          "val": 6449.06,
          "attrId": 1
        }
      ]
    },
    {
      "id": "040416709000",
      "name": "Powiat mogileński",
      "values": [
        {
          "year": "2023",
          "val": 6386.99,
          "attrId": 1
        }
      ]
    },
    {
      "id": "040416710000",
      "name": "Powiat nakielski",
      "values": [
        {
          "year": "2023",
          "val": 6603.55,
          "attrId": 1
        }
      ]
    },
    {
      "id": "040416719000",
      "name": "Powiat żniński",
      "values": [
        {
          "year": "2023",
          "val": 5985.65,
          "attrId": 1
        }
      ]
    },
    {
      "id": "040416813000",
      "name": "Powiat sępoleński",
      "values": [
        {
          "year": "2023",
          "val": 5892.07,
          "attrId": 1
        }
      ]
    },
    {
      "id": "040416814000",
      "name": "Powiat świecki",
      "values": [
        {
          "year": "2023",
          "val": 6561.15,
          "attrId": 1
        }
      ]
    },
    {
      "id": "040416816000",
      "name": "Powiat tucholski",
      "values": [
        {
          "year": "2023",
          "val": 5840.11,
          "attrId": 1
        }
      ]
    },
    {
      "id": "042214004000",
      "name": "Powiat gdański",
      "values": [
        {
          "year": "2023",
          "val": 6959.38,
          "attrId": 1
        }
      ]
    },
    {
      "id": "042214005000",
      "name": "Powiat kartuski",
      "values": [
        {
          "year": "2023",
          "val": 6298.93,
          "attrId": 1
        }
      ]
    },
    {
      "id": "042214010000",
      "name": "Powiat nowodworski",
      "values": [
        {
          "year": "2023",
          "val": 6456.26,
          "attrId": 1
        }
      ]
    },
    {
      "id": "042214011000",
      "name": "Powiat pucki",
      "values": [
        {
          "year": "2023",
          "val": 6686.91,
          "attrId": 1
        }
      ]
    },
    {
      "id": "042214015000",
      "name": "Powiat wejherowski",
      "values": [
        {
          "year": "2023",
          "val": 6276.9,
          "attrId": 1
        }
      ]
    },
    {
      "id": "042214101000",
      "name": "Powiat bytowski",
      "values": [
        {
          "year": "2023",
          "val": 6650.73,
          "attrId": 1
        }
      ]
    },
    {
      "id": "042214108000",
      "name": "Powiat lęborski",
      "values": [
        {
          "year": "2023",
          "val": 6600.16,
          "attrId": 1
        }
      ]
    }
  ]
}
