{
  "totalRecords": 380,
  "links": {
    "first": "https://bdl.stat.gov.pl/api/v1/data/by-variable/64428?unit-level=5&year=2023&page-size=100&format=json&page=0",
    "prev": "https://bdl.stat.gov.pl/api/v1/data/by-variable/64428?unit-level=5&year=2023&page-size=100&format=json&page=2",
    "self": "https://bdl.stat.gov.pl/api/v1/data/by-variable/64428?unit-level=5&year=2023&page-size=100&format=json&page=3",
    "last": "https://bdl.stat.gov.pl/api/v1/data/by-variable/64428?unit-level=5&year=2023&page-size=100&format=json&page=3"
  },
  "variableId": 64428,
  "measureUnitId": 4,
  "aggregateId": 1,
  "lastUpdate": null,
  "results": [
    {
      "id": "061813317000",
      "name": "Powiat sanocki",
      "values": [
        {
          "year": "2023",
          "val": 6027.66,
          "attrId": 1
        }
      ]
    },
    {
      "id": "061813321000",
      "name": "Powiat leski",
      "values": [
        {
          "year": "2023",
          "val": 6434.16,
          "attrId": 1
        }
      ]
    },
    {
      "id": "061813361000",
      "name": "City with powiat status Krosno",
      "values": [
        {
          "year": "2023",
          "val": 6135.13,
          "attrId": 1
        }
      ]
    },
    {
      "id": "061813404000",
      "name": "Powiat jarosławski",
      "values": [
        {
          "year": "2023",
          "val": 6081.53,
          "attrId": 1
        }
      ]
    },
    {
      "id": "061813409000",
      "name": "Powiat lubaczowski",
      "values": [
        {
          "year": "2023",
          "val": 5984.93,
          "attrId": 1
        }
      ]
    },
    {
      "id": "061813413000",
      "name": "Powiat przemyski",
      "values": [
        {
          "year": "2023",
          "val": 5709,
          "attrId": 1
        }
      ]
    },
    {
      "id": "061813414000",
      "name": "Powiat przeworski",
      "values": [
        {
          "year": "2023",
          "val": 5818.63,
          "attrId": 1
        }
      ]
    },
    {
      "id": "061813462000",
      "name": "City with powiat status Przemyśl",
      "values": [
        {
          "year": "2023",
          "val": 6251.54,
          "attrId": 1
        }
      ]
    },
    {
      "id": "061813506000",
      "name": "Powiat kolbuszowski",
      "values": [
        {
          "year": "2023",
          "val": 5770.9,
          "attrId": 1
        }
      ]
    },
    {
      "id": "061813510000",
      "name": "Powiat łańcucki",
      "values": [
        {
          "year": "2023",
          "val": 5930.62,
          "attrId": 1
        }
      ]
    },
    {
      "id": "061813515000",
      "name": "Powiat ropczycko-sędziszowski",
      "values": [
        {
          "year": "2023",
          "val": 6169.8,
          "attrId": 1
        }
      ]
    },
    {
      "id": "061813516000",
      "name": "Powiat rzeszowski",
      "values": [
        {
          "year": "2023",
          "val": 6505.42,
          "attrId": 1
        }
      ]
    },
    {
      "id": "061813519000",
      "name": "Powiat strzyżowski",
      "values": [
        {
          "year": "2023",
          "val": 5641.69,
          "attrId": 1
        }
      ]
    },
    {
      "id": "061813563000",
      "name": "City with powiat status Rzeszów",
      "values": [
        {
          "year": "2023",
          "val": 7428.94,
          "attrId": 1
        }
      ]
    },
    {
      "id": "061813603000",
      "name": "Powiat dębicki",
      "values": [
        {
          "year": "2023",
          "val": 6182.14,
          "attrId": 1
        }
      ]
    },
    {
      "id": "061813608000",
      "name": "Powiat leżajski",
      "values": [
        {
          "year": "2023",
          "val": 6013.13,
          "attrId": 1
        }
      ]
    },
    {
      "id": "061813611000",
      "name": "Powiat mielecki",
      "values": [
        {
          "year": "2023",
          "val": 6434.27,
          "attrId": 1
        }
      ]
    },
    {
      "id": "061813612000",
      "name": "Powiat niżański",
      "values": [
        {
          "year": "2023",
          "val": 5686.54,
          "attrId": 1
        }
      ]
    },
    {
      "id": "061813618000",
      "name": "Powiat stalowowolski",
      "values": [
        {
          "year": "2023",
          "val": 6705.72,
          "attrId": 1
        }
      ]
    },
    {
      "id": "061813620000",
      "name": "Powiat tarnobrzeski",
      "values": [
        {
          "year": "2023",
          "val": 6404.66,
          "attrId": 1
        }
      ]
    },
    {
      "id": "061813664000",
      "name": "City with powiat status Tarnobrzeg",
      "values": [
        {
          "year": "2023",
          "val": 6266.91,
          "attrId": 1
        }
      ]
    },
    {
      "id": "062013702000",
      "name": "Powiat białostocki",
      "values": [
        {
          "year": "2023",
          "val": 6296.44,
          "attrId": 1
        }
      ]
    },
    {
      "id": "062013711000",
      "name": "Powiat sokólski",
      "values": [
        {
          "year": "2023",
          "val": 6226.76,
          "attrId": 1
        }
      ]
    },
    {
      "id": "062013761000",
      "name": "City with powiat status Białystok",
      "values": [
        {
          "year": "2023",
          "val": 7089.31,
          "attrId": 1
        }
      ]
    },
    {
      "id": "062013803000",
      "name": "Powiat bielski",
      "values": [
        {
          "year": "2023",
          "val": 7541.54,
          "attrId": 1
        }
      ]
    },
    {
      "id": "062013805000",
      "name": "Powiat hajnowski",
      "values": [
        {
          "year": "2023",
          "val": 6831.47,
          "attrId": 1
        }
      ]
    },
    {
      "id": "062013806000",
      "name": "Powiat kolneński",
      "values": [
        {
          "year": "2023",
          "val": 6250.52,
          "attrId": 1
        }
      ]
    },
    {
      "id": "062013807000",
      "name": "Powiat łomżyński",
      "values": [
        {
          "year": "2023",
          "val": 7019.38,
          "attrId": 1
        }
      ]
    },
    {
      "id": "062013810000",
      "name": "Powiat siemiatycki",
      "values": [
        {
          "year": "2023",
          "val": 6192.78,
          "attrId": 1
        }
      ]
    },
    {
      "id": "062013813000",
      "name": "Powiat wysokomazowiecki",
      "values": [
        {
          "year": "2023",
          "val": 6748.3,
          "attrId": 1
        }
      ]
    },
    {
      "id": "062013814000",
      "name": "Powiat zambrowski",
      "values": [
        {
          "year": "2023",
          "val": 6505.09,
          "attrId": 1
        }
      ]
    },
    {
      "id": "062013862000",
      "name": "City with powiat status Łomża",
      "values": [
        {
          "year": "2023",
          "val": 6702.05,
          "attrId": 1
        }
      ]
    },
    {
      "id": "062013901000",
      "name": "Powiat augustowski",
      "values": [
        {
          "year": "2023",
          "val": 6705.11,
          "attrId": 1
        }
      ]
    },
    {
      "id": "062013904000",
      "name": "Powiat grajewski",
      "values": [
        {
          "year": "2023",
          "val": 6782.16,
          "attrId": 1
        }
      ]
    },
    {
      "id": "062013908000",
      "name": "Powiat moniecki",
      "values": [
        {
          "year": "2023",
          "val": 6314.59,
          "attrId": 1
        }
      ]
    },
    {
      "id": "062013909000",
      "name": "Powiat sejneński",
      "values": [
        {
          "year": "2023",
          "val": 7487.35,
          "attrId": 1
        }
      ]
    },
    {
      "id": "062013912000",
      "name": "Powiat suwalski",
      "values": [
        {
          "year": "2023",
          "val": 6099.96,
          "attrId": 1
        }
      ]
    },
    {
      "id": "062013963000",
      "name": "City with powiat status Suwałki",
      "values": [
        {
          "year": "2023",
          "val": 6329.52,
          "attrId": 1
        }
      ]
    },
    {
      "id": "071412865000",
      "name": "City with powiat status Capital City Warszawa",
      "values": [
        {
          "year": "2023",
          "val": 9625.74,
          "attrId": 1
        }
      ]
    },
    {
      "id": "071412908000",
      "name": "Powiat legionowski",
      "values": [
        {
          "year": "2023",
          "val": 6827.81,
          "attrId": 1
        }
      ]
    },
    {
      "id": "071412912000",
      "name": "Powiat miński",
      "values": [
        {
          "year": "2023",
          "val": 6445.47,
          "attrId": 1
        }
      ]
    },
    {
      "id": "071412917000",
      "name": "Powiat otwocki",
      "values": [
        {
          "year": "2023",
          "val": 7241.67,
          "attrId": 1
        }
      ]
    },
    {
      "id": "071412934000",
      "name": "Powiat wołomiński",
      "values": [
        {
          "year": "2023",
          "val": 6910.12,
          "attrId": 1
        }
      ]
    },
    {
      "id": "071413005000",
      "name": "Powiat grodziski",
      "values": [
        {
          "year": "2023",
          "val": 7897.77,
          "attrId": 1
        }
      ]
    },
    {
      "id": "071413014000",
      "name": "Powiat nowodworski",
      "values": [
        {
          "year": "2023",
          "val": 8250.46,
          "attrId": 1
        }
      ]
    },
    {
      "id": "071413018000",
      "name": "Powiat piaseczyński",
      "values": [
        {
          "year": "2023",
          "val": 7302.29,
          "attrId": 1
        }
      ]
    },
    {
      "id": "071413021000",
      "name": "Powiat pruszkowski",
      "values": [
        {
          "year": "2023",
          "val": 8411.3,
          "attrId": 1
        }
      ]
    },
    {
      "id": "071413032000",
      "name": "Powiat warszawski zachodni",
      "values": [
        {
          "year": "2023",
          "val": 7981.78,
          "attrId": 1
        }
      ]
    },
    {
      "id": "071422502000",
      "name": "Powiat ciechanowski",
      "values": [
        {
          "year": "2023",
          "val": 6842.35,
          "attrId": 1
        }
      ]
    },
    {
      "id": "071422513000",
      "name": "Powiat mławski",
      "values": [
        {
          "year": "2023",
          "val": 6083.27,
          "attrId": 1
        }
      ]
    },
    {
      "id": "071422520000",
      "name": "Powiat płoński",
      "values": [
        {
          "year": "2023",
          "val": 6421.42,
          "attrId": 1
        }
      ]
    },
    {
      "id": "071422524000",
      "name": "Powiat pułtuski",
      "values": [
        {
          "year": "2023",
          "val": 6240.56,
          "attrId": 1
        }
      ]
    },
    {
      "id": "071422537000",
      "name": "Powiat żuromiński",
      "values": [
        {
          "year": "2023",
          "val": 6064.88,
          "attrId": 1
        }
      ]
    },
    {
      "id": "071422611000",
      "name": "Powiat makowski",
      "values": [
        {
          "year": "2023",
          "val": 6268.57,
          "attrId": 1
        }
      ]
    },
    {
      "id": "071422615000",
      "name": "Powiat ostrołęcki",
      "values": [
        {
          "year": "2023",
          "val": 6381.43,
          "attrId": 1
        }
      ]
    },
    {
      "id": "071422616000",
      "name": "Powiat ostrowski",
      "values": [
        {
          "year": "2023",
          "val": 6304.42,
          "attrId": 1
        }
      ]
    },
    {
      "id": "071422622000",
      "name": "Powiat przasnyski",
      "values": [
        {
          "year": "2023",
          "val": 6316.92,
          "attrId": 1
        }
      ]
    },
    {
      "id": "071422635000",
      "name": "Powiat wyszkowski",
      "values": [
        {
          "year": "2023",
          "val": 6264.25,
          "attrId": 1
        }
      ]
    },
    {
      "id": "071422661000",
      "name": "City with powiat status Ostrołęka",
      "values": [
        {
          "year": "2023",
          "val": 7571.74,
          "attrId": 1
        }
      ]
    },
    {
      "id": "071422701000",
      "name": "Powiat białobrzeski",
      "values": [
        {
          "year": "2023",
          "val": 6300.44,
          "attrId": 1
        }
      ]
    },
    {
      "id": "071422707000",
      "name": "Powiat kozienicki",
      "values": [
        {
          "year": "2023",
          "val": 8404.56,
          "attrId": 1
        }
      ]
    },
    {
      "id": "071422709000",
      "name": "Powiat lipski",
      "values": [
        {
          "year": "2023",
          "val": 6451.23,
          "attrId": 1
        }
      ]
    },
    {
      "id": "071422723000",
      "name": "Powiat przysuski",
      "values": [
        {
          "year": "2023",
          "val": 6436.32,
          "attrId": 1
        }
      ]
    },
    {
      "id": "071422725000",
      "name": "Powiat radomski",
      "values": [
        {
          "year": "2023",
          "val": 6042.37,
          "attrId": 1
        }
      ]
    },
    {
      "id": "071422730000",
      "name": "Powiat szydłowiecki",
      "values": [
        {
          "year": "2023",
          "val": 5841.38,
          "attrId": 1
        }
      ]
    },
    {
      "id": "071422736000",
      "name": "Powiat zwoleński",
      "values": [
        {
          "year": "2023",
          "val": 6376.01,
          "attrId": 1
        }
      ]
    },
    {
      "id": "071422763000",
      "name": "City with powiat status Radom",
      "values": [
        {
          "year": "2023",
          "val": 7041.6,
          "attrId": 1
        }
      ]
    },
    {
      "id": "071427004000",
      "name": "Powiat gostyniński",
      "values": [
        {
          "year": "2023",
          "val": 6601.43,
          "attrId": 1
        }
      ]
    },
    {
      "id": "071427019000",
      "name": "Powiat płocki",
      "values": [
        {
          "year": "2023",
          "val": 6536.77,
          "attrId": 1
        }
      ]
    },
    {
      "id": "071427027000",
      "name": "Powiat sierpecki",
      "values": [
        {
          "year": "2023",
          "val": 6219.27,
          "attrId": 1
        }
      ]
    },
    {
      "id": "071427062000",
      "name": "City with powiat status Płock",
      "values": [
        {
          "year": "2023",
          "val": 9151.56,
          "attrId": 1
        }
      ]
    },
    {
      "id": "071427103000",
      "name": "Powiat garwoliński",
      "values": [
        {
          "year": "2023",
          "val": 6409.48,
          "attrId": 1
        }
      ]
    },
    {
      "id": "071427110000",
      "name": "Powiat łosicki",
      "values": [
        {
          "year": "2023",
          "val": 6090.84,
          "attrId": 1
        }
      ]
    },
    {
      "id": "071427126000",
      "name": "Powiat siedlecki",
      "values": [
        {
          "year": "2023",
          "val": 6084.48,
          "attrId": 1
        }
      ]
    },
    {
      "id": "071427129000",
      "name": "Powiat sokołowski",
      "values": [
        {
          "year": "2023",
          "val": 6368.58,
          "attrId": 1
        }
      ]
    },
    {
      "id": "071427133000",
      "name": "Powiat węgrowski",
      "values": [
        {
          "year": "2023",
          "val": 6615.26,
          "attrId": 1
        }
      ]
    },
    {
      "id": "071427164000",
      "name": "City with powiat status Siedlce",
      "values": [
        {
          "year": "2023",
          "val": 7024.63,
          "attrId": 1
        }
      ]
    },
    {
      "id": "071427306000",
      "name": "Powiat grójecki",
      "values": [
        {
          "year": "2023",
          "val": 6985.39,
          "attrId": 1
        }
      ]
    },
    {
      "id": "071427328000",
      "name": "Powiat sochaczewski",
      "values": [
        {
          "year": "2023",
          "val": 7733.67,
          "attrId": 1
        }
      ]
    },
    {
      "id": "071427338000",
      "name": "Powiat żyrardowski",
      "values": [
        {
          "year": "2023",
          "val": 7232.39,
          "attrId": 1
        }
      ]
    }
  ]
}
