{"totalRecords":4157,"page":10,"pageSize":100,"links":{"first":"https://bdl.stat.gov.pl/api/v1/units?level=6&page-size=100&format=json&page=0","prev":"https://bdl.stat.gov.pl/api/v1/units?level=6&page-size=100&format=json&page=9","self":"https://bdl.stat.gov.pl/api/v1/units?level=6&page-size=100&format=json&page=10","next":"https://bdl.stat.gov.pl/api/v1/units?level=6&page-size=100&format=json&page=11","last":"https://bdl.stat.gov.pl/api/v1/units?level=6&page-size=100&format=json&page=41"},"results":[{"id":"023016019034","name":"Kaczory - miasto","parentId":"023016019033","level":6,"kind":"4","hasDescription":true},{"id":"023016019035","name":"Kaczory - obszar wiejski","parentId":"023016019033","level":6,"kind":"5","hasDescription":true},{"id":"023016019043","name":"Łobżenica","parentId":"023016019000","level":6,"kind":"3","hasDescription":false},{"id":"023016019044","name":"Łobżenica - miasto","parentId":"023016019043","level":6,"kind":"4","hasDescription":false},{"id":"023016019045","name":"Łobżenica - obszar wiejski","parentId":"023016019043","level":6,"kind":"5","hasDescription":false},{"id":"023016019052","name":"Miasteczko Krajeńskie","parentId":"023016019000","level":6,"kind":"2","hasDescription":true},{"id":"023016019053","name":"Miasteczko Krajeńskie","parentId":"023016019000","level":6,"kind":"3","hasDescription":true},{"id":"023016019054","name":"Miasteczko Krajeńskie - miasto","parentId":"023016019053","level":6,"kind":"4","hasDescription":true},{"id":"023016019055","name":"Miasteczko Krajeńskie - obszar wiejski","parentId":"023016019053","level":6,"kind":"5","hasDescription":true},{"id":"023016019062","name":"Szydłowo","parentId":"023016019000","level":6,"kind":"2","hasDescription":false},{"id":"023016019073","name":"Ujście","parentId":"023016019000","level":6,"kind":"3","hasDescription":false},{"id":"023016019074","name":"Ujście - miasto","parentId":"023016019073","level":6,"kind":"4","hasDescription":false},{"id":"023016019075","name":"Ujście - obszar wiejski","parentId":"023016019073","level":6,"kind":"5","hasDescription":false},{"id":"023016019083","name":"Wyrzysk","parentId":"023016019000","level":6,"kind":"3","hasDescription":false},{"id":"023016019084","name":"Wyrzysk - miasto","parentId":"023016019083","level":6,"kind":"4","hasDescription":false},{"id":"023016019085","name":"Wyrzysk - obszar wiejski","parentId":"023016019083","level":6,"kind":"5","hasDescription":false},{"id":"023016019093","name":"Wysoka","parentId":"023016019000","level":6,"kind":"3","hasDescription":false},{"id":"023016019094","name":"Wysoka - miasto","parentId":"023016019093","level":6,"kind":"4","hasDescription":false},{"id":"023016019095","name":"Wysoka - obszar wiejski","parentId":"023016019093","level":6,"kind":"5","hasDescription":false},{"id":"023016028011","name":"Wągrowiec","parentId":"023016028000","level":6,"kind":"1","hasDescription":false},{"id":"023016028022","name":"Damasławek","parentId":"023016028000","level":6,"kind":"2","hasDescription":false},{"id":"023016028033","name":"Gołańcz","parentId":"023016028000","level":6,"kind":"3","hasDescription":false},{"id":"023016028034","name":"Gołańcz - miasto","parentId":"023016028033","level":6,"kind":"4","hasDescription":false},{"id":"023016028035","name":"Gołańcz - obszar wiejski","parentId":"023016028033","level":6,"kind":"5","hasDescription":false},{"id":"023016028042","name":"Mieścisko","parentId":"023016028000","level":6,"kind":"2","hasDescription":true},{"id":"023016028043","name":"Mieścisko","parentId":"023016028000","level":6,"kind":"3","hasDescription":true},{"id":"023016028044","name":"Mieścisko - miasto","parentId":"023016028043","level":6,"kind":"4","hasDescription":true},{"id":"023016028045","name":"Mieścisko - obszar wiejski","parentId":"023016028043","level":6,"kind":"5","hasDescription":true},{"id":"023016028053","name":"Skoki","parentId":"023016028000","level":6,"kind":"3","hasDescription":false},{"id":"023016028054","name":"Skoki - miasto","parentId":"023016028053","level":6,"kind":"4","hasDescription":false},{"id":"023016028055","name":"Skoki - obszar wiejski","parentId":"023016028053","level":6,"kind":"5","hasDescription":false},{"id":"023016028062","name":"Wapno","parentId":"023016028000","level":6,"kind":"2","hasDescription":false},{"id":"023016028072","name":"Wągrowiec","parentId":"023016028000","level":6,"kind":"2","hasDescription":false},{"id":"023016031011","name":"Złotów","parentId":"023016031000","level":6,"kind":"1","hasDescription":false},{"id":"023016031023","name":"Jastrowie","parentId":"023016031000","level":6,"kind":"3","hasDescription":false},{"id":"023016031024","name":"Jastrowie - miasto","parentId":"023016031023","level":6,"kind":"4","hasDescription":false},{"id":"023016031025","name":"Jastrowie - obszar wiejski","parentId":"023016031023","level":6,"kind":"5","hasDescription":false},{"id":"023016031033","name":"Krajenka","parentId":"023016031000","level":6,"kind":"3","hasDescription":false},{"id":"023016031034","name":"Krajenka - miasto","parentId":"023016031033","level":6,"kind":"4","hasDescription":false},{"id":"023016031035","name":"Krajenka - obszar wiejski","parentId":"023016031033","level":6,"kind":"5","hasDescription":false},{"id":"023016031042","name":"Lipka","parentId":"023016031000","level":6,"kind":"2","hasDescription":false},{"id":"023016031053","name":"Okonek","parentId":"023016031000","level":6,"kind":"3","hasDescription":false},{"id":"023016031054","name":"Okonek - miasto","parentId":"023016031053","level":6,"kind":"4","hasDescription":false},{"id":"023016031055","name":"Okonek - obszar wiejski","parentId":"023016031053","level":6,"kind":"5","hasDescription":false},{"id":"023016031062","name":"Tarnówka","parentId":"023016031000","level":6,"kind":"2","hasDescription":false},{"id":"023016031072","name":"Zakrzewo","parentId":"023016031000","level":6,"kind":"2","hasDescription":false},{"id":"023016031082","name":"Złotów","parentId":"023016031000","level":6,"kind":"2","hasDescription":false},{"id":"023016116013","name":"Oborniki","parentId":"023016116000","level":6,"kind":"3","hasDescription":false},{"id":"023016116014","name":"Oborniki - miasto","parentId":"023016116013","level":6,"kind":"4","hasDescription":false},{"id":"023016116015","name":"Oborniki - obszar wiejski","parentId":"023016116013","level":6,"kind":"5","hasDescription":false},{"id":"023016116023","name":"Rogoźno","parentId":"023016116000","level":6,"kind":"3","hasDescription":false},{"id":"023016116024","name":"Rogoźno - miasto","parentId":"023016116023","level":6,"kind":"4","hasDescription":false},{"id":"023016116025","name":"Rogoźno - obszar wiejski","parentId":"023016116023","level":6,"kind":"5","hasDescription":false},{"id":"023016116032","name":"Ryczywół","parentId":"023016116000","level":6,"kind":"2","hasDescription":false},{"id":"023016121011","name":"Luboń","parentId":"023016121000","level":6,"kind":"1","hasDescription":false},{"id":"023016121021","name":"Puszczykowo","parentId":"023016121000","level":6,"kind":"1","hasDescription":false},{"id":"023016121033","name":"Buk","parentId":"023016121000","level":6,"kind":"3","hasDescription":false},{"id":"023016121034","name":"Buk - miasto","parentId":"023016121033","level":6,"kind":"4","hasDescription":false},{"id":"023016121035","name":"Buk - obszar wiejski","parentId":"023016121033","level":6,"kind":"5","hasDescription":false},{"id":"023016121042","name":"Czerwonak","parentId":"023016121000","level":6,"kind":"2","hasDescription":false},{"id":"023016121052","name":"Dopiewo","parentId":"023016121000","level":6,"kind":"2","hasDescription":false},{"id":"023016121062","name":"Kleszczewo","parentId":"023016121000","level":6,"kind":"2","hasDescription":false},{"id":"023016121072","name":"Komorniki","parentId":"023016121000","level":6,"kind":"2","hasDescription":false},{"id":"023016121083","name":"Kostrzyn","parentId":"023016121000","level":6,"kind":"3","hasDescription":false},{"id":"023016121084","name":"Kostrzyn - miasto","parentId":"023016121083","level":6,"kind":"4","hasDescription":false},{"id":"023016121085","name":"Kostrzyn - obszar wiejski","parentId":"023016121083","level":6,"kind":"5","hasDescription":false},{"id":"023016121093","name":"Kórnik","parentId":"023016121000","level":6,"kind":"3","hasDescription":false},{"id":"023016121094","name":"Kórnik - miasto","parentId":"023016121093","level":6,"kind":"4","hasDescription":false},{"id":"023016121095","name":"Kórnik - obszar wiejski","parentId":"023016121093","level":6,"kind":"5","hasDescription":false},{"id":"023016121103","name":"Mosina","parentId":"023016121000","level":6,"kind":"3","hasDescription":false},{"id":"023016121104","name":"Mosina - miasto","parentId":"023016121103","level":6,"kind":"4","hasDescription":false},{"id":"023016121105","name":"Mosina - obszar wiejski","parentId":"023016121103","level":6,"kind":"5","hasDescription":false},{"id":"023016121113","name":"Murowana Goślina","parentId":"023016121000","level":6,"kind":"3","hasDescription":false},{"id":"023016121114","name":"Murowana Goślina - miasto","parentId":"023016121113","level":6,"kind":"4","hasDescription":false},{"id":"023016121115","name":"Murowana Goślina - obszar wiejski","parentId":"023016121113","level":6,"kind":"5","hasDescription":false},{"id":"023016121123","name":"Pobiedziska","parentId":"023016121000","level":6,"kind":"3","hasDescription":false},{"id":"023016121124","name":"Pobiedziska - miasto","parentId":"023016121123","level":6,"kind":"4","hasDescription":false},{"id":"023016121125","name":"Pobiedziska - obszar wiejski","parentId":"023016121123","level":6,"kind":"5","hasDescription":false},{"id":"023016121132","name":"Rokietnica","parentId":"023016121000","level":6,"kind":"2","hasDescription":false},{"id":"023016121143","name":"Stęszew","parentId":"023016121000","level":6,"kind":"3","hasDescription":false},{"id":"023016121144","name":"Stęszew - miasto","parentId":"023016121143","level":6,"kind":"4","hasDescription":false},{"id":"023016121145","name":"Stęszew - obszar wiejski","parentId":"023016121143","level":6,"kind":"5","hasDescription":false},{"id":"023016121152","name":"Suchy Las","parentId":"023016121000","level":6,"kind":"2","hasDescription":false},{"id":"023016121163","name":"Swarzędz","parentId":"023016121000","level":6,"kind":"3","hasDescription":false},{"id":"023016121164","name":"Swarzędz - miasto","parentId":"023016121163","level":6,"kind":"4","hasDescription":false},{"id":"023016121165","name":"Swarzędz - obszar wiejski","parentId":"023016121163","level":6,"kind":"5","hasDescription":false},{"id":"023016121172","name":"Tarnowo Podgórne","parentId":"023016121000","level":6,"kind":"2","hasDescription":false},{"id":"023016124011","name":"Obrzycko","parentId":"023016124000","level":6,"kind":"1","hasDescription":false},{"id":"023016124022","name":"Duszniki","parentId":"023016124000","level":6,"kind":"2","hasDescription":false},{"id":"023016124032","name":"Kaźmierz","parentId":"023016124000","level":6,"kind":"2","hasDescription":false},{"id":"023016124042","name":"Obrzycko","parentId":"023016124000","level":6,"kind":"2","hasDescription":false},{"id":"023016124053","name":"Ostroróg","parentId":"023016124000","level":6,"kind":"3","hasDescription":false},{"id":"023016124054","name":"Ostroróg - miasto","parentId":"023016124053","level":6,"kind":"4","hasDescription":false},{"id":"023016124055","name":"Ostroróg - obszar wiejski","parentId":"023016124053","level":6,"kind":"5","hasDescription":false},{"id":"023016124063","name":"Pniewy","parentId":"023016124000","level":6,"kind":"3","hasDescription":false},{"id":"023016124064","name":"Pniewy - miasto","parentId":"023016124063","level":6,"kind":"4","hasDescription":false},{"id":"023016124065","name":"Pniewy - obszar wiejski","parentId":"023016124063","level":6,"kind":"5","hasDescription":false},{"id":"023016124073","name":"Szamotuły","parentId":"023016124000","level":6,"kind":"3","hasDescription":false},{"id":"023016124074","name":"Szamotuły - miasto","parentId":"023016124073","level":6,"kind":"4","hasDescription":false},{"id":"023016124075","name":"Szamotuły - obszar wiejski","parentId":"023016124073","level":6,"kind":"5","hasDescription":false}]}