{"totalRecords":4157,"page":28,"pageSize":100,"links":{"first":"https://bdl.stat.gov.pl/api/v1/units?level=6&page-size=100&format=json&page=0","prev":"https://bdl.stat.gov.pl/api/v1/units?level=6&page-size=100&format=json&page=27","self":"https://bdl.stat.gov.pl/api/v1/units?level=6&page-size=100&format=json&page=28","next":"https://bdl.stat.gov.pl/api/v1/units?level=6&page-size=100&format=json&page=29","last":"https://bdl.stat.gov.pl/api/v1/units?level=6&page-size=100&format=json&page=41"},"results":[{"id":"052615302032","name":"Małogoszcz","parentId":"052615302000","level":6,"kind":"2","hasDescription":true},{"id":"052615302033","name":"Małogoszcz","parentId":"052615302000","level":6,"kind":"3","hasDescription":true},{"id":"052615302034","name":"Małogoszcz - miasto","parentId":"052615302033","level":6,"kind":"4","hasDescription":true},{"id":"052615302035","name":"Małogoszcz - obszar wiejski","parentId":"052615302033","level":6,"kind":"5","hasDescription":true},{"id":"052615302042","name":"Nagłowice","parentId":"052615302000","level":6,"kind":"2","hasDescription":false},{"id":"052615302052","name":"Oksa","parentId":"052615302000","level":6,"kind":"2","hasDescription":false},{"id":"052615302063","name":"Sędziszów","parentId":"052615302000","level":6,"kind":"3","hasDescription":false},{"id":"052615302064","name":"Sędziszów - miasto","parentId":"052615302063","level":6,"kind":"4","hasDescription":false},{"id":"052615302065","name":"Sędziszów - obszar wiejski","parentId":"052615302063","level":6,"kind":"5","hasDescription":false},{"id":"052615302072","name":"Słupia","parentId":"052615302000","level":6,"kind":"2","hasDescription":true},{"id":"052615302082","name":"Sobków","parentId":"052615302000","level":6,"kind":"2","hasDescription":false},{"id":"052615302092","name":"Wodzisław","parentId":"052615302000","level":6,"kind":"2","hasDescription":true},{"id":"052615302093","name":"Wodzisław","parentId":"052615302000","level":6,"kind":"3","hasDescription":true},{"id":"052615302094","name":"Wodzisław - miasto","parentId":"052615302093","level":6,"kind":"4","hasDescription":true},{"id":"052615302095","name":"Wodzisław - obszar wiejski","parentId":"052615302093","level":6,"kind":"5","hasDescription":true},{"id":"052615303012","name":"Bejsce","parentId":"052615303000","level":6,"kind":"2","hasDescription":false},{"id":"052615303022","name":"Czarnocin","parentId":"052615303000","level":6,"kind":"2","hasDescription":false},{"id":"052615303033","name":"Kazimierza Wielka","parentId":"052615303000","level":6,"kind":"3","hasDescription":false},{"id":"052615303034","name":"Kazimierza Wielka - miasto","parentId":"052615303033","level":6,"kind":"4","hasDescription":false},{"id":"052615303035","name":"Kazimierza Wielka - obszar wiejski","parentId":"052615303033","level":6,"kind":"5","hasDescription":false},{"id":"052615303042","name":"Opatowiec","parentId":"052615303000","level":6,"kind":"2","hasDescription":true},{"id":"052615303043","name":"Opatowiec","parentId":"052615303000","level":6,"kind":"3","hasDescription":true},{"id":"052615303044","name":"Opatowiec - miasto","parentId":"052615303043","level":6,"kind":"4","hasDescription":true},{"id":"052615303045","name":"Opatowiec - obszar wiejski","parentId":"052615303043","level":6,"kind":"5","hasDescription":true},{"id":"052615303053","name":"Skalbmierz","parentId":"052615303000","level":6,"kind":"3","hasDescription":false},{"id":"052615303054","name":"Skalbmierz - miasto","parentId":"052615303053","level":6,"kind":"4","hasDescription":false},{"id":"052615303055","name":"Skalbmierz - obszar wiejski","parentId":"052615303053","level":6,"kind":"5","hasDescription":false},{"id":"052615306012","name":"Baćkowice","parentId":"052615306000","level":6,"kind":"2","hasDescription":false},{"id":"052615306022","name":"Iwaniska","parentId":"052615306000","level":6,"kind":"2","hasDescription":true},{"id":"052615306023","name":"Iwaniska","parentId":"052615306000","level":6,"kind":"3","hasDescription":true},{"id":"052615306024","name":"Iwaniska - miasto","parentId":"052615306023","level":6,"kind":"4","hasDescription":true},{"id":"052615306025","name":"Iwaniska - obszar wiejski","parentId":"052615306023","level":6,"kind":"5","hasDescription":true},{"id":"052615306032","name":"Lipnik","parentId":"052615306000","level":6,"kind":"2","hasDescription":false},{"id":"052615306043","name":"Opatów","parentId":"052615306000","level":6,"kind":"3","hasDescription":false},{"id":"052615306044","name":"Opatów - miasto","parentId":"052615306043","level":6,"kind":"4","hasDescription":false},{"id":"052615306045","name":"Opatów - obszar wiejski","parentId":"052615306043","level":6,"kind":"5","hasDescription":false},{"id":"052615306053","name":"Ożarów","parentId":"052615306000","level":6,"kind":"3","hasDescription":false},{"id":"052615306054","name":"Ożarów - miasto","parentId":"052615306053","level":6,"kind":"4","hasDescription":false},{"id":"052615306055","name":"Ożarów - obszar wiejski","parentId":"052615306053","level":6,"kind":"5","hasDescription":false},{"id":"052615306062","name":"Sadowie","parentId":"052615306000","level":6,"kind":"2","hasDescription":false},{"id":"052615306072","name":"Tarłów","parentId":"052615306000","level":6,"kind":"2","hasDescription":false},{"id":"052615306082","name":"Wojciechowice","parentId":"052615306000","level":6,"kind":"2","hasDescription":false},{"id":"052615308013","name":"Działoszyce","parentId":"052615308000","level":6,"kind":"3","hasDescription":false},{"id":"052615308014","name":"Działoszyce - miasto","parentId":"052615308013","level":6,"kind":"4","hasDescription":false},{"id":"052615308015","name":"Działoszyce - obszar wiejski","parentId":"052615308013","level":6,"kind":"5","hasDescription":false},{"id":"052615308022","name":"Kije","parentId":"052615308000","level":6,"kind":"2","hasDescription":false},{"id":"052615308032","name":"Michałów","parentId":"052615308000","level":6,"kind":"2","hasDescription":false},{"id":"052615308043","name":"Pińczów","parentId":"052615308000","level":6,"kind":"3","hasDescription":false},{"id":"052615308044","name":"Pińczów - miasto","parentId":"052615308043","level":6,"kind":"4","hasDescription":false},{"id":"052615308045","name":"Pińczów - obszar wiejski","parentId":"052615308043","level":6,"kind":"5","hasDescription":false},{"id":"052615308052","name":"Złota","parentId":"052615308000","level":6,"kind":"2","hasDescription":false},{"id":"052615309011","name":"Sandomierz","parentId":"052615309000","level":6,"kind":"1","hasDescription":false},{"id":"052615309022","name":"Dwikozy","parentId":"052615309000","level":6,"kind":"2","hasDescription":false},{"id":"052615309032","name":"Klimontów","parentId":"052615309000","level":6,"kind":"2","hasDescription":true},{"id":"052615309033","name":"Klimontów","parentId":"052615309000","level":6,"kind":"3","hasDescription":true},{"id":"052615309034","name":"Klimontów - miasto","parentId":"052615309033","level":6,"kind":"4","hasDescription":true},{"id":"052615309035","name":"Klimontów - obszar wiejski","parentId":"052615309033","level":6,"kind":"5","hasDescription":true},{"id":"052615309042","name":"Koprzywnica","parentId":"052615309000","level":6,"kind":"2","hasDescription":true},{"id":"052615309043","name":"Koprzywnica","parentId":"052615309000","level":6,"kind":"3","hasDescription":true},{"id":"052615309044","name":"Koprzywnica - miasto","parentId":"052615309043","level":6,"kind":"4","hasDescription":true},{"id":"052615309045","name":"Koprzywnica - obszar wiejski","parentId":"052615309043","level":6,"kind":"5","hasDescription":true},{"id":"052615309052","name":"Łoniów","parentId":"052615309000","level":6,"kind":"2","hasDescription":false},{"id":"052615309062","name":"Obrazów","parentId":"052615309000","level":6,"kind":"2","hasDescription":false},{"id":"052615309072","name":"Samborzec","parentId":"052615309000","level":6,"kind":"2","hasDescription":false},{"id":"052615309082","name":"Wilczyce","parentId":"052615309000","level":6,"kind":"2","hasDescription":false},{"id":"052615309093","name":"Zawichost","parentId":"052615309000","level":6,"kind":"3","hasDescription":false},{"id":"052615309094","name":"Zawichost - miasto","parentId":"052615309093","level":6,"kind":"4","hasDescription":false},{"id":"052615309095","name":"Zawichost - obszar wiejski","parentId":"052615309093","level":6,"kind":"5","hasDescription":false},{"id":"052615312012","name":"Bogoria","parentId":"052615312000","level":6,"kind":"2","hasDescription":true},{"id":"052615312013","name":"Bogoria","parentId":"052615312000","level":6,"kind":"3","hasDescription":true},{"id":"052615312014","name":"Bogoria - miasto","parentId":"052615312013","level":6,"kind":"4","hasDescription":true},{"id":"052615312015","name":"Bogoria - obszar wiejski","parentId":"052615312013","level":6,"kind":"5","hasDescription":true},{"id":"052615312022","name":"Łubnice","parentId":"052615312000","level":6,"kind":"2","hasDescription":false},{"id":"052615312032","name":"Oleśnica","parentId":"052615312000","level":6,"kind":"2","hasDescription":true},{"id":"052615312033","name":"Oleśnica","parentId":"052615312000","level":6,"kind":"3","hasDescription":true},{"id":"052615312034","name":"Oleśnica - miasto","parentId":"052615312033","level":6,"kind":"4","hasDescription":true},{"id":"052615312035","name":"Oleśnica - obszar wiejski","parentId":"052615312033","level":6,"kind":"5","hasDescription":true},{"id":"052615312043","name":"Osiek","parentId":"052615312000","level":6,"kind":"3","hasDescription":false},{"id":"052615312044","name":"Osiek - miasto","parentId":"052615312043","level":6,"kind":"4","hasDescription":false},{"id":"052615312045","name":"Osiek - obszar wiejski","parentId":"052615312043","level":6,"kind":"5","hasDescription":false},{"id":"052615312053","name":"Połaniec","parentId":"052615312000","level":6,"kind":"3","hasDescription":false},{"id":"052615312054","name":"Połaniec - miasto","parentId":"052615312053","level":6,"kind":"4","hasDescription":false},{"id":"052615312055","name":"Połaniec - obszar wiejski","parentId":"052615312053","level":6,"kind":"5","hasDescription":false},{"id":"052615312062","name":"Rytwiany","parentId":"052615312000","level":6,"kind":"2","hasDescription":false},{"id":"052615312073","name":"Staszów","parentId":"052615312000","level":6,"kind":"3","hasDescription":false},{"id":"052615312074","name":"Staszów - miasto","parentId":"052615312073","level":6,"kind":"4","hasDescription":false},{"id":"052615312075","name":"Staszów - obszar wiejski","parentId":"052615312073","level":6,"kind":"5","hasDescription":false},{"id":"052615312082","name":"Szydłów","parentId":"052615312000","level":6,"kind":"2","hasDescription":true},{"id":"052615312083","name":"Szydłów","parentId":"052615312000","level":6,"kind":"3","hasDescription":true},{"id":"052615312084","name":"Szydłów - miasto","parentId":"052615312083","level":6,"kind":"4","hasDescription":true},{"id":"052615312085","name":"Szydłów - obszar wiejski","parentId":"052615312083","level":6,"kind":"5","hasDescription":true},{"id":"052615313012","name":"Kluczewsko","parentId":"052615313000","level":6,"kind":"2","hasDescription":false},{"id":"052615313022","name":"Krasocin","parentId":"052615313000","level":6,"kind":"2","hasDescription":false},{"id":"052615313032","name":"Moskorzew","parentId":"052615313000","level":6,"kind":"2","hasDescription":false},{"id":"052615313042","name":"Radków","parentId":"052615313000","level":6,"kind":"2","hasDescription":false},{"id":"052615313052","name":"Secemin","parentId":"052615313000","level":6,"kind":"2","hasDescription":false},{"id":"052615313063","name":"Włoszczowa","parentId":"052615313000","level":6,"kind":"3","hasDescription":false},{"id":"052615313064","name":"Włoszczowa - miasto","parentId":"052615313063","level":6,"kind":"4","hasDescription":false},{"id":"052615313065","name":"Włoszczowa - obszar wiejski","parentId":"052615313063","level":6,"kind":"5","hasDescription":false},{"id":"060610901011","name":"Międzyrzec Podlaski","parentId":"060610901000","level":6,"kind":"1","hasDescription":false}]}