{"totalRecords":4157,"page":40,"pageSize":100,"links":{"first":"https://bdl.stat.gov.pl/api/v1/units?level=6&page-size=100&format=json&page=0","prev":"https://bdl.stat.gov.pl/api/v1/units?level=6&page-size=100&format=json&page=39","self":"https://bdl.stat.gov.pl/api/v1/units?level=6&page-size=100&format=json&page=40","next":"https://bdl.stat.gov.pl/api/v1/units?level=6&page-size=100&format=json&page=41","last":"https://bdl.stat.gov.pl/api/v1/units?level=6&page-size=100&format=json&page=41"},"results":[{"id":"071422730042","name":"Orońsko","parentId":"071422730000","level":6,"kind":"2","hasDescription":false},{"id":"071422730053","name":"Szydłowiec","parentId":"071422730000","level":6,"kind":"3","hasDescription":false},{"id":"071422730054","name":"Szydłowiec - miasto","parentId":"071422730053","level":6,"kind":"4","hasDescription":false},{"id":"071422730055","name":"Szydłowiec - obszar wiejski","parentId":"071422730053","level":6,"kind":"5","hasDescription":false},{"id":"071422736012","name":"Kazanów","parentId":"071422736000","level":6,"kind":"2","hasDescription":false},{"id":"071422736022","name":"Policzna","parentId":"071422736000","level":6,"kind":"2","hasDescription":false},{"id":"071422736032","name":"Przyłęk","parentId":"071422736000","level":6,"kind":"2","hasDescription":false},{"id":"071422736042","name":"Tczów","parentId":"071422736000","level":6,"kind":"2","hasDescription":false},{"id":"071422736053","name":"Zwoleń","parentId":"071422736000","level":6,"kind":"3","hasDescription":false},{"id":"071422736054","name":"Zwoleń - miasto","parentId":"071422736053","level":6,"kind":"4","hasDescription":false},{"id":"071422736055","name":"Zwoleń - obszar wiejski","parentId":"071422736053","level":6,"kind":"5","hasDescription":false},{"id":"071422763011","name":"Radom","parentId":"071422763000","level":6,"kind":"1","hasDescription":false},{"id":"071427004011","name":"Gostynin","parentId":"071427004000","level":6,"kind":"1","hasDescription":false},{"id":"071427004022","name":"Gostynin","parentId":"071427004000","level":6,"kind":"2","hasDescription":false},{"id":"071427004032","name":"Pacyna","parentId":"071427004000","level":6,"kind":"2","hasDescription":false},{"id":"071427004042","name":"Sanniki","parentId":"071427004000","level":6,"kind":"2","hasDescription":true},{"id":"071427004043","name":"Sanniki","parentId":"071427004000","level":6,"kind":"3","hasDescription":true},{"id":"071427004044","name":"Sanniki - miasto","parentId":"071427004043","level":6,"kind":"4","hasDescription":true},{"id":"071427004045","name":"Sanniki - obszar wiejski","parentId":"071427004043","level":6,"kind":"5","hasDescription":true},{"id":"071427004052","name":"Szczawin Kościelny","parentId":"071427004000","level":6,"kind":"2","hasDescription":false},{"id":"071427019012","name":"Bielsk","parentId":"071427019000","level":6,"kind":"2","hasDescription":false},{"id":"071427019022","name":"Bodzanów","parentId":"071427019000","level":6,"kind":"2","hasDescription":true},{"id":"071427019023","name":"Bodzanów","parentId":"071427019000","level":6,"kind":"3","hasDescription":true},{"id":"071427019024","name":"Bodzanów - miasto","parentId":"071427019023","level":6,"kind":"4","hasDescription":true},{"id":"071427019025","name":"Bodzanów - obszar wiejski","parentId":"071427019023","level":6,"kind":"5","hasDescription":true},{"id":"071427019032","name":"Brudzeń Duży","parentId":"071427019000","level":6,"kind":"2","hasDescription":false},{"id":"071427019042","name":"Bulkowo","parentId":"071427019000","level":6,"kind":"2","hasDescription":false},{"id":"071427019053","name":"Drobin","parentId":"071427019000","level":6,"kind":"3","hasDescription":false},{"id":"071427019054","name":"Drobin - miasto","parentId":"071427019053","level":6,"kind":"4","hasDescription":false},{"id":"071427019055","name":"Drobin - obszar wiejski","parentId":"071427019053","level":6,"kind":"5","hasDescription":false},{"id":"071427019063","name":"Gąbin","parentId":"071427019000","level":6,"kind":"3","hasDescription":false},{"id":"071427019064","name":"Gąbin - miasto","parentId":"071427019063","level":6,"kind":"4","hasDescription":false},{"id":"071427019065","name":"Gąbin - obszar wiejski","parentId":"071427019063","level":6,"kind":"5","hasDescription":false},{"id":"071427019072","name":"Łąck","parentId":"071427019000","level":6,"kind":"2","hasDescription":false},{"id":"071427019082","name":"Mała Wieś","parentId":"071427019000","level":6,"kind":"2","hasDescription":false},{"id":"071427019092","name":"Nowy Duninów","parentId":"071427019000","level":6,"kind":"2","hasDescription":false},{"id":"071427019102","name":"Radzanowo","parentId":"071427019000","level":6,"kind":"2","hasDescription":false},{"id":"071427019112","name":"Słubice","parentId":"071427019000","level":6,"kind":"2","hasDescription":false},{"id":"071427019122","name":"Słupno","parentId":"071427019000","level":6,"kind":"2","hasDescription":false},{"id":"071427019132","name":"Stara Biała","parentId":"071427019000","level":6,"kind":"2","hasDescription":false},{"id":"071427019142","name":"Staroźreby","parentId":"071427019000","level":6,"kind":"2","hasDescription":false},{"id":"071427019153","name":"Wyszogród","parentId":"071427019000","level":6,"kind":"3","hasDescription":false},{"id":"071427019154","name":"Wyszogród - miasto","parentId":"071427019153","level":6,"kind":"4","hasDescription":false},{"id":"071427019155","name":"Wyszogród - obszar wiejski","parentId":"071427019153","level":6,"kind":"5","hasDescription":false},{"id":"071427027011","name":"Sierpc","parentId":"071427027000","level":6,"kind":"1","hasDescription":false},{"id":"071427027022","name":"Gozdowo","parentId":"071427027000","level":6,"kind":"2","hasDescription":false},{"id":"071427027032","name":"Mochowo","parentId":"071427027000","level":6,"kind":"2","hasDescription":false},{"id":"071427027042","name":"Rościszewo","parentId":"071427027000","level":6,"kind":"2","hasDescription":false},{"id":"071427027052","name":"Sierpc","parentId":"071427027000","level":6,"kind":"2","hasDescription":false},{"id":"071427027062","name":"Szczutowo","parentId":"071427027000","level":6,"kind":"2","hasDescription":false},{"id":"071427027072","name":"Zawidz","parentId":"071427027000","level":6,"kind":"2","hasDescription":false},{"id":"071427062011","name":"Płock","parentId":"071427062000","level":6,"kind":"1","hasDescription":false},{"id":"071427103011","name":"Garwolin","parentId":"071427103000","level":6,"kind":"1","hasDescription":false},{"id":"071427103021","name":"Łaskarzew","parentId":"071427103000","level":6,"kind":"1","hasDescription":false},{"id":"071427103032","name":"Borowie","parentId":"071427103000","level":6,"kind":"2","hasDescription":false},{"id":"071427103042","name":"Garwolin","parentId":"071427103000","level":6,"kind":"2","hasDescription":false},{"id":"071427103052","name":"Górzno","parentId":"071427103000","level":6,"kind":"2","hasDescription":false},{"id":"071427103062","name":"Łaskarzew","parentId":"071427103000","level":6,"kind":"2","hasDescription":false},{"id":"071427103072","name":"Maciejowice","parentId":"071427103000","level":6,"kind":"2","hasDescription":true},{"id":"071427103073","name":"Maciejowice","parentId":"071427103000","level":6,"kind":"3","hasDescription":true},{"id":"071427103074","name":"Maciejowice - miasto","parentId":"071427103073","level":6,"kind":"4","hasDescription":true},{"id":"071427103075","name":"Maciejowice - obszar wiejski","parentId":"071427103073","level":6,"kind":"5","hasDescription":true},{"id":"071427103082","name":"Miastków Kościelny","parentId":"071427103000","level":6,"kind":"2","hasDescription":false},{"id":"071427103092","name":"Parysów","parentId":"071427103000","level":6,"kind":"2","hasDescription":false},{"id":"071427103103","name":"Pilawa","parentId":"071427103000","level":6,"kind":"3","hasDescription":false},{"id":"071427103104","name":"Pilawa - miasto","parentId":"071427103103","level":6,"kind":"4","hasDescription":false},{"id":"071427103105","name":"Pilawa - obszar wiejski","parentId":"071427103103","level":6,"kind":"5","hasDescription":false},{"id":"071427103112","name":"Sobolew","parentId":"071427103000","level":6,"kind":"2","hasDescription":false},{"id":"071427103122","name":"Trojanów","parentId":"071427103000","level":6,"kind":"2","hasDescription":false},{"id":"071427103132","name":"Wilga","parentId":"071427103000","level":6,"kind":"2","hasDescription":false},{"id":"071427103143","name":"Żelechów","parentId":"071427103000","level":6,"kind":"3","hasDescription":false},{"id":"071427103144","name":"Żelechów - miasto","parentId":"071427103143","level":6,"kind":"4","hasDescription":false},{"id":"071427103145","name":"Żelechów - obszar wiejski","parentId":"071427103143","level":6,"kind":"5","hasDescription":false},{"id":"071427110012","name":"Huszlew","parentId":"071427110000","level":6,"kind":"2","hasDescription":false},{"id":"071427110023","name":"Łosice","parentId":"071427110000","level":6,"kind":"3","hasDescription":false},{"id":"071427110024","name":"Łosice - miasto","parentId":"071427110023","level":6,"kind":"4","hasDescription":false},{"id":"071427110025","name":"Łosice - obszar wiejski","parentId":"071427110023","level":6,"kind":"5","hasDescription":false},{"id":"071427110032","name":"Olszanka","parentId":"071427110000","level":6,"kind":"2","hasDescription":false},{"id":"071427110042","name":"Platerów","parentId":"071427110000","level":6,"kind":"2","hasDescription":false},{"id":"071427110052","name":"Sarnaki","parentId":"071427110000","level":6,"kind":"2","hasDescription":false},{"id":"071427110062","name":"Stara Kornica","parentId":"071427110000","level":6,"kind":"2","hasDescription":false},{"id":"071427126012","name":"Domanice","parentId":"071427126000","level":6,"kind":"2","hasDescription":false},{"id":"071427126022","name":"Korczew","parentId":"071427126000","level":6,"kind":"2","hasDescription":false},{"id":"071427126032","name":"Kotuń","parentId":"071427126000","level":6,"kind":"2","hasDescription":false},{"id":"071427126042","name":"Mokobody","parentId":"071427126000","level":6,"kind":"2","hasDescription":false},{"id":"071427126053","name":"Mordy","parentId":"071427126000","level":6,"kind":"3","hasDescription":false},{"id":"071427126054","name":"Mordy - miasto","parentId":"071427126053","level":6,"kind":"4","hasDescription":false},{"id":"071427126055","name":"Mordy - obszar wiejski","parentId":"071427126053","level":6,"kind":"5","hasDescription":false},{"id":"071427126062","name":"Paprotnia","parentId":"071427126000","level":6,"kind":"2","hasDescription":false},{"id":"071427126072","name":"Przesmyki","parentId":"071427126000","level":6,"kind":"2","hasDescription":false},{"id":"071427126082","name":"Siedlce","parentId":"071427126000","level":6,"kind":"2","hasDescription":false},{"id":"071427126092","name":"Skórzec","parentId":"071427126000","level":6,"kind":"2","hasDescription":false},{"id":"071427126102","name":"Suchożebry","parentId":"071427126000","level":6,"kind":"2","hasDescription":false},{"id":"071427126112","name":"Wiśniew","parentId":"071427126000","level":6,"kind":"2","hasDescription":false},{"id":"071427126122","name":"Wodynie","parentId":"071427126000","level":6,"kind":"2","hasDescription":false},{"id":"071427126132","name":"Zbuczyn","parentId":"071427126000","level":6,"kind":"2","hasDescription":true},{"id":"071427129011","name":"Sokołów Podlaski","parentId":"071427129000","level":6,"kind":"1","hasDescription":false},{"id":"071427129022","name":"Bielany","parentId":"071427129000","level":6,"kind":"2","hasDescription":false},{"id":"071427129032","name":"Ceranów","parentId":"071427129000","level":6,"kind":"2","hasDescription":false},{"id":"071427129042","name":"Jabłonna Lacka","parentId":"071427129000","level":6,"kind":"2","hasDescription":false}]}