{"totalRecords":4157,"page":6,"pageSize":100,"links":{"first":"https://bdl.stat.gov.pl/api/v1/units?level=6&page-size=100&format=json&page=0","prev":"https://bdl.stat.gov.pl/api/v1/units?level=6&page-size=100&format=json&page=5","self":"https://bdl.stat.gov.pl/api/v1/units?level=6&page-size=100&format=json&page=6","next":"https://bdl.stat.gov.pl/api/v1/units?level=6&page-size=100&format=json&page=7","last":"https://bdl.stat.gov.pl/api/v1/units?level=6&page-size=100&format=json&page=41"},"results":[{"id":"020811404074","name":"Otyń - miasto","parentId":"020811404073","level":6,"kind":"4","hasDescription":true},{"id":"020811404075","name":"Otyń - obszar wiejski","parentId":"020811404073","level":6,"kind":"5","hasDescription":true},{"id":"020811404082","name":"Siedlisko","parentId":"020811404000","level":6,"kind":"2","hasDescription":false},{"id":"020811404093","name":"Sława","parentId":"020811404000","level":6,"kind":"3","hasDescription":true},{"id":"020811404094","name":"Sława - miasto","parentId":"020811404093","level":6,"kind":"4","hasDescription":true},{"id":"020811404095","name":"Sława - obszar wiejski","parentId":"020811404093","level":6,"kind":"5","hasDescription":true},{"id":"020811404103","name":"Szlichtyngowa","parentId":"020811404000","level":6,"kind":"3","hasDescription":true},{"id":"020811404104","name":"Szlichtyngowa - miasto","parentId":"020811404103","level":6,"kind":"4","hasDescription":true},{"id":"020811404105","name":"Szlichtyngowa - obszar wiejski","parentId":"020811404103","level":6,"kind":"5","hasDescription":true},{"id":"020811404113","name":"Wschowa","parentId":"020811404000","level":6,"kind":"3","hasDescription":true},{"id":"020811404114","name":"Wschowa - miasto","parentId":"020811404113","level":6,"kind":"4","hasDescription":true},{"id":"020811404115","name":"Wschowa - obszar wiejski","parentId":"020811404113","level":6,"kind":"5","hasDescription":true},{"id":"020811408012","name":"Lubrza","parentId":"020811408000","level":6,"kind":"2","hasDescription":false},{"id":"020811408022","name":"Łagów","parentId":"020811408000","level":6,"kind":"2","hasDescription":false},{"id":"020811408032","name":"Skąpe","parentId":"020811408000","level":6,"kind":"2","hasDescription":false},{"id":"020811408042","name":"Szczaniec","parentId":"020811408000","level":6,"kind":"2","hasDescription":false},{"id":"020811408053","name":"Świebodzin","parentId":"020811408000","level":6,"kind":"3","hasDescription":false},{"id":"020811408054","name":"Świebodzin - miasto","parentId":"020811408053","level":6,"kind":"4","hasDescription":false},{"id":"020811408055","name":"Świebodzin - obszar wiejski","parentId":"020811408053","level":6,"kind":"5","hasDescription":false},{"id":"020811408063","name":"Zbąszynek","parentId":"020811408000","level":6,"kind":"3","hasDescription":false},{"id":"020811408064","name":"Zbąszynek - miasto","parentId":"020811408063","level":6,"kind":"4","hasDescription":false},{"id":"020811408065","name":"Zbąszynek - obszar wiejski","parentId":"020811408063","level":6,"kind":"5","hasDescription":false},{"id":"020811409013","name":"Babimost","parentId":"020811409000","level":6,"kind":"3","hasDescription":false},{"id":"020811409014","name":"Babimost - miasto","parentId":"020811409013","level":6,"kind":"4","hasDescription":false},{"id":"020811409015","name":"Babimost - obszar wiejski","parentId":"020811409013","level":6,"kind":"5","hasDescription":false},{"id":"020811409022","name":"Bojadła","parentId":"020811409000","level":6,"kind":"2","hasDescription":false},{"id":"020811409033","name":"Czerwieńsk","parentId":"020811409000","level":6,"kind":"3","hasDescription":false},{"id":"020811409034","name":"Czerwieńsk - miasto","parentId":"020811409033","level":6,"kind":"4","hasDescription":false},{"id":"020811409035","name":"Czerwieńsk - obszar wiejski","parentId":"020811409033","level":6,"kind":"5","hasDescription":false},{"id":"020811409043","name":"Kargowa","parentId":"020811409000","level":6,"kind":"3","hasDescription":false},{"id":"020811409044","name":"Kargowa - miasto","parentId":"020811409043","level":6,"kind":"4","hasDescription":false},{"id":"020811409045","name":"Kargowa - obszar wiejski","parentId":"020811409043","level":6,"kind":"5","hasDescription":false},{"id":"020811409053","name":"Nowogród Bobrzański","parentId":"020811409000","level":6,"kind":"3","hasDescription":false},{"id":"020811409054","name":"Nowogród Bobrzański - miasto","parentId":"020811409053","level":6,"kind":"4","hasDescription":false},{"id":"020811409055","name":"Nowogród Bobrzański - obszar wiejski","parentId":"020811409053","level":6,"kind":"5","hasDescription":false},{"id":"020811409063","name":"Sulechów","parentId":"020811409000","level":6,"kind":"3","hasDescription":false},{"id":"020811409064","name":"Sulechów - miasto","parentId":"020811409063","level":6,"kind":"4","hasDescription":false},{"id":"020811409065","name":"Sulechów - obszar wiejski","parentId":"020811409063","level":6,"kind":"5","hasDescription":false},{"id":"020811409072","name":"Świdnica","parentId":"020811409000","level":6,"kind":"2","hasDescription":false},{"id":"020811409082","name":"Trzebiechów","parentId":"020811409000","level":6,"kind":"2","hasDescription":false},{"id":"020811409092","name":"Zabór","parentId":"020811409000","level":6,"kind":"2","hasDescription":false},{"id":"020811409102","name":"Zielona Góra","parentId":"020811409000","level":6,"kind":"2","hasDescription":true},{"id":"020811410011","name":"Gozdnica","parentId":"020811410000","level":6,"kind":"1","hasDescription":false},{"id":"020811410021","name":"Żagań","parentId":"020811410000","level":6,"kind":"1","hasDescription":false},{"id":"020811410032","name":"Brzeźnica","parentId":"020811410000","level":6,"kind":"2","hasDescription":false},{"id":"020811410043","name":"Iłowa","parentId":"020811410000","level":6,"kind":"3","hasDescription":false},{"id":"020811410044","name":"Iłowa - miasto","parentId":"020811410043","level":6,"kind":"4","hasDescription":false},{"id":"020811410045","name":"Iłowa - obszar wiejski","parentId":"020811410043","level":6,"kind":"5","hasDescription":false},{"id":"020811410053","name":"Małomice","parentId":"020811410000","level":6,"kind":"3","hasDescription":false},{"id":"020811410054","name":"Małomice - miasto","parentId":"020811410053","level":6,"kind":"4","hasDescription":false},{"id":"020811410055","name":"Małomice - obszar wiejski","parentId":"020811410053","level":6,"kind":"5","hasDescription":false},{"id":"020811410062","name":"Niegosławice","parentId":"020811410000","level":6,"kind":"2","hasDescription":false},{"id":"020811410073","name":"Szprotawa","parentId":"020811410000","level":6,"kind":"3","hasDescription":false},{"id":"020811410074","name":"Szprotawa - miasto","parentId":"020811410073","level":6,"kind":"4","hasDescription":false},{"id":"020811410075","name":"Szprotawa - obszar wiejski","parentId":"020811410073","level":6,"kind":"5","hasDescription":false},{"id":"020811410082","name":"Wymiarki","parentId":"020811410000","level":6,"kind":"2","hasDescription":false},{"id":"020811410092","name":"Żagań","parentId":"020811410000","level":6,"kind":"2","hasDescription":false},{"id":"020811411011","name":"Łęknica","parentId":"020811411000","level":6,"kind":"1","hasDescription":false},{"id":"020811411021","name":"Żary","parentId":"020811411000","level":6,"kind":"1","hasDescription":false},{"id":"020811411032","name":"Brody","parentId":"020811411000","level":6,"kind":"2","hasDescription":true},{"id":"020811411033","name":"Brody","parentId":"020811411000","level":6,"kind":"3","hasDescription":true},{"id":"020811411034","name":"Brody - miasto","parentId":"020811411033","level":6,"kind":"4","hasDescription":true},{"id":"020811411035","name":"Brody - obszar wiejski","parentId":"020811411033","level":6,"kind":"5","hasDescription":true},{"id":"020811411043","name":"Jasień","parentId":"020811411000","level":6,"kind":"3","hasDescription":false},{"id":"020811411044","name":"Jasień - miasto","parentId":"020811411043","level":6,"kind":"4","hasDescription":false},{"id":"020811411045","name":"Jasień - obszar wiejski","parentId":"020811411043","level":6,"kind":"5","hasDescription":false},{"id":"020811411052","name":"Lipinki Łużyckie","parentId":"020811411000","level":6,"kind":"2","hasDescription":false},{"id":"020811411063","name":"Lubsko","parentId":"020811411000","level":6,"kind":"3","hasDescription":false},{"id":"020811411064","name":"Lubsko - miasto","parentId":"020811411063","level":6,"kind":"4","hasDescription":false},{"id":"020811411065","name":"Lubsko - obszar wiejski","parentId":"020811411063","level":6,"kind":"5","hasDescription":false},{"id":"020811411072","name":"Przewóz","parentId":"020811411000","level":6,"kind":"2","hasDescription":false},{"id":"020811411082","name":"Trzebiel","parentId":"020811411000","level":6,"kind":"2","hasDescription":false},{"id":"020811411092","name":"Tuplice","parentId":"020811411000","level":6,"kind":"2","hasDescription":false},{"id":"020811411102","name":"Żary","parentId":"020811411000","level":6,"kind":"2","hasDescription":false},{"id":"020811412013","name":"Sława","parentId":"020811412000","level":6,"kind":"3","hasDescription":true},{"id":"020811412014","name":"Sława - miasto","parentId":"020811412013","level":6,"kind":"4","hasDescription":true},{"id":"020811412015","name":"Sława - obszar wiejski","parentId":"020811412013","level":6,"kind":"5","hasDescription":true},{"id":"020811412023","name":"Szlichtyngowa","parentId":"020811412000","level":6,"kind":"3","hasDescription":true},{"id":"020811412024","name":"Szlichtyngowa - miasto","parentId":"020811412023","level":6,"kind":"4","hasDescription":true},{"id":"020811412025","name":"Szlichtyngowa - obszar wiejski","parentId":"020811412023","level":6,"kind":"5","hasDescription":true},{"id":"020811412033","name":"Wschowa","parentId":"020811412000","level":6,"kind":"3","hasDescription":true},{"id":"020811412034","name":"Wschowa - miasto","parentId":"020811412033","level":6,"kind":"4","hasDescription":true},{"id":"020811412035","name":"Wschowa - obszar wiejski","parentId":"020811412033","level":6,"kind":"5","hasDescription":true},{"id":"020811462011","name":"Zielona Góra","parentId":"020811462000","level":6,"kind":"1","hasDescription":true},{"id":"023015706012","name":"Jaraczewo","parentId":"023015706000","level":6,"kind":"2","hasDescription":true},{"id":"023015706013","name":"Jaraczewo","parentId":"023015706000","level":6,"kind":"3","hasDescription":true},{"id":"023015706014","name":"Jaraczewo - miasto","parentId":"023015706013","level":6,"kind":"4","hasDescription":true},{"id":"023015706015","name":"Jaraczewo - obszar wiejski","parentId":"023015706013","level":6,"kind":"5","hasDescription":true},{"id":"023015706023","name":"Jarocin","parentId":"023015706000","level":6,"kind":"3","hasDescription":false},{"id":"023015706024","name":"Jarocin - miasto","parentId":"023015706023","level":6,"kind":"4","hasDescription":false},{"id":"023015706025","name":"Jarocin - obszar wiejski","parentId":"023015706023","level":6,"kind":"5","hasDescription":false},{"id":"023015706032","name":"Kotlin","parentId":"023015706000","level":6,"kind":"2","hasDescription":false},{"id":"023015706043","name":"Żerków","parentId":"023015706000","level":6,"kind":"3","hasDescription":false},{"id":"023015706044","name":"Żerków - miasto","parentId":"023015706043","level":6,"kind":"4","hasDescription":false},{"id":"023015706045","name":"Żerków - obszar wiejski","parentId":"023015706043","level":6,"kind":"5","hasDescription":false},{"id":"023015707012","name":"Blizanów","parentId":"023015707000","level":6,"kind":"2","hasDescription":false},{"id":"023015707022","name":"Brzeziny","parentId":"023015707000","level":6,"kind":"2","hasDescription":false},{"id":"023015707032","name":"Ceków-Kolonia","parentId":"023015707000","level":6,"kind":"2","hasDescription":false},{"id":"023015707042","name":"Godziesze Wielkie","parentId":"023015707000","level":6,"kind":"2","hasDescription":false},{"id":"023015707052","name":"Koźminek","parentId":"023015707000","level":6,"kind":"2","hasDescription":true}]}