{"totalRecords":4157,"page":39,"pageSize":100,"links":{"first":"https://bdl.stat.gov.pl/api/v1/units?level=6&page-size=100&format=json&page=0","prev":"https://bdl.stat.gov.pl/api/v1/units?level=6&page-size=100&format=json&page=38","self":"https://bdl.stat.gov.pl/api/v1/units?level=6&page-size=100&format=json&page=39","next":"https://bdl.stat.gov.pl/api/v1/units?level=6&page-size=100&format=json&page=40","last":"https://bdl.stat.gov.pl/api/v1/units?level=6&page-size=100&format=json&page=41"},"results":[{"id":"071422622042","name":"Jednorożec","parentId":"071422622000","level":6,"kind":"2","hasDescription":false},{"id":"071422622052","name":"Krasne","parentId":"071422622000","level":6,"kind":"2","hasDescription":false},{"id":"071422622062","name":"Krzynowłoga Mała","parentId":"071422622000","level":6,"kind":"2","hasDescription":false},{"id":"071422622072","name":"Przasnysz","parentId":"071422622000","level":6,"kind":"2","hasDescription":false},{"id":"071422635012","name":"Brańszczyk","parentId":"071422635000","level":6,"kind":"2","hasDescription":false},{"id":"071422635022","name":"Długosiodło","parentId":"071422635000","level":6,"kind":"2","hasDescription":false},{"id":"071422635032","name":"Rząśnik","parentId":"071422635000","level":6,"kind":"2","hasDescription":false},{"id":"071422635042","name":"Somianka","parentId":"071422635000","level":6,"kind":"2","hasDescription":false},{"id":"071422635053","name":"Wyszków","parentId":"071422635000","level":6,"kind":"3","hasDescription":false},{"id":"071422635054","name":"Wyszków - miasto","parentId":"071422635053","level":6,"kind":"4","hasDescription":false},{"id":"071422635055","name":"Wyszków - obszar wiejski","parentId":"071422635053","level":6,"kind":"5","hasDescription":false},{"id":"071422635062","name":"Zabrodzie","parentId":"071422635000","level":6,"kind":"2","hasDescription":false},{"id":"071422661011","name":"Ostrołęka","parentId":"071422661000","level":6,"kind":"1","hasDescription":false},{"id":"071422701013","name":"Białobrzegi","parentId":"071422701000","level":6,"kind":"3","hasDescription":false},{"id":"071422701014","name":"Białobrzegi - miasto","parentId":"071422701013","level":6,"kind":"4","hasDescription":false},{"id":"071422701015","name":"Białobrzegi - obszar wiejski","parentId":"071422701013","level":6,"kind":"5","hasDescription":false},{"id":"071422701022","name":"Promna","parentId":"071422701000","level":6,"kind":"2","hasDescription":false},{"id":"071422701032","name":"Radzanów","parentId":"071422701000","level":6,"kind":"2","hasDescription":false},{"id":"071422701042","name":"Stara Błotnica","parentId":"071422701000","level":6,"kind":"2","hasDescription":false},{"id":"071422701052","name":"Stromiec","parentId":"071422701000","level":6,"kind":"2","hasDescription":false},{"id":"071422701063","name":"Wyśmierzyce","parentId":"071422701000","level":6,"kind":"3","hasDescription":false},{"id":"071422701064","name":"Wyśmierzyce - miasto","parentId":"071422701063","level":6,"kind":"4","hasDescription":false},{"id":"071422701065","name":"Wyśmierzyce - obszar wiejski","parentId":"071422701063","level":6,"kind":"5","hasDescription":false},{"id":"071422707012","name":"Garbatka-Letnisko","parentId":"071422707000","level":6,"kind":"2","hasDescription":false},{"id":"071422707022","name":"Głowaczów","parentId":"071422707000","level":6,"kind":"2","hasDescription":true},{"id":"071422707023","name":"Głowaczów","parentId":"071422707000","level":6,"kind":"3","hasDescription":true},{"id":"071422707024","name":"Głowaczów - miasto","parentId":"071422707023","level":6,"kind":"4","hasDescription":true},{"id":"071422707025","name":"Głowaczów - obszar wiejski","parentId":"071422707023","level":6,"kind":"5","hasDescription":true},{"id":"071422707032","name":"Gniewoszów","parentId":"071422707000","level":6,"kind":"2","hasDescription":false},{"id":"071422707042","name":"Grabów nad Pilicą","parentId":"071422707000","level":6,"kind":"2","hasDescription":false},{"id":"071422707053","name":"Kozienice","parentId":"071422707000","level":6,"kind":"3","hasDescription":false},{"id":"071422707054","name":"Kozienice - miasto","parentId":"071422707053","level":6,"kind":"4","hasDescription":false},{"id":"071422707055","name":"Kozienice - obszar wiejski","parentId":"071422707053","level":6,"kind":"5","hasDescription":false},{"id":"071422707062","name":"Magnuszew","parentId":"071422707000","level":6,"kind":"2","hasDescription":true},{"id":"071422707063","name":"Magnuszew","parentId":"071422707000","level":6,"kind":"3","hasDescription":true},{"id":"071422707064","name":"Magnuszew - miasto","parentId":"071422707063","level":6,"kind":"4","hasDescription":true},{"id":"071422707065","name":"Magnuszew - obszar wiejski","parentId":"071422707063","level":6,"kind":"5","hasDescription":true},{"id":"071422707072","name":"Sieciechów","parentId":"071422707000","level":6,"kind":"2","hasDescription":false},{"id":"071422709012","name":"Chotcza","parentId":"071422709000","level":6,"kind":"2","hasDescription":false},{"id":"071422709022","name":"Ciepielów","parentId":"071422709000","level":6,"kind":"2","hasDescription":true},{"id":"071422709023","name":"Ciepielów","parentId":"071422709000","level":6,"kind":"3","hasDescription":true},{"id":"071422709024","name":"Ciepielów - miasto","parentId":"071422709023","level":6,"kind":"4","hasDescription":true},{"id":"071422709025","name":"Ciepielów - obszar wiejski","parentId":"071422709023","level":6,"kind":"5","hasDescription":true},{"id":"071422709033","name":"Lipsko","parentId":"071422709000","level":6,"kind":"3","hasDescription":false},{"id":"071422709034","name":"Lipsko - miasto","parentId":"071422709033","level":6,"kind":"4","hasDescription":false},{"id":"071422709035","name":"Lipsko - obszar wiejski","parentId":"071422709033","level":6,"kind":"5","hasDescription":false},{"id":"071422709042","name":"Rzeczniów","parentId":"071422709000","level":6,"kind":"2","hasDescription":false},{"id":"071422709052","name":"Sienno","parentId":"071422709000","level":6,"kind":"2","hasDescription":true},{"id":"071422709053","name":"Sienno","parentId":"071422709000","level":6,"kind":"3","hasDescription":true},{"id":"071422709054","name":"Sienno - miasto","parentId":"071422709053","level":6,"kind":"4","hasDescription":true},{"id":"071422709055","name":"Sienno - obszar wiejski","parentId":"071422709053","level":6,"kind":"5","hasDescription":true},{"id":"071422709062","name":"Solec nad Wisłą","parentId":"071422709000","level":6,"kind":"2","hasDescription":true},{"id":"071422709063","name":"Solec nad Wisłą","parentId":"071422709000","level":6,"kind":"3","hasDescription":true},{"id":"071422709064","name":"Solec nad Wisłą - miasto","parentId":"071422709063","level":6,"kind":"4","hasDescription":true},{"id":"071422709065","name":"Solec nad Wisłą - obszar wiejski","parentId":"071422709063","level":6,"kind":"5","hasDescription":true},{"id":"071422723012","name":"Borkowice","parentId":"071422723000","level":6,"kind":"2","hasDescription":false},{"id":"071422723022","name":"Gielniów","parentId":"071422723000","level":6,"kind":"2","hasDescription":true},{"id":"071422723023","name":"Gielniów","parentId":"071422723000","level":6,"kind":"3","hasDescription":true},{"id":"071422723024","name":"Gielniów - miasto","parentId":"071422723023","level":6,"kind":"4","hasDescription":true},{"id":"071422723025","name":"Gielniów - obszar wiejski","parentId":"071422723023","level":6,"kind":"5","hasDescription":true},{"id":"071422723032","name":"Klwów","parentId":"071422723000","level":6,"kind":"2","hasDescription":false},{"id":"071422723042","name":"Odrzywół","parentId":"071422723000","level":6,"kind":"2","hasDescription":true},{"id":"071422723043","name":"Odrzywół","parentId":"071422723000","level":6,"kind":"3","hasDescription":true},{"id":"071422723044","name":"Odrzywół - miasto","parentId":"071422723043","level":6,"kind":"4","hasDescription":true},{"id":"071422723045","name":"Odrzywół - obszar wiejski","parentId":"071422723043","level":6,"kind":"5","hasDescription":true},{"id":"071422723052","name":"Potworów","parentId":"071422723000","level":6,"kind":"2","hasDescription":false},{"id":"071422723063","name":"Przysucha","parentId":"071422723000","level":6,"kind":"3","hasDescription":false},{"id":"071422723064","name":"Przysucha - miasto","parentId":"071422723063","level":6,"kind":"4","hasDescription":false},{"id":"071422723065","name":"Przysucha - obszar wiejski","parentId":"071422723063","level":6,"kind":"5","hasDescription":false},{"id":"071422723072","name":"Rusinów","parentId":"071422723000","level":6,"kind":"2","hasDescription":false},{"id":"071422723082","name":"Wieniawa","parentId":"071422723000","level":6,"kind":"2","hasDescription":false},{"id":"071422725011","name":"Pionki","parentId":"071422725000","level":6,"kind":"1","hasDescription":false},{"id":"071422725022","name":"Gózd","parentId":"071422725000","level":6,"kind":"2","hasDescription":false},{"id":"071422725033","name":"Iłża","parentId":"071422725000","level":6,"kind":"3","hasDescription":false},{"id":"071422725034","name":"Iłża - miasto","parentId":"071422725033","level":6,"kind":"4","hasDescription":false},{"id":"071422725035","name":"Iłża - obszar wiejski","parentId":"071422725033","level":6,"kind":"5","hasDescription":false},{"id":"071422725042","name":"Jastrzębia","parentId":"071422725000","level":6,"kind":"2","hasDescription":false},{"id":"071422725052","name":"Jedlińsk","parentId":"071422725000","level":6,"kind":"2","hasDescription":false},{"id":"071422725062","name":"Jedlnia-Letnisko","parentId":"071422725000","level":6,"kind":"2","hasDescription":true},{"id":"071422725063","name":"Jedlnia-Letnisko","parentId":"071422725000","level":6,"kind":"3","hasDescription":true},{"id":"071422725064","name":"Jedlnia-Letnisko - miasto","parentId":"071422725063","level":6,"kind":"4","hasDescription":true},{"id":"071422725065","name":"Jedlnia-Letnisko - obszar wiejski","parentId":"071422725063","level":6,"kind":"5","hasDescription":true},{"id":"071422725072","name":"Kowala","parentId":"071422725000","level":6,"kind":"2","hasDescription":false},{"id":"071422725082","name":"Pionki","parentId":"071422725000","level":6,"kind":"2","hasDescription":false},{"id":"071422725092","name":"Przytyk","parentId":"071422725000","level":6,"kind":"2","hasDescription":true},{"id":"071422725093","name":"Przytyk","parentId":"071422725000","level":6,"kind":"3","hasDescription":true},{"id":"071422725094","name":"Przytyk - miasto","parentId":"071422725093","level":6,"kind":"4","hasDescription":true},{"id":"071422725095","name":"Przytyk - obszar wiejski","parentId":"071422725093","level":6,"kind":"5","hasDescription":true},{"id":"071422725103","name":"Skaryszew","parentId":"071422725000","level":6,"kind":"3","hasDescription":false},{"id":"071422725104","name":"Skaryszew - miasto","parentId":"071422725103","level":6,"kind":"4","hasDescription":false},{"id":"071422725105","name":"Skaryszew - obszar wiejski","parentId":"071422725103","level":6,"kind":"5","hasDescription":false},{"id":"071422725112","name":"Wierzbica","parentId":"071422725000","level":6,"kind":"2","hasDescription":false},{"id":"071422725122","name":"Wolanów","parentId":"071422725000","level":6,"kind":"2","hasDescription":false},{"id":"071422725132","name":"Zakrzew","parentId":"071422725000","level":6,"kind":"2","hasDescription":false},{"id":"071422730012","name":"Chlewiska","parentId":"071422730000","level":6,"kind":"2","hasDescription":false},{"id":"071422730022","name":"Jastrząb","parentId":"071422730000","level":6,"kind":"2","hasDescription":true},{"id":"071422730023","name":"Jastrząb","parentId":"071422730000","level":6,"kind":"3","hasDescription":true},{"id":"071422730024","name":"Jastrząb - miasto","parentId":"071422730023","level":6,"kind":"4","hasDescription":true},{"id":"071422730025","name":"Jastrząb - obszar wiejski","parentId":"071422730023","level":6,"kind":"5","hasDescription":true},{"id":"071422730032","name":"Mirów","parentId":"071422730000","level":6,"kind":"2","hasDescription":false}]}