{"totalRecords":4157,"page":34,"pageSize":100,"links":{"first":"https://bdl.stat.gov.pl/api/v1/units?level=6&page-size=100&format=json&page=0","prev":"https://bdl.stat.gov.pl/api/v1/units?level=6&page-size=100&format=json&page=33","self":"https://bdl.stat.gov.pl/api/v1/units?level=6&page-size=100&format=json&page=34","next":"https://bdl.stat.gov.pl/api/v1/units?level=6&page-size=100&format=json&page=35","last":"https://bdl.stat.gov.pl/api/v1/units?level=6&page-size=100&format=json&page=41"},"results":[{"id":"061813608011","name":"Leżajsk","parentId":"061813608000","level":6,"kind":"1","hasDescription":false},{"id":"061813608022","name":"Grodzisko Dolne","parentId":"061813608000","level":6,"kind":"2","hasDescription":false},{"id":"061813608032","name":"Kuryłówka","parentId":"061813608000","level":6,"kind":"2","hasDescription":false},{"id":"061813608042","name":"Leżajsk","parentId":"061813608000","level":6,"kind":"2","hasDescription":false},{"id":"061813608053","name":"Nowa Sarzyna","parentId":"061813608000","level":6,"kind":"3","hasDescription":false},{"id":"061813608054","name":"Nowa Sarzyna - miasto","parentId":"061813608053","level":6,"kind":"4","hasDescription":false},{"id":"061813608055","name":"Nowa Sarzyna - obszar wiejski","parentId":"061813608053","level":6,"kind":"5","hasDescription":false},{"id":"061813611011","name":"Mielec","parentId":"061813611000","level":6,"kind":"1","hasDescription":false},{"id":"061813611022","name":"Borowa","parentId":"061813611000","level":6,"kind":"2","hasDescription":false},{"id":"061813611032","name":"Czermin","parentId":"061813611000","level":6,"kind":"2","hasDescription":false},{"id":"061813611042","name":"Gawłuszowice","parentId":"061813611000","level":6,"kind":"2","hasDescription":false},{"id":"061813611052","name":"Mielec","parentId":"061813611000","level":6,"kind":"2","hasDescription":false},{"id":"061813611062","name":"Padew Narodowa","parentId":"061813611000","level":6,"kind":"2","hasDescription":false},{"id":"061813611072","name":"Przecław","parentId":"061813611000","level":6,"kind":"2","hasDescription":true},{"id":"061813611073","name":"Przecław","parentId":"061813611000","level":6,"kind":"3","hasDescription":true},{"id":"061813611074","name":"Przecław - miasto","parentId":"061813611073","level":6,"kind":"4","hasDescription":true},{"id":"061813611075","name":"Przecław - obszar wiejski","parentId":"061813611073","level":6,"kind":"5","hasDescription":true},{"id":"061813611083","name":"Radomyśl Wielki","parentId":"061813611000","level":6,"kind":"3","hasDescription":false},{"id":"061813611084","name":"Radomyśl Wielki - miasto","parentId":"061813611083","level":6,"kind":"4","hasDescription":false},{"id":"061813611085","name":"Radomyśl Wielki - obszar wiejski","parentId":"061813611083","level":6,"kind":"5","hasDescription":false},{"id":"061813611092","name":"Tuszów Narodowy","parentId":"061813611000","level":6,"kind":"2","hasDescription":false},{"id":"061813611102","name":"Wadowice Górne","parentId":"061813611000","level":6,"kind":"2","hasDescription":false},{"id":"061813612012","name":"Harasiuki","parentId":"061813612000","level":6,"kind":"2","hasDescription":false},{"id":"061813612022","name":"Jarocin","parentId":"061813612000","level":6,"kind":"2","hasDescription":false},{"id":"061813612032","name":"Jeżowe","parentId":"061813612000","level":6,"kind":"2","hasDescription":false},{"id":"061813612042","name":"Krzeszów","parentId":"061813612000","level":6,"kind":"2","hasDescription":false},{"id":"061813612053","name":"Nisko","parentId":"061813612000","level":6,"kind":"3","hasDescription":false},{"id":"061813612054","name":"Nisko - miasto","parentId":"061813612053","level":6,"kind":"4","hasDescription":false},{"id":"061813612055","name":"Nisko - obszar wiejski","parentId":"061813612053","level":6,"kind":"5","hasDescription":false},{"id":"061813612063","name":"Rudnik nad Sanem","parentId":"061813612000","level":6,"kind":"3","hasDescription":true},{"id":"061813612064","name":"Rudnik nad Sanem - miasto","parentId":"061813612063","level":6,"kind":"4","hasDescription":true},{"id":"061813612065","name":"Rudnik nad Sanem - obszar wiejski","parentId":"061813612063","level":6,"kind":"5","hasDescription":true},{"id":"061813612073","name":"Ulanów","parentId":"061813612000","level":6,"kind":"3","hasDescription":false},{"id":"061813612074","name":"Ulanów - miasto","parentId":"061813612073","level":6,"kind":"4","hasDescription":false},{"id":"061813612075","name":"Ulanów - obszar wiejski","parentId":"061813612073","level":6,"kind":"5","hasDescription":false},{"id":"061813618011","name":"Stalowa Wola","parentId":"061813618000","level":6,"kind":"1","hasDescription":false},{"id":"061813618022","name":"Bojanów","parentId":"061813618000","level":6,"kind":"2","hasDescription":false},{"id":"061813618032","name":"Pysznica","parentId":"061813618000","level":6,"kind":"2","hasDescription":false},{"id":"061813618042","name":"Radomyśl nad Sanem","parentId":"061813618000","level":6,"kind":"2","hasDescription":true},{"id":"061813618052","name":"Zaklików","parentId":"061813618000","level":6,"kind":"2","hasDescription":true},{"id":"061813618053","name":"Zaklików","parentId":"061813618000","level":6,"kind":"3","hasDescription":true},{"id":"061813618054","name":"Zaklików - miasto","parentId":"061813618053","level":6,"kind":"4","hasDescription":true},{"id":"061813618055","name":"Zaklików - obszar wiejski","parentId":"061813618053","level":6,"kind":"5","hasDescription":true},{"id":"061813618062","name":"Zaleszany","parentId":"061813618000","level":6,"kind":"2","hasDescription":false},{"id":"061813620013","name":"Baranów Sandomierski","parentId":"061813620000","level":6,"kind":"3","hasDescription":false},{"id":"061813620014","name":"Baranów Sandomierski - miasto","parentId":"061813620013","level":6,"kind":"4","hasDescription":false},{"id":"061813620015","name":"Baranów Sandomierski - obszar wiejski","parentId":"061813620013","level":6,"kind":"5","hasDescription":false},{"id":"061813620022","name":"Gorzyce","parentId":"061813620000","level":6,"kind":"2","hasDescription":false},{"id":"061813620032","name":"Grębów","parentId":"061813620000","level":6,"kind":"2","hasDescription":false},{"id":"061813620043","name":"Nowa Dęba","parentId":"061813620000","level":6,"kind":"3","hasDescription":false},{"id":"061813620044","name":"Nowa Dęba - miasto","parentId":"061813620043","level":6,"kind":"4","hasDescription":false},{"id":"061813620045","name":"Nowa Dęba - obszar wiejski","parentId":"061813620043","level":6,"kind":"5","hasDescription":false},{"id":"061813664011","name":"Tarnobrzeg","parentId":"061813664000","level":6,"kind":"1","hasDescription":false},{"id":"062013702013","name":"Choroszcz","parentId":"062013702000","level":6,"kind":"3","hasDescription":false},{"id":"062013702014","name":"Choroszcz - miasto","parentId":"062013702013","level":6,"kind":"4","hasDescription":false},{"id":"062013702015","name":"Choroszcz - obszar wiejski","parentId":"062013702013","level":6,"kind":"5","hasDescription":false},{"id":"062013702023","name":"Czarna Białostocka","parentId":"062013702000","level":6,"kind":"3","hasDescription":false},{"id":"062013702024","name":"Czarna Białostocka - miasto","parentId":"062013702023","level":6,"kind":"4","hasDescription":false},{"id":"062013702025","name":"Czarna Białostocka - obszar wiejski","parentId":"062013702023","level":6,"kind":"5","hasDescription":false},{"id":"062013702032","name":"Dobrzyniewo Duże","parentId":"062013702000","level":6,"kind":"2","hasDescription":true},{"id":"062013702042","name":"Gródek","parentId":"062013702000","level":6,"kind":"2","hasDescription":false},{"id":"062013702052","name":"Juchnowiec Kościelny","parentId":"062013702000","level":6,"kind":"2","hasDescription":true},{"id":"062013702063","name":"Łapy","parentId":"062013702000","level":6,"kind":"3","hasDescription":false},{"id":"062013702064","name":"Łapy - miasto","parentId":"062013702063","level":6,"kind":"4","hasDescription":false},{"id":"062013702065","name":"Łapy - obszar wiejski","parentId":"062013702063","level":6,"kind":"5","hasDescription":false},{"id":"062013702072","name":"Michałowo","parentId":"062013702000","level":6,"kind":"2","hasDescription":true},{"id":"062013702073","name":"Michałowo","parentId":"062013702000","level":6,"kind":"3","hasDescription":true},{"id":"062013702074","name":"Michałowo - miasto","parentId":"062013702073","level":6,"kind":"4","hasDescription":true},{"id":"062013702075","name":"Michałowo - obszar wiejski","parentId":"062013702073","level":6,"kind":"5","hasDescription":true},{"id":"062013702082","name":"Poświętne","parentId":"062013702000","level":6,"kind":"2","hasDescription":false},{"id":"062013702093","name":"Supraśl","parentId":"062013702000","level":6,"kind":"3","hasDescription":false},{"id":"062013702094","name":"Supraśl - miasto","parentId":"062013702093","level":6,"kind":"4","hasDescription":false},{"id":"062013702095","name":"Supraśl - obszar wiejski","parentId":"062013702093","level":6,"kind":"5","hasDescription":false},{"id":"062013702103","name":"Suraż","parentId":"062013702000","level":6,"kind":"3","hasDescription":false},{"id":"062013702104","name":"Suraż - miasto","parentId":"062013702103","level":6,"kind":"4","hasDescription":false},{"id":"062013702105","name":"Suraż - obszar wiejski","parentId":"062013702103","level":6,"kind":"5","hasDescription":false},{"id":"062013702112","name":"Turośń Kościelna","parentId":"062013702000","level":6,"kind":"2","hasDescription":false},{"id":"062013702123","name":"Tykocin","parentId":"062013702000","level":6,"kind":"3","hasDescription":false},{"id":"062013702124","name":"Tykocin - miasto","parentId":"062013702123","level":6,"kind":"4","hasDescription":false},{"id":"062013702125","name":"Tykocin - obszar wiejski","parentId":"062013702123","level":6,"kind":"5","hasDescription":false},{"id":"062013702133","name":"Wasilków","parentId":"062013702000","level":6,"kind":"3","hasDescription":false},{"id":"062013702134","name":"Wasilków - miasto","parentId":"062013702133","level":6,"kind":"4","hasDescription":false},{"id":"062013702135","name":"Wasilków - obszar wiejski","parentId":"062013702133","level":6,"kind":"5","hasDescription":false},{"id":"062013702143","name":"Zabłudów","parentId":"062013702000","level":6,"kind":"3","hasDescription":false},{"id":"062013702144","name":"Zabłudów - miasto","parentId":"062013702143","level":6,"kind":"4","hasDescription":false},{"id":"062013702145","name":"Zabłudów - obszar wiejski","parentId":"062013702143","level":6,"kind":"5","hasDescription":false},{"id":"062013702152","name":"Zawady","parentId":"062013702000","level":6,"kind":"2","hasDescription":false},{"id":"062013711013","name":"Dąbrowa Białostocka","parentId":"062013711000","level":6,"kind":"3","hasDescription":false},{"id":"062013711014","name":"Dąbrowa Białostocka - miasto","parentId":"062013711013","level":6,"kind":"4","hasDescription":false},{"id":"062013711015","name":"Dąbrowa Białostocka - obszar wiejski","parentId":"062013711013","level":6,"kind":"5","hasDescription":false},{"id":"062013711022","name":"Janów","parentId":"062013711000","level":6,"kind":"2","hasDescription":false},{"id":"062013711032","name":"Korycin","parentId":"062013711000","level":6,"kind":"2","hasDescription":false},{"id":"062013711042","name":"Krynki","parentId":"062013711000","level":6,"kind":"2","hasDescription":true},{"id":"062013711043","name":"Krynki","parentId":"062013711000","level":6,"kind":"3","hasDescription":true},{"id":"062013711044","name":"Krynki - miasto","parentId":"062013711043","level":6,"kind":"4","hasDescription":true},{"id":"062013711045","name":"Krynki - obszar wiejski","parentId":"062013711043","level":6,"kind":"5","hasDescription":true},{"id":"062013711052","name":"Kuźnica","parentId":"062013711000","level":6,"kind":"2","hasDescription":false},{"id":"062013711062","name":"Nowy Dwór","parentId":"062013711000","level":6,"kind":"2","hasDescription":false},{"id":"062013711072","name":"Sidra","parentId":"062013711000","level":6,"kind":"2","hasDescription":false},{"id":"062013711083","name":"Sokółka","parentId":"062013711000","level":6,"kind":"3","hasDescription":false}]}