{"totalRecords":4157,"page":37,"pageSize":100,"links":{"first":"https://bdl.stat.gov.pl/api/v1/units?level=6&page-size=100&format=json&page=0","prev":"https://bdl.stat.gov.pl/api/v1/units?level=6&page-size=100&format=json&page=36","self":"https://bdl.stat.gov.pl/api/v1/units?level=6&page-size=100&format=json&page=37","next":"https://bdl.stat.gov.pl/api/v1/units?level=6&page-size=100&format=json&page=38","last":"https://bdl.stat.gov.pl/api/v1/units?level=6&page-size=100&format=json&page=41"},"results":[{"id":"071412912132","name":"Siennica","parentId":"071412912000","level":6,"kind":"2","hasDescription":true},{"id":"071412912133","name":"Siennica","parentId":"071412912000","level":6,"kind":"3","hasDescription":true},{"id":"071412912134","name":"Siennica - miasto","parentId":"071412912133","level":6,"kind":"4","hasDescription":true},{"id":"071412912135","name":"Siennica - obszar wiejski","parentId":"071412912133","level":6,"kind":"5","hasDescription":true},{"id":"071412912142","name":"Stanisławów","parentId":"071412912000","level":6,"kind":"2","hasDescription":false},{"id":"071412912151","name":"Sulejówek","parentId":"071412912000","level":6,"kind":"1","hasDescription":true},{"id":"071412917011","name":"Józefów","parentId":"071412917000","level":6,"kind":"1","hasDescription":false},{"id":"071412917021","name":"Otwock","parentId":"071412917000","level":6,"kind":"1","hasDescription":false},{"id":"071412917032","name":"Celestynów","parentId":"071412917000","level":6,"kind":"2","hasDescription":false},{"id":"071412917043","name":"Karczew","parentId":"071412917000","level":6,"kind":"3","hasDescription":false},{"id":"071412917044","name":"Karczew - miasto","parentId":"071412917043","level":6,"kind":"4","hasDescription":false},{"id":"071412917045","name":"Karczew - obszar wiejski","parentId":"071412917043","level":6,"kind":"5","hasDescription":false},{"id":"071412917052","name":"Kołbiel","parentId":"071412917000","level":6,"kind":"2","hasDescription":false},{"id":"071412917062","name":"Osieck","parentId":"071412917000","level":6,"kind":"2","hasDescription":true},{"id":"071412917063","name":"Osieck","parentId":"071412917000","level":6,"kind":"3","hasDescription":true},{"id":"071412917064","name":"Osieck - miasto","parentId":"071412917063","level":6,"kind":"4","hasDescription":true},{"id":"071412917065","name":"Osieck - obszar wiejski","parentId":"071412917063","level":6,"kind":"5","hasDescription":true},{"id":"071412917072","name":"Sobienie-Jeziory","parentId":"071412917000","level":6,"kind":"2","hasDescription":false},{"id":"071412917082","name":"Wiązowna","parentId":"071412917000","level":6,"kind":"2","hasDescription":false},{"id":"071412934011","name":"Kobyłka","parentId":"071412934000","level":6,"kind":"1","hasDescription":false},{"id":"071412934021","name":"Marki","parentId":"071412934000","level":6,"kind":"1","hasDescription":false},{"id":"071412934031","name":"Ząbki","parentId":"071412934000","level":6,"kind":"1","hasDescription":false},{"id":"071412934041","name":"Zielonka","parentId":"071412934000","level":6,"kind":"1","hasDescription":false},{"id":"071412934052","name":"Dąbrówka","parentId":"071412934000","level":6,"kind":"2","hasDescription":false},{"id":"071412934062","name":"Jadów","parentId":"071412934000","level":6,"kind":"2","hasDescription":true},{"id":"071412934063","name":"Jadów","parentId":"071412934000","level":6,"kind":"3","hasDescription":true},{"id":"071412934064","name":"Jadów - miasto","parentId":"071412934063","level":6,"kind":"4","hasDescription":true},{"id":"071412934065","name":"Jadów - obszar wiejski","parentId":"071412934063","level":6,"kind":"5","hasDescription":true},{"id":"071412934072","name":"Klembów","parentId":"071412934000","level":6,"kind":"2","hasDescription":false},{"id":"071412934082","name":"Poświętne","parentId":"071412934000","level":6,"kind":"2","hasDescription":false},{"id":"071412934093","name":"Radzymin","parentId":"071412934000","level":6,"kind":"3","hasDescription":false},{"id":"071412934094","name":"Radzymin - miasto","parentId":"071412934093","level":6,"kind":"4","hasDescription":false},{"id":"071412934095","name":"Radzymin - obszar wiejski","parentId":"071412934093","level":6,"kind":"5","hasDescription":false},{"id":"071412934102","name":"Strachówka","parentId":"071412934000","level":6,"kind":"2","hasDescription":false},{"id":"071412934113","name":"Tłuszcz","parentId":"071412934000","level":6,"kind":"3","hasDescription":false},{"id":"071412934114","name":"Tłuszcz - miasto","parentId":"071412934113","level":6,"kind":"4","hasDescription":false},{"id":"071412934115","name":"Tłuszcz - obszar wiejski","parentId":"071412934113","level":6,"kind":"5","hasDescription":false},{"id":"071412934123","name":"Wołomin","parentId":"071412934000","level":6,"kind":"3","hasDescription":false},{"id":"071412934124","name":"Wołomin - miasto","parentId":"071412934123","level":6,"kind":"4","hasDescription":false},{"id":"071412934125","name":"Wołomin - obszar wiejski","parentId":"071412934123","level":6,"kind":"5","hasDescription":false},{"id":"071413005011","name":"Milanówek","parentId":"071413005000","level":6,"kind":"1","hasDescription":false},{"id":"071413005021","name":"Podkowa Leśna","parentId":"071413005000","level":6,"kind":"1","hasDescription":false},{"id":"071413005032","name":"Baranów","parentId":"071413005000","level":6,"kind":"2","hasDescription":false},{"id":"071413005043","name":"Grodzisk Mazowiecki","parentId":"071413005000","level":6,"kind":"3","hasDescription":false},{"id":"071413005044","name":"Grodzisk Mazowiecki - miasto","parentId":"071413005043","level":6,"kind":"4","hasDescription":false},{"id":"071413005045","name":"Grodzisk Mazowiecki - obszar wiejski","parentId":"071413005043","level":6,"kind":"5","hasDescription":false},{"id":"071413005052","name":"Jaktorów","parentId":"071413005000","level":6,"kind":"2","hasDescription":false},{"id":"071413005062","name":"Żabia Wola","parentId":"071413005000","level":6,"kind":"2","hasDescription":false},{"id":"071413014011","name":"Nowy Dwór Mazowiecki","parentId":"071413014000","level":6,"kind":"1","hasDescription":false},{"id":"071413014022","name":"Czosnów","parentId":"071413014000","level":6,"kind":"2","hasDescription":false},{"id":"071413014032","name":"Leoncin","parentId":"071413014000","level":6,"kind":"2","hasDescription":false},{"id":"071413014043","name":"Nasielsk","parentId":"071413014000","level":6,"kind":"3","hasDescription":false},{"id":"071413014044","name":"Nasielsk - miasto","parentId":"071413014043","level":6,"kind":"4","hasDescription":false},{"id":"071413014045","name":"Nasielsk - obszar wiejski","parentId":"071413014043","level":6,"kind":"5","hasDescription":false},{"id":"071413014052","name":"Pomiechówek","parentId":"071413014000","level":6,"kind":"2","hasDescription":false},{"id":"071413014063","name":"Zakroczym","parentId":"071413014000","level":6,"kind":"3","hasDescription":false},{"id":"071413014064","name":"Zakroczym - miasto","parentId":"071413014063","level":6,"kind":"4","hasDescription":false},{"id":"071413014065","name":"Zakroczym - obszar wiejski","parentId":"071413014063","level":6,"kind":"5","hasDescription":false},{"id":"071413018013","name":"Góra Kalwaria","parentId":"071413018000","level":6,"kind":"3","hasDescription":false},{"id":"071413018014","name":"Góra Kalwaria - miasto","parentId":"071413018013","level":6,"kind":"4","hasDescription":false},{"id":"071413018015","name":"Góra Kalwaria - obszar wiejski","parentId":"071413018013","level":6,"kind":"5","hasDescription":false},{"id":"071413018023","name":"Konstancin-Jeziorna","parentId":"071413018000","level":6,"kind":"3","hasDescription":false},{"id":"071413018024","name":"Konstancin-Jeziorna - miasto","parentId":"071413018023","level":6,"kind":"4","hasDescription":false},{"id":"071413018025","name":"Konstancin-Jeziorna - obszar wiejski","parentId":"071413018023","level":6,"kind":"5","hasDescription":false},{"id":"071413018032","name":"Lesznowola","parentId":"071413018000","level":6,"kind":"2","hasDescription":false},{"id":"071413018043","name":"Piaseczno","parentId":"071413018000","level":6,"kind":"3","hasDescription":false},{"id":"071413018044","name":"Piaseczno - miasto","parentId":"071413018043","level":6,"kind":"4","hasDescription":false},{"id":"071413018045","name":"Piaseczno - obszar wiejski","parentId":"071413018043","level":6,"kind":"5","hasDescription":false},{"id":"071413018052","name":"Prażmów","parentId":"071413018000","level":6,"kind":"2","hasDescription":false},{"id":"071413018063","name":"Tarczyn","parentId":"071413018000","level":6,"kind":"3","hasDescription":true},{"id":"071413018064","name":"Tarczyn - miasto","parentId":"071413018063","level":6,"kind":"4","hasDescription":true},{"id":"071413018065","name":"Tarczyn - obszar wiejski","parentId":"071413018063","level":6,"kind":"5","hasDescription":true},{"id":"071413021011","name":"Piastów","parentId":"071413021000","level":6,"kind":"1","hasDescription":false},{"id":"071413021021","name":"Pruszków","parentId":"071413021000","level":6,"kind":"1","hasDescription":false},{"id":"071413021033","name":"Brwinów","parentId":"071413021000","level":6,"kind":"3","hasDescription":false},{"id":"071413021034","name":"Brwinów - miasto","parentId":"071413021033","level":6,"kind":"4","hasDescription":false},{"id":"071413021035","name":"Brwinów - obszar wiejski","parentId":"071413021033","level":6,"kind":"5","hasDescription":false},{"id":"071413021042","name":"Michałowice","parentId":"071413021000","level":6,"kind":"2","hasDescription":false},{"id":"071413021052","name":"Nadarzyn","parentId":"071413021000","level":6,"kind":"2","hasDescription":false},{"id":"071413021062","name":"Raszyn","parentId":"071413021000","level":6,"kind":"2","hasDescription":false},{"id":"071413032013","name":"Błonie","parentId":"071413032000","level":6,"kind":"3","hasDescription":false},{"id":"071413032014","name":"Błonie - miasto","parentId":"071413032013","level":6,"kind":"4","hasDescription":false},{"id":"071413032015","name":"Błonie - obszar wiejski","parentId":"071413032013","level":6,"kind":"5","hasDescription":false},{"id":"071413032022","name":"Izabelin","parentId":"071413032000","level":6,"kind":"2","hasDescription":false},{"id":"071413032032","name":"Kampinos","parentId":"071413032000","level":6,"kind":"2","hasDescription":false},{"id":"071413032042","name":"Leszno","parentId":"071413032000","level":6,"kind":"2","hasDescription":false},{"id":"071413032053","name":"Łomianki","parentId":"071413032000","level":6,"kind":"3","hasDescription":false},{"id":"071413032054","name":"Łomianki - miasto","parentId":"071413032053","level":6,"kind":"4","hasDescription":false},{"id":"071413032055","name":"Łomianki - obszar wiejski","parentId":"071413032053","level":6,"kind":"5","hasDescription":false},{"id":"071413032063","name":"Ożarów Mazowiecki","parentId":"071413032000","level":6,"kind":"3","hasDescription":false},{"id":"071413032064","name":"Ożarów Mazowiecki - miasto","parentId":"071413032063","level":6,"kind":"4","hasDescription":false},{"id":"071413032065","name":"Ożarów Mazowiecki - obszar wiejski","parentId":"071413032063","level":6,"kind":"5","hasDescription":false},{"id":"071413032072","name":"Stare Babice","parentId":"071413032000","level":6,"kind":"2","hasDescription":false},{"id":"071422502011","name":"Ciechanów","parentId":"071422502000","level":6,"kind":"1","hasDescription":false},{"id":"071422502022","name":"Ciechanów","parentId":"071422502000","level":6,"kind":"2","hasDescription":false},{"id":"071422502033","name":"Glinojeck","parentId":"071422502000","level":6,"kind":"3","hasDescription":false},{"id":"071422502034","name":"Glinojeck - miasto","parentId":"071422502033","level":6,"kind":"4","hasDescription":false},{"id":"071422502035","name":"Glinojeck - obszar wiejski","parentId":"071422502033","level":6,"kind":"5","hasDescription":false},{"id":"071422502042","name":"Gołymin-Ośrodek","parentId":"071422502000","level":6,"kind":"2","hasDescription":false},{"id":"071422502052","name":"Grudusk","parentId":"071422502000","level":6,"kind":"2","hasDescription":false}]}