{"totalRecords":4157,"page":35,"pageSize":100,"links":{"first":"https://bdl.stat.gov.pl/api/v1/units?level=6&page-size=100&format=json&page=0","prev":"https://bdl.stat.gov.pl/api/v1/units?level=6&page-size=100&format=json&page=34","self":"https://bdl.stat.gov.pl/api/v1/units?level=6&page-size=100&format=json&page=35","next":"https://bdl.stat.gov.pl/api/v1/units?level=6&page-size=100&format=json&page=36","last":"https://bdl.stat.gov.pl/api/v1/units?level=6&page-size=100&format=json&page=41"},"results":[{"id":"062013711084","name":"Sokółka - miasto","parentId":"062013711083","level":6,"kind":"4","hasDescription":false},{"id":"062013711085","name":"Sokółka - obszar wiejski","parentId":"062013711083","level":6,"kind":"5","hasDescription":false},{"id":"062013711092","name":"Suchowola","parentId":"062013711000","level":6,"kind":"2","hasDescription":true},{"id":"062013711093","name":"Suchowola","parentId":"062013711000","level":6,"kind":"3","hasDescription":true},{"id":"062013711094","name":"Suchowola - miasto","parentId":"062013711093","level":6,"kind":"4","hasDescription":true},{"id":"062013711095","name":"Suchowola - obszar wiejski","parentId":"062013711093","level":6,"kind":"5","hasDescription":true},{"id":"062013711102","name":"Szudziałowo","parentId":"062013711000","level":6,"kind":"2","hasDescription":false},{"id":"062013761011","name":"Białystok","parentId":"062013761000","level":6,"kind":"1","hasDescription":false},{"id":"062013803011","name":"Bielsk Podlaski","parentId":"062013803000","level":6,"kind":"1","hasDescription":false},{"id":"062013803021","name":"Brańsk","parentId":"062013803000","level":6,"kind":"1","hasDescription":false},{"id":"062013803032","name":"Bielsk Podlaski","parentId":"062013803000","level":6,"kind":"2","hasDescription":false},{"id":"062013803042","name":"Boćki","parentId":"062013803000","level":6,"kind":"2","hasDescription":false},{"id":"062013803052","name":"Brańsk","parentId":"062013803000","level":6,"kind":"2","hasDescription":false},{"id":"062013803062","name":"Orla","parentId":"062013803000","level":6,"kind":"2","hasDescription":false},{"id":"062013803072","name":"Rudka","parentId":"062013803000","level":6,"kind":"2","hasDescription":false},{"id":"062013803082","name":"Wyszki","parentId":"062013803000","level":6,"kind":"2","hasDescription":false},{"id":"062013805011","name":"Hajnówka","parentId":"062013805000","level":6,"kind":"1","hasDescription":false},{"id":"062013805022","name":"Białowieża","parentId":"062013805000","level":6,"kind":"2","hasDescription":false},{"id":"062013805032","name":"Czeremcha","parentId":"062013805000","level":6,"kind":"2","hasDescription":false},{"id":"062013805042","name":"Czyże","parentId":"062013805000","level":6,"kind":"2","hasDescription":false},{"id":"062013805052","name":"Dubicze Cerkiewne","parentId":"062013805000","level":6,"kind":"2","hasDescription":false},{"id":"062013805062","name":"Hajnówka","parentId":"062013805000","level":6,"kind":"2","hasDescription":false},{"id":"062013805073","name":"Kleszczele","parentId":"062013805000","level":6,"kind":"3","hasDescription":false},{"id":"062013805074","name":"Kleszczele - miasto","parentId":"062013805073","level":6,"kind":"4","hasDescription":false},{"id":"062013805075","name":"Kleszczele - obszar wiejski","parentId":"062013805073","level":6,"kind":"5","hasDescription":false},{"id":"062013805082","name":"Narew","parentId":"062013805000","level":6,"kind":"2","hasDescription":false},{"id":"062013805092","name":"Narewka","parentId":"062013805000","level":6,"kind":"2","hasDescription":false},{"id":"062013806011","name":"Kolno","parentId":"062013806000","level":6,"kind":"1","hasDescription":false},{"id":"062013806022","name":"Grabowo","parentId":"062013806000","level":6,"kind":"2","hasDescription":false},{"id":"062013806032","name":"Kolno","parentId":"062013806000","level":6,"kind":"2","hasDescription":false},{"id":"062013806042","name":"Mały Płock","parentId":"062013806000","level":6,"kind":"2","hasDescription":false},{"id":"062013806053","name":"Stawiski","parentId":"062013806000","level":6,"kind":"3","hasDescription":false},{"id":"062013806054","name":"Stawiski - miasto","parentId":"062013806053","level":6,"kind":"4","hasDescription":false},{"id":"062013806055","name":"Stawiski - obszar wiejski","parentId":"062013806053","level":6,"kind":"5","hasDescription":false},{"id":"062013806062","name":"Turośl","parentId":"062013806000","level":6,"kind":"2","hasDescription":false},{"id":"062013807013","name":"Jedwabne","parentId":"062013807000","level":6,"kind":"3","hasDescription":false},{"id":"062013807014","name":"Jedwabne - miasto","parentId":"062013807013","level":6,"kind":"4","hasDescription":false},{"id":"062013807015","name":"Jedwabne - obszar wiejski","parentId":"062013807013","level":6,"kind":"5","hasDescription":false},{"id":"062013807022","name":"Łomża","parentId":"062013807000","level":6,"kind":"2","hasDescription":false},{"id":"062013807032","name":"Miastkowo","parentId":"062013807000","level":6,"kind":"2","hasDescription":false},{"id":"062013807043","name":"Nowogród","parentId":"062013807000","level":6,"kind":"3","hasDescription":false},{"id":"062013807044","name":"Nowogród - miasto","parentId":"062013807043","level":6,"kind":"4","hasDescription":false},{"id":"062013807045","name":"Nowogród - obszar wiejski","parentId":"062013807043","level":6,"kind":"5","hasDescription":false},{"id":"062013807052","name":"Piątnica","parentId":"062013807000","level":6,"kind":"2","hasDescription":false},{"id":"062013807062","name":"Przytuły","parentId":"062013807000","level":6,"kind":"2","hasDescription":false},{"id":"062013807072","name":"Śniadowo","parentId":"062013807000","level":6,"kind":"2","hasDescription":false},{"id":"062013807082","name":"Wizna","parentId":"062013807000","level":6,"kind":"2","hasDescription":false},{"id":"062013807092","name":"Zbójna","parentId":"062013807000","level":6,"kind":"2","hasDescription":false},{"id":"062013810011","name":"Siemiatycze","parentId":"062013810000","level":6,"kind":"1","hasDescription":false},{"id":"062013810023","name":"Drohiczyn","parentId":"062013810000","level":6,"kind":"3","hasDescription":false},{"id":"062013810024","name":"Drohiczyn - miasto","parentId":"062013810023","level":6,"kind":"4","hasDescription":false},{"id":"062013810025","name":"Drohiczyn - obszar wiejski","parentId":"062013810023","level":6,"kind":"5","hasDescription":false},{"id":"062013810032","name":"Dziadkowice","parentId":"062013810000","level":6,"kind":"2","hasDescription":false},{"id":"062013810042","name":"Grodzisk","parentId":"062013810000","level":6,"kind":"2","hasDescription":false},{"id":"062013810052","name":"Mielnik","parentId":"062013810000","level":6,"kind":"2","hasDescription":false},{"id":"062013810062","name":"Milejczyce","parentId":"062013810000","level":6,"kind":"2","hasDescription":false},{"id":"062013810072","name":"Nurzec-Stacja","parentId":"062013810000","level":6,"kind":"2","hasDescription":false},{"id":"062013810082","name":"Perlejewo","parentId":"062013810000","level":6,"kind":"2","hasDescription":false},{"id":"062013810092","name":"Siemiatycze","parentId":"062013810000","level":6,"kind":"2","hasDescription":false},{"id":"062013813011","name":"Wysokie Mazowieckie","parentId":"062013813000","level":6,"kind":"1","hasDescription":false},{"id":"062013813023","name":"Ciechanowiec","parentId":"062013813000","level":6,"kind":"3","hasDescription":false},{"id":"062013813024","name":"Ciechanowiec - miasto","parentId":"062013813023","level":6,"kind":"4","hasDescription":false},{"id":"062013813025","name":"Ciechanowiec - obszar wiejski","parentId":"062013813023","level":6,"kind":"5","hasDescription":false},{"id":"062013813032","name":"Czyżew-Osada","parentId":"062013813000","level":6,"kind":"2","hasDescription":true},{"id":"062013813033","name":"Czyżew","parentId":"062013813000","level":6,"kind":"3","hasDescription":true},{"id":"062013813034","name":"Czyżew - miasto","parentId":"062013813033","level":6,"kind":"4","hasDescription":true},{"id":"062013813035","name":"Czyżew - obszar wiejski","parentId":"062013813033","level":6,"kind":"5","hasDescription":true},{"id":"062013813042","name":"Klukowo","parentId":"062013813000","level":6,"kind":"2","hasDescription":false},{"id":"062013813052","name":"Kobylin-Borzymy","parentId":"062013813000","level":6,"kind":"2","hasDescription":false},{"id":"062013813062","name":"Kulesze Kościelne","parentId":"062013813000","level":6,"kind":"2","hasDescription":false},{"id":"062013813072","name":"Nowe Piekuty","parentId":"062013813000","level":6,"kind":"2","hasDescription":false},{"id":"062013813082","name":"Sokoły","parentId":"062013813000","level":6,"kind":"2","hasDescription":false},{"id":"062013813092","name":"Szepietowo","parentId":"062013813000","level":6,"kind":"2","hasDescription":true},{"id":"062013813093","name":"Szepietowo","parentId":"062013813000","level":6,"kind":"3","hasDescription":true},{"id":"062013813094","name":"Szepietowo - miasto","parentId":"062013813093","level":6,"kind":"4","hasDescription":true},{"id":"062013813095","name":"Szepietowo - obszar wiejski","parentId":"062013813093","level":6,"kind":"5","hasDescription":true},{"id":"062013813102","name":"Wysokie Mazowieckie","parentId":"062013813000","level":6,"kind":"2","hasDescription":false},{"id":"062013814011","name":"Zambrów","parentId":"062013814000","level":6,"kind":"1","hasDescription":false},{"id":"062013814022","name":"Kołaki Kościelne","parentId":"062013814000","level":6,"kind":"2","hasDescription":false},{"id":"062013814032","name":"Rutki","parentId":"062013814000","level":6,"kind":"2","hasDescription":false},{"id":"062013814042","name":"Szumowo","parentId":"062013814000","level":6,"kind":"2","hasDescription":false},{"id":"062013814052","name":"Zambrów","parentId":"062013814000","level":6,"kind":"2","hasDescription":false},{"id":"062013862011","name":"Łomża","parentId":"062013862000","level":6,"kind":"1","hasDescription":false},{"id":"062013901011","name":"Augustów","parentId":"062013901000","level":6,"kind":"1","hasDescription":false},{"id":"062013901022","name":"Augustów","parentId":"062013901000","level":6,"kind":"2","hasDescription":false},{"id":"062013901032","name":"Bargłów Kościelny","parentId":"062013901000","level":6,"kind":"2","hasDescription":false},{"id":"062013901043","name":"Lipsk","parentId":"062013901000","level":6,"kind":"3","hasDescription":false},{"id":"062013901044","name":"Lipsk - miasto","parentId":"062013901043","level":6,"kind":"4","hasDescription":false},{"id":"062013901045","name":"Lipsk - obszar wiejski","parentId":"062013901043","level":6,"kind":"5","hasDescription":false},{"id":"062013901052","name":"Nowinka","parentId":"062013901000","level":6,"kind":"2","hasDescription":false},{"id":"062013901062","name":"Płaska","parentId":"062013901000","level":6,"kind":"2","hasDescription":false},{"id":"062013901072","name":"Sztabin","parentId":"062013901000","level":6,"kind":"2","hasDescription":false},{"id":"062013904011","name":"Grajewo","parentId":"062013904000","level":6,"kind":"1","hasDescription":false},{"id":"062013904022","name":"Grajewo","parentId":"062013904000","level":6,"kind":"2","hasDescription":false},{"id":"062013904032","name":"Radziłów","parentId":"062013904000","level":6,"kind":"2","hasDescription":false},{"id":"062013904043","name":"Rajgród","parentId":"062013904000","level":6,"kind":"3","hasDescription":false},{"id":"062013904044","name":"Rajgród - miasto","parentId":"062013904043","level":6,"kind":"4","hasDescription":false},{"id":"062013904045","name":"Rajgród - obszar wiejski","parentId":"062013904043","level":6,"kind":"5","hasDescription":false},{"id":"062013904053","name":"Szczuczyn","parentId":"062013904000","level":6,"kind":"3","hasDescription":false},{"id":"062013904054","name":"Szczuczyn - miasto","parentId":"062013904053","level":6,"kind":"4","hasDescription":false}]}