{"totalRecords":4157,"page":22,"pageSize":100,"links":{"first":"https://bdl.stat.gov.pl/api/v1/units?level=6&page-size=100&format=json&page=0","prev":"https://bdl.stat.gov.pl/api/v1/units?level=6&page-size=100&format=json&page=21","self":"https://bdl.stat.gov.pl/api/v1/units?level=6&page-size=100&format=json&page=22","next":"https://bdl.stat.gov.pl/api/v1/units?level=6&page-size=100&format=json&page=23","last":"https://bdl.stat.gov.pl/api/v1/units?level=6&page-size=100&format=json&page=41"},"results":[{"id":"042217206062","name":"Lipusz","parentId":"042217206000","level":6,"kind":"2","hasDescription":false},{"id":"042217206072","name":"Nowa Karczma","parentId":"042217206000","level":6,"kind":"2","hasDescription":false},{"id":"042217206082","name":"Stara Kiszewa","parentId":"042217206000","level":6,"kind":"2","hasDescription":false},{"id":"042815402011","name":"Braniewo","parentId":"042815402000","level":6,"kind":"1","hasDescription":false},{"id":"042815402022","name":"Braniewo","parentId":"042815402000","level":6,"kind":"2","hasDescription":false},{"id":"042815402033","name":"Frombork","parentId":"042815402000","level":6,"kind":"3","hasDescription":false},{"id":"042815402034","name":"Frombork - miasto","parentId":"042815402033","level":6,"kind":"4","hasDescription":false},{"id":"042815402035","name":"Frombork - obszar wiejski","parentId":"042815402033","level":6,"kind":"5","hasDescription":false},{"id":"042815402042","name":"Lelkowo","parentId":"042815402000","level":6,"kind":"2","hasDescription":false},{"id":"042815402053","name":"Pieniężno","parentId":"042815402000","level":6,"kind":"3","hasDescription":false},{"id":"042815402054","name":"Pieniężno - miasto","parentId":"042815402053","level":6,"kind":"4","hasDescription":false},{"id":"042815402055","name":"Pieniężno - obszar wiejski","parentId":"042815402053","level":6,"kind":"5","hasDescription":false},{"id":"042815402062","name":"Płoskinia","parentId":"042815402000","level":6,"kind":"2","hasDescription":false},{"id":"042815402072","name":"Wilczęta","parentId":"042815402000","level":6,"kind":"2","hasDescription":false},{"id":"042815403011","name":"Działdowo","parentId":"042815403000","level":6,"kind":"1","hasDescription":false},{"id":"042815403022","name":"Działdowo","parentId":"042815403000","level":6,"kind":"2","hasDescription":false},{"id":"042815403032","name":"Iłowo-Osada","parentId":"042815403000","level":6,"kind":"2","hasDescription":false},{"id":"042815403043","name":"Lidzbark","parentId":"042815403000","level":6,"kind":"3","hasDescription":false},{"id":"042815403044","name":"Lidzbark - miasto","parentId":"042815403043","level":6,"kind":"4","hasDescription":false},{"id":"042815403045","name":"Lidzbark - obszar wiejski","parentId":"042815403043","level":6,"kind":"5","hasDescription":false},{"id":"042815403052","name":"Płośnica","parentId":"042815403000","level":6,"kind":"2","hasDescription":false},{"id":"042815403062","name":"Rybno","parentId":"042815403000","level":6,"kind":"2","hasDescription":false},{"id":"042815404012","name":"Elbląg","parentId":"042815404000","level":6,"kind":"2","hasDescription":false},{"id":"042815404022","name":"Godkowo","parentId":"042815404000","level":6,"kind":"2","hasDescription":false},{"id":"042815404032","name":"Gronowo Elbląskie","parentId":"042815404000","level":6,"kind":"2","hasDescription":false},{"id":"042815404042","name":"Markusy","parentId":"042815404000","level":6,"kind":"2","hasDescription":false},{"id":"042815404052","name":"Milejewo","parentId":"042815404000","level":6,"kind":"2","hasDescription":false},{"id":"042815404063","name":"Młynary","parentId":"042815404000","level":6,"kind":"3","hasDescription":false},{"id":"042815404064","name":"Młynary - miasto","parentId":"042815404063","level":6,"kind":"4","hasDescription":false},{"id":"042815404065","name":"Młynary - obszar wiejski","parentId":"042815404063","level":6,"kind":"5","hasDescription":false},{"id":"042815404073","name":"Pasłęk","parentId":"042815404000","level":6,"kind":"3","hasDescription":false},{"id":"042815404074","name":"Pasłęk - miasto","parentId":"042815404073","level":6,"kind":"4","hasDescription":false},{"id":"042815404075","name":"Pasłęk - obszar wiejski","parentId":"042815404073","level":6,"kind":"5","hasDescription":false},{"id":"042815404082","name":"Rychliki","parentId":"042815404000","level":6,"kind":"2","hasDescription":false},{"id":"042815404093","name":"Tolkmicko","parentId":"042815404000","level":6,"kind":"3","hasDescription":false},{"id":"042815404094","name":"Tolkmicko - miasto","parentId":"042815404093","level":6,"kind":"4","hasDescription":false},{"id":"042815404095","name":"Tolkmicko - obszar wiejski","parentId":"042815404093","level":6,"kind":"5","hasDescription":false},{"id":"042815407011","name":"Iława","parentId":"042815407000","level":6,"kind":"1","hasDescription":false},{"id":"042815407021","name":"Lubawa","parentId":"042815407000","level":6,"kind":"1","hasDescription":false},{"id":"042815407032","name":"Iława","parentId":"042815407000","level":6,"kind":"2","hasDescription":false},{"id":"042815407043","name":"Kisielice","parentId":"042815407000","level":6,"kind":"3","hasDescription":false},{"id":"042815407044","name":"Kisielice - miasto","parentId":"042815407043","level":6,"kind":"4","hasDescription":false},{"id":"042815407045","name":"Kisielice - obszar wiejski","parentId":"042815407043","level":6,"kind":"5","hasDescription":false},{"id":"042815407052","name":"Lubawa","parentId":"042815407000","level":6,"kind":"2","hasDescription":false},{"id":"042815407063","name":"Susz","parentId":"042815407000","level":6,"kind":"3","hasDescription":false},{"id":"042815407064","name":"Susz - miasto","parentId":"042815407063","level":6,"kind":"4","hasDescription":false},{"id":"042815407065","name":"Susz - obszar wiejski","parentId":"042815407063","level":6,"kind":"5","hasDescription":false},{"id":"042815407073","name":"Zalewo","parentId":"042815407000","level":6,"kind":"3","hasDescription":false},{"id":"042815407074","name":"Zalewo - miasto","parentId":"042815407073","level":6,"kind":"4","hasDescription":false},{"id":"042815407075","name":"Zalewo - obszar wiejski","parentId":"042815407073","level":6,"kind":"5","hasDescription":false},{"id":"042815412011","name":"Nowe Miasto Lubawskie","parentId":"042815412000","level":6,"kind":"1","hasDescription":false},{"id":"042815412022","name":"Biskupiec","parentId":"042815412000","level":6,"kind":"2","hasDescription":false},{"id":"042815412032","name":"Grodziczno","parentId":"042815412000","level":6,"kind":"2","hasDescription":false},{"id":"042815412042","name":"Kurzętnik","parentId":"042815412000","level":6,"kind":"2","hasDescription":false},{"id":"042815412052","name":"Nowe Miasto Lubawskie","parentId":"042815412000","level":6,"kind":"2","hasDescription":false},{"id":"042815415011","name":"Ostróda","parentId":"042815415000","level":6,"kind":"1","hasDescription":false},{"id":"042815415022","name":"Dąbrówno","parentId":"042815415000","level":6,"kind":"2","hasDescription":false},{"id":"042815415032","name":"Grunwald","parentId":"042815415000","level":6,"kind":"2","hasDescription":false},{"id":"042815415042","name":"Łukta","parentId":"042815415000","level":6,"kind":"2","hasDescription":false},{"id":"042815415052","name":"Małdyty","parentId":"042815415000","level":6,"kind":"2","hasDescription":false},{"id":"042815415062","name":"Miłakowo","parentId":"042815415000","level":6,"kind":"2","hasDescription":true},{"id":"042815415063","name":"Miłakowo","parentId":"042815415000","level":6,"kind":"3","hasDescription":true},{"id":"042815415064","name":"Miłakowo - miasto","parentId":"042815415063","level":6,"kind":"4","hasDescription":true},{"id":"042815415065","name":"Miłakowo - obszar wiejski","parentId":"042815415063","level":6,"kind":"5","hasDescription":true},{"id":"042815415072","name":"Miłomłyn","parentId":"042815415000","level":6,"kind":"2","hasDescription":true},{"id":"042815415073","name":"Miłomłyn","parentId":"042815415000","level":6,"kind":"3","hasDescription":true},{"id":"042815415074","name":"Miłomłyn - miasto","parentId":"042815415073","level":6,"kind":"4","hasDescription":true},{"id":"042815415075","name":"Miłomłyn - obszar wiejski","parentId":"042815415073","level":6,"kind":"5","hasDescription":true},{"id":"042815415083","name":"Morąg","parentId":"042815415000","level":6,"kind":"3","hasDescription":false},{"id":"042815415084","name":"Morąg - miasto","parentId":"042815415083","level":6,"kind":"4","hasDescription":false},{"id":"042815415085","name":"Morąg - obszar wiejski","parentId":"042815415083","level":6,"kind":"5","hasDescription":false},{"id":"042815415092","name":"Ostróda","parentId":"042815415000","level":6,"kind":"2","hasDescription":false},{"id":"042815461011","name":"Elbląg","parentId":"042815461000","level":6,"kind":"1","hasDescription":false},{"id":"042815505011","name":"Ełk","parentId":"042815505000","level":6,"kind":"1","hasDescription":false},{"id":"042815505022","name":"Ełk","parentId":"042815505000","level":6,"kind":"2","hasDescription":false},{"id":"042815505032","name":"Kalinowo","parentId":"042815505000","level":6,"kind":"2","hasDescription":false},{"id":"042815505042","name":"Prostki","parentId":"042815505000","level":6,"kind":"2","hasDescription":false},{"id":"042815505052","name":"Stare Juchy","parentId":"042815505000","level":6,"kind":"2","hasDescription":false},{"id":"042815506011","name":"Giżycko","parentId":"042815506000","level":6,"kind":"1","hasDescription":false},{"id":"042815506022","name":"Banie Mazurskie","parentId":"042815506000","level":6,"kind":"2","hasDescription":true},{"id":"042815506032","name":"Budry","parentId":"042815506000","level":6,"kind":"2","hasDescription":true},{"id":"042815506042","name":"Giżycko","parentId":"042815506000","level":6,"kind":"2","hasDescription":false},{"id":"042815506052","name":"Kruklanki","parentId":"042815506000","level":6,"kind":"2","hasDescription":false},{"id":"042815506062","name":"Miłki","parentId":"042815506000","level":6,"kind":"2","hasDescription":false},{"id":"042815506072","name":"Pozezdrze","parentId":"042815506000","level":6,"kind":"2","hasDescription":true},{"id":"042815506083","name":"Ryn","parentId":"042815506000","level":6,"kind":"3","hasDescription":false},{"id":"042815506084","name":"Ryn - miasto","parentId":"042815506083","level":6,"kind":"4","hasDescription":false},{"id":"042815506085","name":"Ryn - obszar wiejski","parentId":"042815506083","level":6,"kind":"5","hasDescription":false},{"id":"042815506093","name":"Węgorzewo","parentId":"042815506000","level":6,"kind":"3","hasDescription":true},{"id":"042815506094","name":"Węgorzewo - miasto","parentId":"042815506093","level":6,"kind":"4","hasDescription":true},{"id":"042815506095","name":"Węgorzewo - obszar wiejski","parentId":"042815506093","level":6,"kind":"5","hasDescription":true},{"id":"042815506102","name":"Wydminy","parentId":"042815506000","level":6,"kind":"2","hasDescription":false},{"id":"042815513012","name":"Dubeninki","parentId":"042815513000","level":6,"kind":"2","hasDescription":true},{"id":"042815513023","name":"Gołdap","parentId":"042815513000","level":6,"kind":"3","hasDescription":true},{"id":"042815513024","name":"Gołdap - miasto","parentId":"042815513023","level":6,"kind":"4","hasDescription":true},{"id":"042815513025","name":"Gołdap - obszar wiejski","parentId":"042815513023","level":6,"kind":"5","hasDescription":true},{"id":"042815513032","name":"Kowale Oleckie","parentId":"042815513000","level":6,"kind":"2","hasDescription":false},{"id":"042815513043","name":"Olecko","parentId":"042815513000","level":6,"kind":"3","hasDescription":false},{"id":"042815513044","name":"Olecko - miasto","parentId":"042815513043","level":6,"kind":"4","hasDescription":false},{"id":"042815513045","name":"Olecko - obszar wiejski","parentId":"042815513043","level":6,"kind":"5","hasDescription":false}]}