{"totalRecords":4157,"page":32,"pageSize":100,"links":{"first":"https://bdl.stat.gov.pl/api/v1/units?level=6&page-size=100&format=json&page=0","prev":"https://bdl.stat.gov.pl/api/v1/units?level=6&page-size=100&format=json&page=31","self":"https://bdl.stat.gov.pl/api/v1/units?level=6&page-size=100&format=json&page=32","next":"https://bdl.stat.gov.pl/api/v1/units?level=6&page-size=100&format=json&page=33","last":"https://bdl.stat.gov.pl/api/v1/units?level=6&page-size=100&format=json&page=41"},"results":[{"id":"061813301022","name":"Cisna","parentId":"061813301000","level":6,"kind":"2","hasDescription":true},{"id":"061813301032","name":"Czarna","parentId":"061813301000","level":6,"kind":"2","hasDescription":false},{"id":"061813301043","name":"Lesko","parentId":"061813301000","level":6,"kind":"3","hasDescription":true},{"id":"061813301044","name":"Lesko - miasto","parentId":"061813301043","level":6,"kind":"4","hasDescription":true},{"id":"061813301045","name":"Lesko - obszar wiejski","parentId":"061813301043","level":6,"kind":"5","hasDescription":true},{"id":"061813301052","name":"Lutowiska","parentId":"061813301000","level":6,"kind":"2","hasDescription":false},{"id":"061813301062","name":"Olszanica","parentId":"061813301000","level":6,"kind":"2","hasDescription":true},{"id":"061813301072","name":"Solina","parentId":"061813301000","level":6,"kind":"2","hasDescription":true},{"id":"061813301083","name":"Ustrzyki Dolne","parentId":"061813301000","level":6,"kind":"3","hasDescription":false},{"id":"061813301084","name":"Ustrzyki Dolne - miasto","parentId":"061813301083","level":6,"kind":"4","hasDescription":false},{"id":"061813301085","name":"Ustrzyki Dolne - obszar wiejski","parentId":"061813301083","level":6,"kind":"5","hasDescription":false},{"id":"061813302013","name":"Brzozów","parentId":"061813302000","level":6,"kind":"3","hasDescription":false},{"id":"061813302014","name":"Brzozów - miasto","parentId":"061813302013","level":6,"kind":"4","hasDescription":false},{"id":"061813302015","name":"Brzozów - obszar wiejski","parentId":"061813302013","level":6,"kind":"5","hasDescription":false},{"id":"061813302022","name":"Domaradz","parentId":"061813302000","level":6,"kind":"2","hasDescription":false},{"id":"061813302032","name":"Dydnia","parentId":"061813302000","level":6,"kind":"2","hasDescription":false},{"id":"061813302042","name":"Haczów","parentId":"061813302000","level":6,"kind":"2","hasDescription":false},{"id":"061813302052","name":"Jasienica Rosielna","parentId":"061813302000","level":6,"kind":"2","hasDescription":false},{"id":"061813302062","name":"Nozdrzec","parentId":"061813302000","level":6,"kind":"2","hasDescription":false},{"id":"061813305011","name":"Jasło","parentId":"061813305000","level":6,"kind":"1","hasDescription":false},{"id":"061813305022","name":"Brzyska","parentId":"061813305000","level":6,"kind":"2","hasDescription":false},{"id":"061813305032","name":"Dębowiec","parentId":"061813305000","level":6,"kind":"2","hasDescription":false},{"id":"061813305042","name":"Jasło","parentId":"061813305000","level":6,"kind":"2","hasDescription":false},{"id":"061813305052","name":"Kołaczyce","parentId":"061813305000","level":6,"kind":"2","hasDescription":true},{"id":"061813305053","name":"Kołaczyce","parentId":"061813305000","level":6,"kind":"3","hasDescription":true},{"id":"061813305054","name":"Kołaczyce - miasto","parentId":"061813305053","level":6,"kind":"4","hasDescription":true},{"id":"061813305055","name":"Kołaczyce - obszar wiejski","parentId":"061813305053","level":6,"kind":"5","hasDescription":true},{"id":"061813305062","name":"Krempna","parentId":"061813305000","level":6,"kind":"2","hasDescription":false},{"id":"061813305072","name":"Nowy Żmigród","parentId":"061813305000","level":6,"kind":"2","hasDescription":false},{"id":"061813305082","name":"Osiek Jasielski","parentId":"061813305000","level":6,"kind":"2","hasDescription":false},{"id":"061813305092","name":"Skołyszyn","parentId":"061813305000","level":6,"kind":"2","hasDescription":false},{"id":"061813305102","name":"Szerzyny","parentId":"061813305000","level":6,"kind":"2","hasDescription":true},{"id":"061813305112","name":"Tarnowiec","parentId":"061813305000","level":6,"kind":"2","hasDescription":false},{"id":"061813307012","name":"Chorkówka","parentId":"061813307000","level":6,"kind":"2","hasDescription":false},{"id":"061813307023","name":"Dukla","parentId":"061813307000","level":6,"kind":"3","hasDescription":false},{"id":"061813307024","name":"Dukla - miasto","parentId":"061813307023","level":6,"kind":"4","hasDescription":false},{"id":"061813307025","name":"Dukla - obszar wiejski","parentId":"061813307023","level":6,"kind":"5","hasDescription":false},{"id":"061813307033","name":"Iwonicz-Zdrój","parentId":"061813307000","level":6,"kind":"3","hasDescription":false},{"id":"061813307034","name":"Iwonicz-Zdrój - miasto","parentId":"061813307033","level":6,"kind":"4","hasDescription":false},{"id":"061813307035","name":"Iwonicz-Zdrój - obszar wiejski","parentId":"061813307033","level":6,"kind":"5","hasDescription":false},{"id":"061813307043","name":"Jedlicze","parentId":"061813307000","level":6,"kind":"3","hasDescription":false},{"id":"061813307044","name":"Jedlicze - miasto","parentId":"061813307043","level":6,"kind":"4","hasDescription":false},{"id":"061813307045","name":"Jedlicze - obszar wiejski","parentId":"061813307043","level":6,"kind":"5","hasDescription":false},{"id":"061813307052","name":"Korczyna","parentId":"061813307000","level":6,"kind":"2","hasDescription":false},{"id":"061813307062","name":"Krościenko Wyżne","parentId":"061813307000","level":6,"kind":"2","hasDescription":false},{"id":"061813307072","name":"Miejsce Piastowe","parentId":"061813307000","level":6,"kind":"2","hasDescription":false},{"id":"061813307083","name":"Rymanów","parentId":"061813307000","level":6,"kind":"3","hasDescription":false},{"id":"061813307084","name":"Rymanów - miasto","parentId":"061813307083","level":6,"kind":"4","hasDescription":false},{"id":"061813307085","name":"Rymanów - obszar wiejski","parentId":"061813307083","level":6,"kind":"5","hasDescription":false},{"id":"061813307092","name":"Wojaszówka","parentId":"061813307000","level":6,"kind":"2","hasDescription":false},{"id":"061813307102","name":"Jaśliska","parentId":"061813307000","level":6,"kind":"2","hasDescription":true},{"id":"061813317011","name":"Sanok","parentId":"061813317000","level":6,"kind":"1","hasDescription":false},{"id":"061813317022","name":"Besko","parentId":"061813317000","level":6,"kind":"2","hasDescription":false},{"id":"061813317032","name":"Bukowsko","parentId":"061813317000","level":6,"kind":"2","hasDescription":false},{"id":"061813317042","name":"Komańcza","parentId":"061813317000","level":6,"kind":"2","hasDescription":false},{"id":"061813317052","name":"Sanok","parentId":"061813317000","level":6,"kind":"2","hasDescription":false},{"id":"061813317062","name":"Tyrawa Wołoska","parentId":"061813317000","level":6,"kind":"2","hasDescription":false},{"id":"061813317073","name":"Zagórz","parentId":"061813317000","level":6,"kind":"3","hasDescription":false},{"id":"061813317074","name":"Zagórz - miasto","parentId":"061813317073","level":6,"kind":"4","hasDescription":false},{"id":"061813317075","name":"Zagórz - obszar wiejski","parentId":"061813317073","level":6,"kind":"5","hasDescription":false},{"id":"061813317082","name":"Zarszyn","parentId":"061813317000","level":6,"kind":"2","hasDescription":false},{"id":"061813321012","name":"Baligród","parentId":"061813321000","level":6,"kind":"2","hasDescription":true},{"id":"061813321022","name":"Cisna","parentId":"061813321000","level":6,"kind":"2","hasDescription":true},{"id":"061813321033","name":"Lesko","parentId":"061813321000","level":6,"kind":"3","hasDescription":true},{"id":"061813321034","name":"Lesko - miasto","parentId":"061813321033","level":6,"kind":"4","hasDescription":true},{"id":"061813321035","name":"Lesko - obszar wiejski","parentId":"061813321033","level":6,"kind":"5","hasDescription":true},{"id":"061813321042","name":"Olszanica","parentId":"061813321000","level":6,"kind":"2","hasDescription":true},{"id":"061813321052","name":"Solina","parentId":"061813321000","level":6,"kind":"2","hasDescription":true},{"id":"061813361011","name":"Krosno","parentId":"061813361000","level":6,"kind":"1","hasDescription":false},{"id":"061813404011","name":"Jarosław","parentId":"061813404000","level":6,"kind":"1","hasDescription":false},{"id":"061813404021","name":"Radymno","parentId":"061813404000","level":6,"kind":"1","hasDescription":false},{"id":"061813404032","name":"Chłopice","parentId":"061813404000","level":6,"kind":"2","hasDescription":false},{"id":"061813404042","name":"Jarosław","parentId":"061813404000","level":6,"kind":"2","hasDescription":false},{"id":"061813404052","name":"Laszki","parentId":"061813404000","level":6,"kind":"2","hasDescription":false},{"id":"061813404062","name":"Pawłosiów","parentId":"061813404000","level":6,"kind":"2","hasDescription":false},{"id":"061813404072","name":"Pruchnik","parentId":"061813404000","level":6,"kind":"2","hasDescription":true},{"id":"061813404073","name":"Pruchnik","parentId":"061813404000","level":6,"kind":"3","hasDescription":true},{"id":"061813404074","name":"Pruchnik - miasto","parentId":"061813404073","level":6,"kind":"4","hasDescription":true},{"id":"061813404075","name":"Pruchnik - obszar wiejski","parentId":"061813404073","level":6,"kind":"5","hasDescription":true},{"id":"061813404082","name":"Radymno","parentId":"061813404000","level":6,"kind":"2","hasDescription":false},{"id":"061813404092","name":"Rokietnica","parentId":"061813404000","level":6,"kind":"2","hasDescription":false},{"id":"061813404102","name":"Roźwienica","parentId":"061813404000","level":6,"kind":"2","hasDescription":false},{"id":"061813404112","name":"Wiązownica","parentId":"061813404000","level":6,"kind":"2","hasDescription":false},{"id":"061813409011","name":"Lubaczów","parentId":"061813409000","level":6,"kind":"1","hasDescription":false},{"id":"061813409023","name":"Cieszanów","parentId":"061813409000","level":6,"kind":"3","hasDescription":false},{"id":"061813409024","name":"Cieszanów - miasto","parentId":"061813409023","level":6,"kind":"4","hasDescription":false},{"id":"061813409025","name":"Cieszanów - obszar wiejski","parentId":"061813409023","level":6,"kind":"5","hasDescription":false},{"id":"061813409032","name":"Horyniec-Zdrój","parentId":"061813409000","level":6,"kind":"2","hasDescription":true},{"id":"061813409042","name":"Lubaczów","parentId":"061813409000","level":6,"kind":"2","hasDescription":false},{"id":"061813409052","name":"Narol","parentId":"061813409000","level":6,"kind":"2","hasDescription":true},{"id":"061813409053","name":"Narol","parentId":"061813409000","level":6,"kind":"3","hasDescription":true},{"id":"061813409054","name":"Narol - miasto","parentId":"061813409053","level":6,"kind":"4","hasDescription":true},{"id":"061813409055","name":"Narol - obszar wiejski","parentId":"061813409053","level":6,"kind":"5","hasDescription":true},{"id":"061813409063","name":"Oleszyce","parentId":"061813409000","level":6,"kind":"3","hasDescription":false},{"id":"061813409064","name":"Oleszyce - miasto","parentId":"061813409063","level":6,"kind":"4","hasDescription":false},{"id":"061813409065","name":"Oleszyce - obszar wiejski","parentId":"061813409063","level":6,"kind":"5","hasDescription":false},{"id":"061813409072","name":"Stary Dzików","parentId":"061813409000","level":6,"kind":"2","hasDescription":false},{"id":"061813409082","name":"Wielkie Oczy","parentId":"061813409000","level":6,"kind":"2","hasDescription":false},{"id":"061813413012","name":"Bircza","parentId":"061813413000","level":6,"kind":"2","hasDescription":true},{"id":"061813413013","name":"Bircza","parentId":"061813413000","level":6,"kind":"3","hasDescription":true}]}