{"totalRecords":4157,"page":14,"pageSize":100,"links":{"first":"https://bdl.stat.gov.pl/api/v1/units?level=6&page-size=100&format=json&page=0","prev":"https://bdl.stat.gov.pl/api/v1/units?level=6&page-size=100&format=json&page=13","self":"https://bdl.stat.gov.pl/api/v1/units?level=6&page-size=100&format=json&page=14","next":"https://bdl.stat.gov.pl/api/v1/units?level=6&page-size=100&format=json&page=15","last":"https://bdl.stat.gov.pl/api/v1/units?level=6&page-size=100&format=json&page=41"},"results":[{"id":"030210110052","name":"Olszyna","parentId":"030210110000","level":6,"kind":"2","hasDescription":true},{"id":"030210110053","name":"Olszyna","parentId":"030210110000","level":6,"kind":"3","hasDescription":true},{"id":"030210110054","name":"Olszyna - miasto","parentId":"030210110053","level":6,"kind":"4","hasDescription":true},{"id":"030210110055","name":"Olszyna - obszar wiejski","parentId":"030210110053","level":6,"kind":"5","hasDescription":true},{"id":"030210110062","name":"Platerówka","parentId":"030210110000","level":6,"kind":"2","hasDescription":false},{"id":"030210110072","name":"Siekierczyn","parentId":"030210110000","level":6,"kind":"2","hasDescription":false},{"id":"030210112013","name":"Gryfów Śląski","parentId":"030210112000","level":6,"kind":"3","hasDescription":false},{"id":"030210112014","name":"Gryfów Śląski - miasto","parentId":"030210112013","level":6,"kind":"4","hasDescription":false},{"id":"030210112015","name":"Gryfów Śląski - obszar wiejski","parentId":"030210112013","level":6,"kind":"5","hasDescription":false},{"id":"030210112023","name":"Lubomierz","parentId":"030210112000","level":6,"kind":"3","hasDescription":false},{"id":"030210112024","name":"Lubomierz - miasto","parentId":"030210112023","level":6,"kind":"4","hasDescription":false},{"id":"030210112025","name":"Lubomierz - obszar wiejski","parentId":"030210112023","level":6,"kind":"5","hasDescription":false},{"id":"030210112033","name":"Lwówek Śląski","parentId":"030210112000","level":6,"kind":"3","hasDescription":false},{"id":"030210112034","name":"Lwówek Śląski - miasto","parentId":"030210112033","level":6,"kind":"4","hasDescription":false},{"id":"030210112035","name":"Lwówek Śląski - obszar wiejski","parentId":"030210112033","level":6,"kind":"5","hasDescription":false},{"id":"030210112043","name":"Mirsk","parentId":"030210112000","level":6,"kind":"3","hasDescription":false},{"id":"030210112044","name":"Mirsk - miasto","parentId":"030210112043","level":6,"kind":"4","hasDescription":false},{"id":"030210112045","name":"Mirsk - obszar wiejski","parentId":"030210112043","level":6,"kind":"5","hasDescription":false},{"id":"030210112053","name":"Wleń","parentId":"030210112000","level":6,"kind":"3","hasDescription":false},{"id":"030210112054","name":"Wleń - miasto","parentId":"030210112053","level":6,"kind":"4","hasDescription":false},{"id":"030210112055","name":"Wleń - obszar wiejski","parentId":"030210112053","level":6,"kind":"5","hasDescription":false},{"id":"030210125011","name":"Zawidów","parentId":"030210125000","level":6,"kind":"1","hasDescription":false},{"id":"030210125021","name":"Zgorzelec","parentId":"030210125000","level":6,"kind":"1","hasDescription":false},{"id":"030210125033","name":"Bogatynia","parentId":"030210125000","level":6,"kind":"3","hasDescription":false},{"id":"030210125034","name":"Bogatynia - miasto","parentId":"030210125033","level":6,"kind":"4","hasDescription":false},{"id":"030210125035","name":"Bogatynia - obszar wiejski","parentId":"030210125033","level":6,"kind":"5","hasDescription":false},{"id":"030210125043","name":"Pieńsk","parentId":"030210125000","level":6,"kind":"3","hasDescription":false},{"id":"030210125044","name":"Pieńsk - miasto","parentId":"030210125043","level":6,"kind":"4","hasDescription":false},{"id":"030210125045","name":"Pieńsk - obszar wiejski","parentId":"030210125043","level":6,"kind":"5","hasDescription":false},{"id":"030210125052","name":"Sulików","parentId":"030210125000","level":6,"kind":"2","hasDescription":false},{"id":"030210125063","name":"Węgliniec","parentId":"030210125000","level":6,"kind":"3","hasDescription":false},{"id":"030210125064","name":"Węgliniec - miasto","parentId":"030210125063","level":6,"kind":"4","hasDescription":false},{"id":"030210125065","name":"Węgliniec - obszar wiejski","parentId":"030210125063","level":6,"kind":"5","hasDescription":false},{"id":"030210125072","name":"Zgorzelec","parentId":"030210125000","level":6,"kind":"2","hasDescription":false},{"id":"030210126011","name":"Wojcieszów","parentId":"030210126000","level":6,"kind":"1","hasDescription":false},{"id":"030210126021","name":"Złotoryja","parentId":"030210126000","level":6,"kind":"1","hasDescription":false},{"id":"030210126032","name":"Pielgrzymka","parentId":"030210126000","level":6,"kind":"2","hasDescription":false},{"id":"030210126043","name":"Świerzawa","parentId":"030210126000","level":6,"kind":"3","hasDescription":false},{"id":"030210126044","name":"Świerzawa - miasto","parentId":"030210126043","level":6,"kind":"4","hasDescription":false},{"id":"030210126045","name":"Świerzawa - obszar wiejski","parentId":"030210126043","level":6,"kind":"5","hasDescription":false},{"id":"030210126052","name":"Zagrodno","parentId":"030210126000","level":6,"kind":"2","hasDescription":false},{"id":"030210126062","name":"Złotoryja","parentId":"030210126000","level":6,"kind":"2","hasDescription":false},{"id":"030210161011","name":"Jelenia Góra","parentId":"030210161000","level":6,"kind":"1","hasDescription":false},{"id":"030210203011","name":"Głogów","parentId":"030210203000","level":6,"kind":"1","hasDescription":false},{"id":"030210203022","name":"Głogów","parentId":"030210203000","level":6,"kind":"2","hasDescription":false},{"id":"030210203032","name":"Jerzmanowa","parentId":"030210203000","level":6,"kind":"2","hasDescription":false},{"id":"030210203042","name":"Kotla","parentId":"030210203000","level":6,"kind":"2","hasDescription":false},{"id":"030210203052","name":"Pęcław","parentId":"030210203000","level":6,"kind":"2","hasDescription":false},{"id":"030210203062","name":"Żukowice","parentId":"030210203000","level":6,"kind":"2","hasDescription":false},{"id":"030210204013","name":"Góra","parentId":"030210204000","level":6,"kind":"3","hasDescription":false},{"id":"030210204014","name":"Góra - miasto","parentId":"030210204013","level":6,"kind":"4","hasDescription":false},{"id":"030210204015","name":"Góra - obszar wiejski","parentId":"030210204013","level":6,"kind":"5","hasDescription":false},{"id":"030210204022","name":"Jemielno","parentId":"030210204000","level":6,"kind":"2","hasDescription":false},{"id":"030210204032","name":"Niechlów","parentId":"030210204000","level":6,"kind":"2","hasDescription":false},{"id":"030210204043","name":"Wąsosz","parentId":"030210204000","level":6,"kind":"3","hasDescription":false},{"id":"030210204044","name":"Wąsosz - miasto","parentId":"030210204043","level":6,"kind":"4","hasDescription":false},{"id":"030210204045","name":"Wąsosz - obszar wiejski","parentId":"030210204043","level":6,"kind":"5","hasDescription":false},{"id":"030210209011","name":"Chojnów","parentId":"030210209000","level":6,"kind":"1","hasDescription":false},{"id":"030210209022","name":"Chojnów","parentId":"030210209000","level":6,"kind":"2","hasDescription":false},{"id":"030210209032","name":"Krotoszyce","parentId":"030210209000","level":6,"kind":"2","hasDescription":false},{"id":"030210209042","name":"Kunice","parentId":"030210209000","level":6,"kind":"2","hasDescription":false},{"id":"030210209052","name":"Legnickie Pole","parentId":"030210209000","level":6,"kind":"2","hasDescription":false},{"id":"030210209062","name":"Miłkowice","parentId":"030210209000","level":6,"kind":"2","hasDescription":false},{"id":"030210209073","name":"Prochowice","parentId":"030210209000","level":6,"kind":"3","hasDescription":false},{"id":"030210209074","name":"Prochowice - miasto","parentId":"030210209073","level":6,"kind":"4","hasDescription":false},{"id":"030210209075","name":"Prochowice - obszar wiejski","parentId":"030210209073","level":6,"kind":"5","hasDescription":false},{"id":"030210209082","name":"Ruja","parentId":"030210209000","level":6,"kind":"2","hasDescription":false},{"id":"030210211011","name":"Lubin","parentId":"030210211000","level":6,"kind":"1","hasDescription":false},{"id":"030210211022","name":"Lubin","parentId":"030210211000","level":6,"kind":"2","hasDescription":false},{"id":"030210211032","name":"Rudna","parentId":"030210211000","level":6,"kind":"2","hasDescription":false},{"id":"030210211043","name":"Ścinawa","parentId":"030210211000","level":6,"kind":"3","hasDescription":false},{"id":"030210211044","name":"Ścinawa - miasto","parentId":"030210211043","level":6,"kind":"4","hasDescription":false},{"id":"030210211045","name":"Ścinawa - obszar wiejski","parentId":"030210211043","level":6,"kind":"5","hasDescription":false},{"id":"030210216001","name":"Miejska strefa usług publicznych","parentId":"030210216000","level":6,"kind":"1","hasDescription":false},{"id":"030210216013","name":"Chocianów","parentId":"030210216000","level":6,"kind":"3","hasDescription":false},{"id":"030210216014","name":"Chocianów - miasto","parentId":"030210216013","level":6,"kind":"4","hasDescription":false},{"id":"030210216015","name":"Chocianów - obszar wiejski","parentId":"030210216013","level":6,"kind":"5","hasDescription":false},{"id":"030210216022","name":"Gaworzyce","parentId":"030210216000","level":6,"kind":"2","hasDescription":false},{"id":"030210216032","name":"Grębocice","parentId":"030210216000","level":6,"kind":"2","hasDescription":false},{"id":"030210216043","name":"Polkowice","parentId":"030210216000","level":6,"kind":"3","hasDescription":false},{"id":"030210216044","name":"Polkowice - miasto","parentId":"030210216043","level":6,"kind":"4","hasDescription":false},{"id":"030210216045","name":"Polkowice - obszar wiejski","parentId":"030210216043","level":6,"kind":"5","hasDescription":false},{"id":"030210216053","name":"Przemków","parentId":"030210216000","level":6,"kind":"3","hasDescription":false},{"id":"030210216054","name":"Przemków - miasto","parentId":"030210216053","level":6,"kind":"4","hasDescription":false},{"id":"030210216055","name":"Przemków - obszar wiejski","parentId":"030210216053","level":6,"kind":"5","hasDescription":false},{"id":"030210216062","name":"Radwanice","parentId":"030210216000","level":6,"kind":"2","hasDescription":false},{"id":"030210262011","name":"Legnica","parentId":"030210262000","level":6,"kind":"1","hasDescription":false},{"id":"030210302011","name":"Bielawa","parentId":"030210302000","level":6,"kind":"1","hasDescription":false},{"id":"030210302021","name":"Dzierżoniów","parentId":"030210302000","level":6,"kind":"1","hasDescription":false},{"id":"030210302031","name":"Pieszyce","parentId":"030210302000","level":6,"kind":"1","hasDescription":true},{"id":"030210302033","name":"Pieszyce","parentId":"030210302000","level":6,"kind":"3","hasDescription":true},{"id":"030210302034","name":"Pieszyce - miasto","parentId":"030210302033","level":6,"kind":"4","hasDescription":true},{"id":"030210302035","name":"Pieszyce - obszar wiejski","parentId":"030210302033","level":6,"kind":"5","hasDescription":true},{"id":"030210302041","name":"Piława Górna","parentId":"030210302000","level":6,"kind":"1","hasDescription":false},{"id":"030210302052","name":"Dzierżoniów","parentId":"030210302000","level":6,"kind":"2","hasDescription":false},{"id":"030210302062","name":"Łagiewniki","parentId":"030210302000","level":6,"kind":"2","hasDescription":false},{"id":"030210302073","name":"Niemcza","parentId":"030210302000","level":6,"kind":"3","hasDescription":false},{"id":"030210302074","name":"Niemcza - miasto","parentId":"030210302073","level":6,"kind":"4","hasDescription":false},{"id":"030210302075","name":"Niemcza - obszar wiejski","parentId":"030210302073","level":6,"kind":"5","hasDescription":false},{"id":"030210308011","name":"Duszniki-Zdrój","parentId":"030210308000","level":6,"kind":"1","hasDescription":false}]}