{"totalRecords":4157,"page":15,"pageSize":100,"links":{"first":"https://bdl.stat.gov.pl/api/v1/units?level=6&page-size=100&format=json&page=0","prev":"https://bdl.stat.gov.pl/api/v1/units?level=6&page-size=100&format=json&page=14","self":"https://bdl.stat.gov.pl/api/v1/units?level=6&page-size=100&format=json&page=15","next":"https://bdl.stat.gov.pl/api/v1/units?level=6&page-size=100&format=json&page=16","last":"https://bdl.stat.gov.pl/api/v1/units?level=6&page-size=100&format=json&page=41"},"results":[{"id":"030210308021","name":"Kłodzko","parentId":"030210308000","level":6,"kind":"1","hasDescription":false},{"id":"030210308031","name":"Kudowa-Zdrój","parentId":"030210308000","level":6,"kind":"1","hasDescription":false},{"id":"030210308041","name":"Nowa Ruda","parentId":"030210308000","level":6,"kind":"1","hasDescription":false},{"id":"030210308051","name":"Polanica-Zdrój","parentId":"030210308000","level":6,"kind":"1","hasDescription":false},{"id":"030210308063","name":"Bystrzyca Kłodzka","parentId":"030210308000","level":6,"kind":"3","hasDescription":false},{"id":"030210308064","name":"Bystrzyca Kłodzka - miasto","parentId":"030210308063","level":6,"kind":"4","hasDescription":false},{"id":"030210308065","name":"Bystrzyca Kłodzka - obszar wiejski","parentId":"030210308063","level":6,"kind":"5","hasDescription":false},{"id":"030210308072","name":"Kłodzko","parentId":"030210308000","level":6,"kind":"2","hasDescription":false},{"id":"030210308083","name":"Lądek-Zdrój","parentId":"030210308000","level":6,"kind":"3","hasDescription":false},{"id":"030210308084","name":"Lądek-Zdrój - miasto","parentId":"030210308083","level":6,"kind":"4","hasDescription":false},{"id":"030210308085","name":"Lądek-Zdrój - obszar wiejski","parentId":"030210308083","level":6,"kind":"5","hasDescription":false},{"id":"030210308092","name":"Lewin Kłodzki","parentId":"030210308000","level":6,"kind":"2","hasDescription":false},{"id":"030210308103","name":"Międzylesie","parentId":"030210308000","level":6,"kind":"3","hasDescription":false},{"id":"030210308104","name":"Międzylesie - miasto","parentId":"030210308103","level":6,"kind":"4","hasDescription":false},{"id":"030210308105","name":"Międzylesie - obszar wiejski","parentId":"030210308103","level":6,"kind":"5","hasDescription":false},{"id":"030210308112","name":"Nowa Ruda","parentId":"030210308000","level":6,"kind":"2","hasDescription":false},{"id":"030210308123","name":"Radków","parentId":"030210308000","level":6,"kind":"3","hasDescription":false},{"id":"030210308124","name":"Radków - miasto","parentId":"030210308123","level":6,"kind":"4","hasDescription":false},{"id":"030210308125","name":"Radków - obszar wiejski","parentId":"030210308123","level":6,"kind":"5","hasDescription":false},{"id":"030210308133","name":"Stronie Śląskie","parentId":"030210308000","level":6,"kind":"3","hasDescription":false},{"id":"030210308134","name":"Stronie Śląskie - miasto","parentId":"030210308133","level":6,"kind":"4","hasDescription":false},{"id":"030210308135","name":"Stronie Śląskie - obszar wiejski","parentId":"030210308133","level":6,"kind":"5","hasDescription":false},{"id":"030210308143","name":"Szczytna","parentId":"030210308000","level":6,"kind":"3","hasDescription":false},{"id":"030210308144","name":"Szczytna - miasto","parentId":"030210308143","level":6,"kind":"4","hasDescription":false},{"id":"030210308145","name":"Szczytna - obszar wiejski","parentId":"030210308143","level":6,"kind":"5","hasDescription":false},{"id":"030210319011","name":"Świdnica","parentId":"030210319000","level":6,"kind":"1","hasDescription":false},{"id":"030210319021","name":"Świebodzice","parentId":"030210319000","level":6,"kind":"1","hasDescription":false},{"id":"030210319032","name":"Dobromierz","parentId":"030210319000","level":6,"kind":"2","hasDescription":false},{"id":"030210319043","name":"Jaworzyna Śląska","parentId":"030210319000","level":6,"kind":"3","hasDescription":false},{"id":"030210319044","name":"Jaworzyna Śląska - miasto","parentId":"030210319043","level":6,"kind":"4","hasDescription":false},{"id":"030210319045","name":"Jaworzyna Śląska - obszar wiejski","parentId":"030210319043","level":6,"kind":"5","hasDescription":false},{"id":"030210319052","name":"Marcinowice","parentId":"030210319000","level":6,"kind":"2","hasDescription":false},{"id":"030210319063","name":"Strzegom","parentId":"030210319000","level":6,"kind":"3","hasDescription":false},{"id":"030210319064","name":"Strzegom - miasto","parentId":"030210319063","level":6,"kind":"4","hasDescription":false},{"id":"030210319065","name":"Strzegom - obszar wiejski","parentId":"030210319063","level":6,"kind":"5","hasDescription":false},{"id":"030210319072","name":"Świdnica","parentId":"030210319000","level":6,"kind":"2","hasDescription":false},{"id":"030210319083","name":"Żarów","parentId":"030210319000","level":6,"kind":"3","hasDescription":false},{"id":"030210319084","name":"Żarów - miasto","parentId":"030210319083","level":6,"kind":"4","hasDescription":false},{"id":"030210319085","name":"Żarów - obszar wiejski","parentId":"030210319083","level":6,"kind":"5","hasDescription":false},{"id":"030210321011","name":"Boguszów-Gorce","parentId":"030210321000","level":6,"kind":"1","hasDescription":false},{"id":"030210321021","name":"Jedlina-Zdrój","parentId":"030210321000","level":6,"kind":"1","hasDescription":false},{"id":"030210321031","name":"Szczawno-Zdrój","parentId":"030210321000","level":6,"kind":"1","hasDescription":false},{"id":"030210321042","name":"Czarny Bór","parentId":"030210321000","level":6,"kind":"2","hasDescription":false},{"id":"030210321053","name":"Głuszyca","parentId":"030210321000","level":6,"kind":"3","hasDescription":false},{"id":"030210321054","name":"Głuszyca - miasto","parentId":"030210321053","level":6,"kind":"4","hasDescription":false},{"id":"030210321055","name":"Głuszyca - obszar wiejski","parentId":"030210321053","level":6,"kind":"5","hasDescription":false},{"id":"030210321063","name":"Mieroszów","parentId":"030210321000","level":6,"kind":"3","hasDescription":false},{"id":"030210321064","name":"Mieroszów - miasto","parentId":"030210321063","level":6,"kind":"4","hasDescription":false},{"id":"030210321065","name":"Mieroszów - obszar wiejski","parentId":"030210321063","level":6,"kind":"5","hasDescription":false},{"id":"030210321072","name":"Stare Bogaczowice","parentId":"030210321000","level":6,"kind":"2","hasDescription":false},{"id":"030210321082","name":"Walim","parentId":"030210321000","level":6,"kind":"2","hasDescription":false},{"id":"030210321091","name":"Wałbrzych od 2003 do 2012","parentId":"030210321000","level":6,"kind":"1","hasDescription":true},{"id":"030210324013","name":"Bardo","parentId":"030210324000","level":6,"kind":"3","hasDescription":false},{"id":"030210324014","name":"Bardo - miasto","parentId":"030210324013","level":6,"kind":"4","hasDescription":false},{"id":"030210324015","name":"Bardo - obszar wiejski","parentId":"030210324013","level":6,"kind":"5","hasDescription":false},{"id":"030210324022","name":"Ciepłowody","parentId":"030210324000","level":6,"kind":"2","hasDescription":false},{"id":"030210324032","name":"Kamieniec Ząbkowicki","parentId":"030210324000","level":6,"kind":"2","hasDescription":true},{"id":"030210324033","name":"Kamieniec Ząbkowicki","parentId":"030210324000","level":6,"kind":"3","hasDescription":true},{"id":"030210324034","name":"Kamieniec Ząbkowicki - miasto","parentId":"030210324033","level":6,"kind":"4","hasDescription":true},{"id":"030210324035","name":"Kamieniec Ząbkowicki - obszar wiejski","parentId":"030210324033","level":6,"kind":"5","hasDescription":true},{"id":"030210324042","name":"Stoszowice","parentId":"030210324000","level":6,"kind":"2","hasDescription":false},{"id":"030210324053","name":"Ząbkowice Śląskie","parentId":"030210324000","level":6,"kind":"3","hasDescription":false},{"id":"030210324054","name":"Ząbkowice Śląskie - miasto","parentId":"030210324053","level":6,"kind":"4","hasDescription":false},{"id":"030210324055","name":"Ząbkowice Śląskie - obszar wiejski","parentId":"030210324053","level":6,"kind":"5","hasDescription":false},{"id":"030210324063","name":"Ziębice","parentId":"030210324000","level":6,"kind":"3","hasDescription":false},{"id":"030210324064","name":"Ziębice - miasto","parentId":"030210324063","level":6,"kind":"4","hasDescription":false},{"id":"030210324065","name":"Ziębice - obszar wiejski","parentId":"030210324063","level":6,"kind":"5","hasDescription":false},{"id":"030210324073","name":"Złoty Stok","parentId":"030210324000","level":6,"kind":"3","hasDescription":false},{"id":"030210324074","name":"Złoty Stok - miasto","parentId":"030210324073","level":6,"kind":"4","hasDescription":false},{"id":"030210324075","name":"Złoty Stok - obszar wiejski","parentId":"030210324073","level":6,"kind":"5","hasDescription":false},{"id":"030210363011","name":"Wałbrzych do 2002","parentId":"030210363000","level":6,"kind":"1","hasDescription":true},{"id":"030210365011","name":"Wałbrzych od 2013","parentId":"030210365000","level":6,"kind":"1","hasDescription":true},{"id":"030210413012","name":"Cieszków","parentId":"030210413000","level":6,"kind":"2","hasDescription":false},{"id":"030210413022","name":"Krośnice","parentId":"030210413000","level":6,"kind":"2","hasDescription":false},{"id":"030210413033","name":"Milicz","parentId":"030210413000","level":6,"kind":"3","hasDescription":false},{"id":"030210413034","name":"Milicz - miasto","parentId":"030210413033","level":6,"kind":"4","hasDescription":false},{"id":"030210413035","name":"Milicz - obszar wiejski","parentId":"030210413033","level":6,"kind":"5","hasDescription":false},{"id":"030210414011","name":"Oleśnica","parentId":"030210414000","level":6,"kind":"1","hasDescription":false},{"id":"030210414023","name":"Bierutów","parentId":"030210414000","level":6,"kind":"3","hasDescription":false},{"id":"030210414024","name":"Bierutów - miasto","parentId":"030210414023","level":6,"kind":"4","hasDescription":false},{"id":"030210414025","name":"Bierutów - obszar wiejski","parentId":"030210414023","level":6,"kind":"5","hasDescription":false},{"id":"030210414032","name":"Dobroszyce","parentId":"030210414000","level":6,"kind":"2","hasDescription":false},{"id":"030210414042","name":"Dziadowa Kłoda","parentId":"030210414000","level":6,"kind":"2","hasDescription":false},{"id":"030210414053","name":"Międzybórz","parentId":"030210414000","level":6,"kind":"3","hasDescription":false},{"id":"030210414054","name":"Międzybórz - miasto","parentId":"030210414053","level":6,"kind":"4","hasDescription":false},{"id":"030210414055","name":"Międzybórz - obszar wiejski","parentId":"030210414053","level":6,"kind":"5","hasDescription":false},{"id":"030210414062","name":"Oleśnica","parentId":"030210414000","level":6,"kind":"2","hasDescription":false},{"id":"030210414073","name":"Syców","parentId":"030210414000","level":6,"kind":"3","hasDescription":false},{"id":"030210414074","name":"Syców - miasto","parentId":"030210414073","level":6,"kind":"4","hasDescription":false},{"id":"030210414075","name":"Syców - obszar wiejski","parentId":"030210414073","level":6,"kind":"5","hasDescription":false},{"id":"030210414083","name":"Twardogóra","parentId":"030210414000","level":6,"kind":"3","hasDescription":false},{"id":"030210414084","name":"Twardogóra - miasto","parentId":"030210414083","level":6,"kind":"4","hasDescription":false},{"id":"030210414085","name":"Twardogóra - obszar wiejski","parentId":"030210414083","level":6,"kind":"5","hasDescription":false},{"id":"030210415011","name":"Oława","parentId":"030210415000","level":6,"kind":"1","hasDescription":false},{"id":"030210415022","name":"Domaniów","parentId":"030210415000","level":6,"kind":"2","hasDescription":false},{"id":"030210415033","name":"Jelcz-Laskowice","parentId":"030210415000","level":6,"kind":"3","hasDescription":false},{"id":"030210415034","name":"Jelcz-Laskowice - miasto","parentId":"030210415033","level":6,"kind":"4","hasDescription":false},{"id":"030210415035","name":"Jelcz-Laskowice - obszar wiejski","parentId":"030210415033","level":6,"kind":"5","hasDescription":false},{"id":"030210415042","name":"Oława","parentId":"030210415000","level":6,"kind":"2","hasDescription":false},{"id":"030210417012","name":"Borów","parentId":"030210417000","level":6,"kind":"2","hasDescription":false}]}