{"totalRecords":4157,"page":31,"pageSize":100,"links":{"first":"https://bdl.stat.gov.pl/api/v1/units?level=6&page-size=100&format=json&page=0","prev":"https://bdl.stat.gov.pl/api/v1/units?level=6&page-size=100&format=json&page=30","self":"https://bdl.stat.gov.pl/api/v1/units?level=6&page-size=100&format=json&page=31","next":"https://bdl.stat.gov.pl/api/v1/units?level=6&page-size=100&format=json&page=32","last":"https://bdl.stat.gov.pl/api/v1/units?level=6&page-size=100&format=json&page=41"},"results":[{"id":"060611109132","name":"Wojciechów","parentId":"060611109000","level":6,"kind":"2","hasDescription":false},{"id":"060611109142","name":"Wólka","parentId":"060611109000","level":6,"kind":"2","hasDescription":false},{"id":"060611109152","name":"Wysokie","parentId":"060611109000","level":6,"kind":"2","hasDescription":false},{"id":"060611109162","name":"Zakrzew","parentId":"060611109000","level":6,"kind":"2","hasDescription":false},{"id":"060611110012","name":"Cyców","parentId":"060611110000","level":6,"kind":"2","hasDescription":false},{"id":"060611110022","name":"Ludwin","parentId":"060611110000","level":6,"kind":"2","hasDescription":false},{"id":"060611110033","name":"Łęczna","parentId":"060611110000","level":6,"kind":"3","hasDescription":false},{"id":"060611110034","name":"Łęczna - miasto","parentId":"060611110033","level":6,"kind":"4","hasDescription":false},{"id":"060611110035","name":"Łęczna - obszar wiejski","parentId":"060611110033","level":6,"kind":"5","hasDescription":false},{"id":"060611110042","name":"Milejów","parentId":"060611110000","level":6,"kind":"2","hasDescription":false},{"id":"060611110052","name":"Puchaczów","parentId":"060611110000","level":6,"kind":"2","hasDescription":false},{"id":"060611110062","name":"Spiczyn","parentId":"060611110000","level":6,"kind":"2","hasDescription":false},{"id":"060611117011","name":"Świdnik","parentId":"060611117000","level":6,"kind":"1","hasDescription":false},{"id":"060611117022","name":"Mełgiew","parentId":"060611117000","level":6,"kind":"2","hasDescription":false},{"id":"060611117033","name":"Piaski","parentId":"060611117000","level":6,"kind":"3","hasDescription":false},{"id":"060611117034","name":"Piaski - miasto","parentId":"060611117033","level":6,"kind":"4","hasDescription":false},{"id":"060611117035","name":"Piaski - obszar wiejski","parentId":"060611117033","level":6,"kind":"5","hasDescription":false},{"id":"060611117042","name":"Rybczewice","parentId":"060611117000","level":6,"kind":"2","hasDescription":false},{"id":"060611117052","name":"Trawniki","parentId":"060611117000","level":6,"kind":"2","hasDescription":false},{"id":"060611163011","name":"Lublin","parentId":"060611163000","level":6,"kind":"1","hasDescription":false},{"id":"060611205012","name":"Batorz","parentId":"060611205000","level":6,"kind":"2","hasDescription":false},{"id":"060611205022","name":"Chrzanów","parentId":"060611205000","level":6,"kind":"2","hasDescription":false},{"id":"060611205032","name":"Dzwola","parentId":"060611205000","level":6,"kind":"2","hasDescription":false},{"id":"060611205042","name":"Godziszów","parentId":"060611205000","level":6,"kind":"2","hasDescription":false},{"id":"060611205053","name":"Janów Lubelski","parentId":"060611205000","level":6,"kind":"3","hasDescription":false},{"id":"060611205054","name":"Janów Lubelski - miasto","parentId":"060611205053","level":6,"kind":"4","hasDescription":false},{"id":"060611205055","name":"Janów Lubelski - obszar wiejski","parentId":"060611205053","level":6,"kind":"5","hasDescription":false},{"id":"060611205062","name":"Modliborzyce","parentId":"060611205000","level":6,"kind":"2","hasDescription":true},{"id":"060611205063","name":"Modliborzyce","parentId":"060611205000","level":6,"kind":"3","hasDescription":true},{"id":"060611205064","name":"Modliborzyce - miasto","parentId":"060611205063","level":6,"kind":"4","hasDescription":true},{"id":"060611205065","name":"Modliborzyce - obszar wiejski","parentId":"060611205063","level":6,"kind":"5","hasDescription":true},{"id":"060611205072","name":"Potok Wielki","parentId":"060611205000","level":6,"kind":"2","hasDescription":false},{"id":"060611207011","name":"Kraśnik","parentId":"060611207000","level":6,"kind":"1","hasDescription":false},{"id":"060611207022","name":"Annopol","parentId":"060611207000","level":6,"kind":"2","hasDescription":true},{"id":"060611207023","name":"Annopol","parentId":"060611207000","level":6,"kind":"3","hasDescription":true},{"id":"060611207024","name":"Annopol - miasto","parentId":"060611207023","level":6,"kind":"4","hasDescription":true},{"id":"060611207025","name":"Annopol - obszar wiejski","parentId":"060611207023","level":6,"kind":"5","hasDescription":true},{"id":"060611207032","name":"Dzierzkowice","parentId":"060611207000","level":6,"kind":"2","hasDescription":false},{"id":"060611207042","name":"Gościeradów","parentId":"060611207000","level":6,"kind":"2","hasDescription":false},{"id":"060611207052","name":"Kraśnik","parentId":"060611207000","level":6,"kind":"2","hasDescription":false},{"id":"060611207062","name":"Szastarka","parentId":"060611207000","level":6,"kind":"2","hasDescription":false},{"id":"060611207072","name":"Trzydnik Duży","parentId":"060611207000","level":6,"kind":"2","hasDescription":false},{"id":"060611207082","name":"Urzędów","parentId":"060611207000","level":6,"kind":"2","hasDescription":true},{"id":"060611207083","name":"Urzędów","parentId":"060611207000","level":6,"kind":"3","hasDescription":true},{"id":"060611207084","name":"Urzędów - miasto","parentId":"060611207083","level":6,"kind":"4","hasDescription":true},{"id":"060611207085","name":"Urzędów - obszar wiejski","parentId":"060611207083","level":6,"kind":"5","hasDescription":true},{"id":"060611207092","name":"Wilkołaz","parentId":"060611207000","level":6,"kind":"2","hasDescription":false},{"id":"060611207102","name":"Zakrzówek","parentId":"060611207000","level":6,"kind":"2","hasDescription":false},{"id":"060611211011","name":"Łuków","parentId":"060611211000","level":6,"kind":"1","hasDescription":false},{"id":"060611211021","name":"Stoczek Łukowski","parentId":"060611211000","level":6,"kind":"1","hasDescription":true},{"id":"060611211032","name":"Adamów","parentId":"060611211000","level":6,"kind":"2","hasDescription":false},{"id":"060611211042","name":"Krzywda","parentId":"060611211000","level":6,"kind":"2","hasDescription":false},{"id":"060611211052","name":"Łuków","parentId":"060611211000","level":6,"kind":"2","hasDescription":false},{"id":"060611211062","name":"Serokomla","parentId":"060611211000","level":6,"kind":"2","hasDescription":false},{"id":"060611211072","name":"Stanin","parentId":"060611211000","level":6,"kind":"2","hasDescription":false},{"id":"060611211082","name":"Stoczek Łukowski","parentId":"060611211000","level":6,"kind":"2","hasDescription":true},{"id":"060611211083","name":"Stoczek Łukowski","parentId":"060611211000","level":6,"kind":"3","hasDescription":true},{"id":"060611211084","name":"Stoczek Łukowski - miasto","parentId":"060611211083","level":6,"kind":"4","hasDescription":true},{"id":"060611211085","name":"Stoczek Łukowski - obszar wiejski","parentId":"060611211083","level":6,"kind":"5","hasDescription":true},{"id":"060611211092","name":"Trzebieszów","parentId":"060611211000","level":6,"kind":"2","hasDescription":false},{"id":"060611211102","name":"Wojcieszków","parentId":"060611211000","level":6,"kind":"2","hasDescription":false},{"id":"060611211112","name":"Wola Mysłowska","parentId":"060611211000","level":6,"kind":"2","hasDescription":false},{"id":"060611212012","name":"Chodel","parentId":"060611212000","level":6,"kind":"2","hasDescription":false},{"id":"060611212022","name":"Józefów nad Wisłą","parentId":"060611212000","level":6,"kind":"2","hasDescription":true},{"id":"060611212023","name":"Józefów nad Wisłą","parentId":"060611212000","level":6,"kind":"3","hasDescription":true},{"id":"060611212024","name":"Józefów nad Wisłą - miasto","parentId":"060611212023","level":6,"kind":"4","hasDescription":true},{"id":"060611212025","name":"Józefów nad Wisłą - obszar wiejski","parentId":"060611212023","level":6,"kind":"5","hasDescription":true},{"id":"060611212032","name":"Karczmiska","parentId":"060611212000","level":6,"kind":"2","hasDescription":false},{"id":"060611212042","name":"Łaziska","parentId":"060611212000","level":6,"kind":"2","hasDescription":false},{"id":"060611212053","name":"Opole Lubelskie","parentId":"060611212000","level":6,"kind":"3","hasDescription":false},{"id":"060611212054","name":"Opole Lubelskie - miasto","parentId":"060611212053","level":6,"kind":"4","hasDescription":false},{"id":"060611212055","name":"Opole Lubelskie - obszar wiejski","parentId":"060611212053","level":6,"kind":"5","hasDescription":false},{"id":"060611212063","name":"Poniatowa","parentId":"060611212000","level":6,"kind":"3","hasDescription":false},{"id":"060611212064","name":"Poniatowa - miasto","parentId":"060611212063","level":6,"kind":"4","hasDescription":false},{"id":"060611212065","name":"Poniatowa - obszar wiejski","parentId":"060611212063","level":6,"kind":"5","hasDescription":false},{"id":"060611212072","name":"Wilków","parentId":"060611212000","level":6,"kind":"2","hasDescription":false},{"id":"060611214011","name":"Puławy","parentId":"060611214000","level":6,"kind":"1","hasDescription":false},{"id":"060611214022","name":"Baranów","parentId":"060611214000","level":6,"kind":"2","hasDescription":false},{"id":"060611214032","name":"Janowiec","parentId":"060611214000","level":6,"kind":"2","hasDescription":false},{"id":"060611214043","name":"Kazimierz Dolny","parentId":"060611214000","level":6,"kind":"3","hasDescription":false},{"id":"060611214044","name":"Kazimierz Dolny - miasto","parentId":"060611214043","level":6,"kind":"4","hasDescription":false},{"id":"060611214045","name":"Kazimierz Dolny - obszar wiejski","parentId":"060611214043","level":6,"kind":"5","hasDescription":false},{"id":"060611214052","name":"Końskowola","parentId":"060611214000","level":6,"kind":"2","hasDescription":false},{"id":"060611214062","name":"Kurów","parentId":"060611214000","level":6,"kind":"2","hasDescription":false},{"id":"060611214072","name":"Markuszów","parentId":"060611214000","level":6,"kind":"2","hasDescription":false},{"id":"060611214083","name":"Nałęczów","parentId":"060611214000","level":6,"kind":"3","hasDescription":false},{"id":"060611214084","name":"Nałęczów - miasto","parentId":"060611214083","level":6,"kind":"4","hasDescription":false},{"id":"060611214085","name":"Nałęczów - obszar wiejski","parentId":"060611214083","level":6,"kind":"5","hasDescription":false},{"id":"060611214092","name":"Puławy","parentId":"060611214000","level":6,"kind":"2","hasDescription":false},{"id":"060611214102","name":"Wąwolnica","parentId":"060611214000","level":6,"kind":"2","hasDescription":false},{"id":"060611214112","name":"Żyrzyn","parentId":"060611214000","level":6,"kind":"2","hasDescription":false},{"id":"060611216011","name":"Dęblin","parentId":"060611216000","level":6,"kind":"1","hasDescription":false},{"id":"060611216022","name":"Kłoczew","parentId":"060611216000","level":6,"kind":"2","hasDescription":false},{"id":"060611216032","name":"Nowodwór","parentId":"060611216000","level":6,"kind":"2","hasDescription":false},{"id":"060611216043","name":"Ryki","parentId":"060611216000","level":6,"kind":"3","hasDescription":false},{"id":"060611216044","name":"Ryki - miasto","parentId":"060611216043","level":6,"kind":"4","hasDescription":false},{"id":"060611216045","name":"Ryki - obszar wiejski","parentId":"060611216043","level":6,"kind":"5","hasDescription":false},{"id":"060611216052","name":"Stężyca","parentId":"060611216000","level":6,"kind":"2","hasDescription":false},{"id":"060611216062","name":"Ułęż","parentId":"060611216000","level":6,"kind":"2","hasDescription":false},{"id":"061813301012","name":"Baligród","parentId":"061813301000","level":6,"kind":"2","hasDescription":true}]}