{"totalRecords":4157,"page":19,"pageSize":100,"links":{"first":"https://bdl.stat.gov.pl/api/v1/units?level=6&page-size=100&format=json&page=0","prev":"https://bdl.stat.gov.pl/api/v1/units?level=6&page-size=100&format=json&page=18","self":"https://bdl.stat.gov.pl/api/v1/units?level=6&page-size=100&format=json&page=19","next":"https://bdl.stat.gov.pl/api/v1/units?level=6&page-size=100&format=json&page=20","last":"https://bdl.stat.gov.pl/api/v1/units?level=6&page-size=100&format=json&page=41"},"results":[{"id":"040410808082","name":"Tłuchowo","parentId":"040410808000","level":6,"kind":"2","hasDescription":false},{"id":"040410808092","name":"Wielgie","parentId":"040410808000","level":6,"kind":"2","hasDescription":false},{"id":"040410811011","name":"Radziejów","parentId":"040410811000","level":6,"kind":"1","hasDescription":false},{"id":"040410811022","name":"Bytoń","parentId":"040410811000","level":6,"kind":"2","hasDescription":false},{"id":"040410811032","name":"Dobre","parentId":"040410811000","level":6,"kind":"2","hasDescription":false},{"id":"040410811042","name":"Osięciny","parentId":"040410811000","level":6,"kind":"2","hasDescription":false},{"id":"040410811052","name":"Piotrków Kujawski","parentId":"040410811000","level":6,"kind":"2","hasDescription":true},{"id":"040410811053","name":"Piotrków Kujawski","parentId":"040410811000","level":6,"kind":"3","hasDescription":true},{"id":"040410811054","name":"Piotrków Kujawski - miasto","parentId":"040410811053","level":6,"kind":"4","hasDescription":true},{"id":"040410811055","name":"Piotrków Kujawski - obszar wiejski","parentId":"040410811053","level":6,"kind":"5","hasDescription":true},{"id":"040410811062","name":"Radziejów","parentId":"040410811000","level":6,"kind":"2","hasDescription":false},{"id":"040410811072","name":"Topólka","parentId":"040410811000","level":6,"kind":"2","hasDescription":false},{"id":"040410818011","name":"Kowal","parentId":"040410818000","level":6,"kind":"1","hasDescription":false},{"id":"040410818022","name":"Baruchowo","parentId":"040410818000","level":6,"kind":"2","hasDescription":false},{"id":"040410818032","name":"Boniewo","parentId":"040410818000","level":6,"kind":"2","hasDescription":false},{"id":"040410818043","name":"Brześć Kujawski","parentId":"040410818000","level":6,"kind":"3","hasDescription":false},{"id":"040410818044","name":"Brześć Kujawski - miasto","parentId":"040410818043","level":6,"kind":"4","hasDescription":false},{"id":"040410818045","name":"Brześć Kujawski - obszar wiejski","parentId":"040410818043","level":6,"kind":"5","hasDescription":false},{"id":"040410818052","name":"Choceń","parentId":"040410818000","level":6,"kind":"2","hasDescription":false},{"id":"040410818063","name":"Chodecz","parentId":"040410818000","level":6,"kind":"3","hasDescription":false},{"id":"040410818064","name":"Chodecz - miasto","parentId":"040410818063","level":6,"kind":"4","hasDescription":false},{"id":"040410818065","name":"Chodecz - obszar wiejski","parentId":"040410818063","level":6,"kind":"5","hasDescription":false},{"id":"040410818072","name":"Fabianki","parentId":"040410818000","level":6,"kind":"2","hasDescription":false},{"id":"040410818083","name":"Izbica Kujawska","parentId":"040410818000","level":6,"kind":"3","hasDescription":false},{"id":"040410818084","name":"Izbica Kujawska - miasto","parentId":"040410818083","level":6,"kind":"4","hasDescription":false},{"id":"040410818085","name":"Izbica Kujawska - obszar wiejski","parentId":"040410818083","level":6,"kind":"5","hasDescription":false},{"id":"040410818092","name":"Kowal","parentId":"040410818000","level":6,"kind":"2","hasDescription":false},{"id":"040410818102","name":"Lubanie","parentId":"040410818000","level":6,"kind":"2","hasDescription":false},{"id":"040410818113","name":"Lubień Kujawski","parentId":"040410818000","level":6,"kind":"3","hasDescription":false},{"id":"040410818114","name":"Lubień Kujawski - miasto","parentId":"040410818113","level":6,"kind":"4","hasDescription":false},{"id":"040410818115","name":"Lubień Kujawski - obszar wiejski","parentId":"040410818113","level":6,"kind":"5","hasDescription":false},{"id":"040410818123","name":"Lubraniec","parentId":"040410818000","level":6,"kind":"3","hasDescription":false},{"id":"040410818124","name":"Lubraniec - miasto","parentId":"040410818123","level":6,"kind":"4","hasDescription":false},{"id":"040410818125","name":"Lubraniec - obszar wiejski","parentId":"040410818123","level":6,"kind":"5","hasDescription":false},{"id":"040410818132","name":"Włocławek","parentId":"040410818000","level":6,"kind":"2","hasDescription":false},{"id":"040410864011","name":"Włocławek","parentId":"040410864000","level":6,"kind":"1","hasDescription":false},{"id":"040416707011","name":"Inowrocław","parentId":"040416707000","level":6,"kind":"1","hasDescription":false},{"id":"040416707022","name":"Dąbrowa Biskupia","parentId":"040416707000","level":6,"kind":"2","hasDescription":false},{"id":"040416707033","name":"Gniewkowo","parentId":"040416707000","level":6,"kind":"3","hasDescription":false},{"id":"040416707034","name":"Gniewkowo - miasto","parentId":"040416707033","level":6,"kind":"4","hasDescription":false},{"id":"040416707035","name":"Gniewkowo - obszar wiejski","parentId":"040416707033","level":6,"kind":"5","hasDescription":false},{"id":"040416707042","name":"Inowrocław","parentId":"040416707000","level":6,"kind":"2","hasDescription":false},{"id":"040416707053","name":"Janikowo","parentId":"040416707000","level":6,"kind":"3","hasDescription":false},{"id":"040416707054","name":"Janikowo - miasto","parentId":"040416707053","level":6,"kind":"4","hasDescription":false},{"id":"040416707055","name":"Janikowo - obszar wiejski","parentId":"040416707053","level":6,"kind":"5","hasDescription":false},{"id":"040416707063","name":"Kruszwica","parentId":"040416707000","level":6,"kind":"3","hasDescription":false},{"id":"040416707064","name":"Kruszwica - miasto","parentId":"040416707063","level":6,"kind":"4","hasDescription":false},{"id":"040416707065","name":"Kruszwica - obszar wiejski","parentId":"040416707063","level":6,"kind":"5","hasDescription":false},{"id":"040416707073","name":"Pakość","parentId":"040416707000","level":6,"kind":"3","hasDescription":false},{"id":"040416707074","name":"Pakość - miasto","parentId":"040416707073","level":6,"kind":"4","hasDescription":false},{"id":"040416707075","name":"Pakość - obszar wiejski","parentId":"040416707073","level":6,"kind":"5","hasDescription":false},{"id":"040416707082","name":"Rojewo","parentId":"040416707000","level":6,"kind":"2","hasDescription":false},{"id":"040416707092","name":"Złotniki Kujawskie","parentId":"040416707000","level":6,"kind":"2","hasDescription":false},{"id":"040416709012","name":"Dąbrowa","parentId":"040416709000","level":6,"kind":"2","hasDescription":false},{"id":"040416709022","name":"Jeziora Wielkie","parentId":"040416709000","level":6,"kind":"2","hasDescription":false},{"id":"040416709033","name":"Mogilno","parentId":"040416709000","level":6,"kind":"3","hasDescription":false},{"id":"040416709034","name":"Mogilno - miasto","parentId":"040416709033","level":6,"kind":"4","hasDescription":false},{"id":"040416709035","name":"Mogilno - obszar wiejski","parentId":"040416709033","level":6,"kind":"5","hasDescription":false},{"id":"040416709043","name":"Strzelno","parentId":"040416709000","level":6,"kind":"3","hasDescription":false},{"id":"040416709044","name":"Strzelno - miasto","parentId":"040416709043","level":6,"kind":"4","hasDescription":false},{"id":"040416709045","name":"Strzelno - obszar wiejski","parentId":"040416709043","level":6,"kind":"5","hasDescription":false},{"id":"040416710001","name":"Miejska strefa usług publicznych","parentId":"040416710000","level":6,"kind":"1","hasDescription":false},{"id":"040416710013","name":"Kcynia","parentId":"040416710000","level":6,"kind":"3","hasDescription":false},{"id":"040416710014","name":"Kcynia - miasto","parentId":"040416710013","level":6,"kind":"4","hasDescription":false},{"id":"040416710015","name":"Kcynia - obszar wiejski","parentId":"040416710013","level":6,"kind":"5","hasDescription":false},{"id":"040416710023","name":"Mrocza","parentId":"040416710000","level":6,"kind":"3","hasDescription":false},{"id":"040416710024","name":"Mrocza - miasto","parentId":"040416710023","level":6,"kind":"4","hasDescription":false},{"id":"040416710025","name":"Mrocza - obszar wiejski","parentId":"040416710023","level":6,"kind":"5","hasDescription":false},{"id":"040416710033","name":"Nakło nad Notecią","parentId":"040416710000","level":6,"kind":"3","hasDescription":false},{"id":"040416710034","name":"Nakło nad Notecią - miasto","parentId":"040416710033","level":6,"kind":"4","hasDescription":false},{"id":"040416710035","name":"Nakło nad Notecią - obszar wiejski","parentId":"040416710033","level":6,"kind":"5","hasDescription":false},{"id":"040416710042","name":"Sadki","parentId":"040416710000","level":6,"kind":"2","hasDescription":false},{"id":"040416710053","name":"Szubin","parentId":"040416710000","level":6,"kind":"3","hasDescription":false},{"id":"040416710054","name":"Szubin - miasto","parentId":"040416710053","level":6,"kind":"4","hasDescription":false},{"id":"040416710055","name":"Szubin - obszar wiejski","parentId":"040416710053","level":6,"kind":"5","hasDescription":false},{"id":"040416719013","name":"Barcin","parentId":"040416719000","level":6,"kind":"3","hasDescription":false},{"id":"040416719014","name":"Barcin - miasto","parentId":"040416719013","level":6,"kind":"4","hasDescription":false},{"id":"040416719015","name":"Barcin - obszar wiejski","parentId":"040416719013","level":6,"kind":"5","hasDescription":false},{"id":"040416719022","name":"Gąsawa","parentId":"040416719000","level":6,"kind":"2","hasDescription":true},{"id":"040416719023","name":"Gąsawa","parentId":"040416719000","level":6,"kind":"3","hasDescription":true},{"id":"040416719024","name":"Gąsawa - miasto","parentId":"040416719023","level":6,"kind":"4","hasDescription":true},{"id":"040416719025","name":"Gąsawa - obszar wiejski","parentId":"040416719023","level":6,"kind":"5","hasDescription":true},{"id":"040416719033","name":"Janowiec Wielkopolski","parentId":"040416719000","level":6,"kind":"3","hasDescription":false},{"id":"040416719034","name":"Janowiec Wielkopolski - miasto","parentId":"040416719033","level":6,"kind":"4","hasDescription":false},{"id":"040416719035","name":"Janowiec Wielkopolski - obszar wiejski","parentId":"040416719033","level":6,"kind":"5","hasDescription":false},{"id":"040416719043","name":"Łabiszyn","parentId":"040416719000","level":6,"kind":"3","hasDescription":false},{"id":"040416719044","name":"Łabiszyn - miasto","parentId":"040416719043","level":6,"kind":"4","hasDescription":false},{"id":"040416719045","name":"Łabiszyn - obszar wiejski","parentId":"040416719043","level":6,"kind":"5","hasDescription":false},{"id":"040416719052","name":"Rogowo","parentId":"040416719000","level":6,"kind":"2","hasDescription":false},{"id":"040416719063","name":"Żnin","parentId":"040416719000","level":6,"kind":"3","hasDescription":false},{"id":"040416719064","name":"Żnin - miasto","parentId":"040416719063","level":6,"kind":"4","hasDescription":false},{"id":"040416719065","name":"Żnin - obszar wiejski","parentId":"040416719063","level":6,"kind":"5","hasDescription":false},{"id":"040416813013","name":"Kamień Krajeński","parentId":"040416813000","level":6,"kind":"3","hasDescription":false},{"id":"040416813014","name":"Kamień Krajeński - miasto","parentId":"040416813013","level":6,"kind":"4","hasDescription":false},{"id":"040416813015","name":"Kamień Krajeński - obszar wiejski","parentId":"040416813013","level":6,"kind":"5","hasDescription":false},{"id":"040416813023","name":"Sępólno Krajeńskie","parentId":"040416813000","level":6,"kind":"3","hasDescription":false},{"id":"040416813024","name":"Sępólno Krajeńskie - miasto","parentId":"040416813023","level":6,"kind":"4","hasDescription":false},{"id":"040416813025","name":"Sępólno Krajeńskie - obszar wiejski","parentId":"040416813023","level":6,"kind":"5","hasDescription":false},{"id":"040416813032","name":"Sośno","parentId":"040416813000","level":6,"kind":"2","hasDescription":false},{"id":"040416813043","name":"Więcbork","parentId":"040416813000","level":6,"kind":"3","hasDescription":false}]}