{"totalRecords":4157,"page":30,"pageSize":100,"links":{"first":"https://bdl.stat.gov.pl/api/v1/units?level=6&page-size=100&format=json&page=0","prev":"https://bdl.stat.gov.pl/api/v1/units?level=6&page-size=100&format=json&page=29","self":"https://bdl.stat.gov.pl/api/v1/units?level=6&page-size=100&format=json&page=30","next":"https://bdl.stat.gov.pl/api/v1/units?level=6&page-size=100&format=json&page=31","last":"https://bdl.stat.gov.pl/api/v1/units?level=6&page-size=100&format=json&page=41"},"results":[{"id":"060611004042","name":"Hrubieszów","parentId":"060611004000","level":6,"kind":"2","hasDescription":false},{"id":"060611004052","name":"Mircze","parentId":"060611004000","level":6,"kind":"2","hasDescription":false},{"id":"060611004062","name":"Trzeszczany","parentId":"060611004000","level":6,"kind":"2","hasDescription":false},{"id":"060611004072","name":"Uchanie","parentId":"060611004000","level":6,"kind":"2","hasDescription":false},{"id":"060611004082","name":"Werbkowice","parentId":"060611004000","level":6,"kind":"2","hasDescription":false},{"id":"060611006011","name":"Krasnystaw","parentId":"060611006000","level":6,"kind":"1","hasDescription":false},{"id":"060611006022","name":"Fajsławice","parentId":"060611006000","level":6,"kind":"2","hasDescription":false},{"id":"060611006032","name":"Gorzków","parentId":"060611006000","level":6,"kind":"2","hasDescription":false},{"id":"060611006042","name":"Izbica","parentId":"060611006000","level":6,"kind":"2","hasDescription":true},{"id":"060611006043","name":"Izbica","parentId":"060611006000","level":6,"kind":"3","hasDescription":true},{"id":"060611006044","name":"Izbica - miasto","parentId":"060611006043","level":6,"kind":"4","hasDescription":true},{"id":"060611006045","name":"Izbica - obszar wiejski","parentId":"060611006043","level":6,"kind":"5","hasDescription":true},{"id":"060611006052","name":"Krasnystaw","parentId":"060611006000","level":6,"kind":"2","hasDescription":false},{"id":"060611006062","name":"Kraśniczyn","parentId":"060611006000","level":6,"kind":"2","hasDescription":false},{"id":"060611006072","name":"Łopiennik Górny","parentId":"060611006000","level":6,"kind":"2","hasDescription":false},{"id":"060611006082","name":"Rejowiec","parentId":"060611006000","level":6,"kind":"2","hasDescription":true},{"id":"060611006092","name":"Rudnik","parentId":"060611006000","level":6,"kind":"2","hasDescription":false},{"id":"060611006102","name":"Siennica Różana","parentId":"060611006000","level":6,"kind":"2","hasDescription":false},{"id":"060611006112","name":"Żółkiewka","parentId":"060611006000","level":6,"kind":"2","hasDescription":false},{"id":"060611018011","name":"Tomaszów Lubelski","parentId":"060611018000","level":6,"kind":"1","hasDescription":false},{"id":"060611018022","name":"Bełżec","parentId":"060611018000","level":6,"kind":"2","hasDescription":false},{"id":"060611018032","name":"Jarczów","parentId":"060611018000","level":6,"kind":"2","hasDescription":false},{"id":"060611018042","name":"Krynice","parentId":"060611018000","level":6,"kind":"2","hasDescription":false},{"id":"060611018052","name":"Lubycza Królewska","parentId":"060611018000","level":6,"kind":"2","hasDescription":true},{"id":"060611018053","name":"Lubycza Królewska","parentId":"060611018000","level":6,"kind":"3","hasDescription":true},{"id":"060611018054","name":"Lubycza Królewska - miasto","parentId":"060611018053","level":6,"kind":"4","hasDescription":true},{"id":"060611018055","name":"Lubycza Królewska - obszar wiejski","parentId":"060611018053","level":6,"kind":"5","hasDescription":true},{"id":"060611018062","name":"Łaszczów","parentId":"060611018000","level":6,"kind":"2","hasDescription":true},{"id":"060611018063","name":"Łaszczów","parentId":"060611018000","level":6,"kind":"3","hasDescription":true},{"id":"060611018064","name":"Łaszczów - miasto","parentId":"060611018063","level":6,"kind":"4","hasDescription":true},{"id":"060611018065","name":"Łaszczów - obszar wiejski","parentId":"060611018063","level":6,"kind":"5","hasDescription":true},{"id":"060611018072","name":"Rachanie","parentId":"060611018000","level":6,"kind":"2","hasDescription":false},{"id":"060611018082","name":"Susiec","parentId":"060611018000","level":6,"kind":"2","hasDescription":false},{"id":"060611018092","name":"Tarnawatka","parentId":"060611018000","level":6,"kind":"2","hasDescription":false},{"id":"060611018102","name":"Telatyn","parentId":"060611018000","level":6,"kind":"2","hasDescription":false},{"id":"060611018112","name":"Tomaszów Lubelski","parentId":"060611018000","level":6,"kind":"2","hasDescription":false},{"id":"060611018122","name":"Tyszowce","parentId":"060611018000","level":6,"kind":"2","hasDescription":true},{"id":"060611018123","name":"Tyszowce","parentId":"060611018000","level":6,"kind":"3","hasDescription":true},{"id":"060611018124","name":"Tyszowce - miasto","parentId":"060611018123","level":6,"kind":"4","hasDescription":true},{"id":"060611018125","name":"Tyszowce - obszar wiejski","parentId":"060611018123","level":6,"kind":"5","hasDescription":true},{"id":"060611018132","name":"Ulhówek","parentId":"060611018000","level":6,"kind":"2","hasDescription":false},{"id":"060611020012","name":"Adamów","parentId":"060611020000","level":6,"kind":"2","hasDescription":false},{"id":"060611020022","name":"Grabowiec","parentId":"060611020000","level":6,"kind":"2","hasDescription":false},{"id":"060611020032","name":"Komarów-Osada","parentId":"060611020000","level":6,"kind":"2","hasDescription":false},{"id":"060611020043","name":"Krasnobród","parentId":"060611020000","level":6,"kind":"3","hasDescription":false},{"id":"060611020044","name":"Krasnobród - miasto","parentId":"060611020043","level":6,"kind":"4","hasDescription":false},{"id":"060611020045","name":"Krasnobród - obszar wiejski","parentId":"060611020043","level":6,"kind":"5","hasDescription":false},{"id":"060611020052","name":"Łabunie","parentId":"060611020000","level":6,"kind":"2","hasDescription":false},{"id":"060611020062","name":"Miączyn","parentId":"060611020000","level":6,"kind":"2","hasDescription":false},{"id":"060611020072","name":"Nielisz","parentId":"060611020000","level":6,"kind":"2","hasDescription":false},{"id":"060611020082","name":"Radecznica","parentId":"060611020000","level":6,"kind":"2","hasDescription":false},{"id":"060611020092","name":"Sitno","parentId":"060611020000","level":6,"kind":"2","hasDescription":false},{"id":"060611020102","name":"Skierbieszów","parentId":"060611020000","level":6,"kind":"2","hasDescription":false},{"id":"060611020112","name":"Stary Zamość","parentId":"060611020000","level":6,"kind":"2","hasDescription":false},{"id":"060611020122","name":"Sułów","parentId":"060611020000","level":6,"kind":"2","hasDescription":false},{"id":"060611020133","name":"Szczebrzeszyn","parentId":"060611020000","level":6,"kind":"3","hasDescription":false},{"id":"060611020134","name":"Szczebrzeszyn - miasto","parentId":"060611020133","level":6,"kind":"4","hasDescription":false},{"id":"060611020135","name":"Szczebrzeszyn - obszar wiejski","parentId":"060611020133","level":6,"kind":"5","hasDescription":false},{"id":"060611020142","name":"Zamość","parentId":"060611020000","level":6,"kind":"2","hasDescription":false},{"id":"060611020153","name":"Zwierzyniec","parentId":"060611020000","level":6,"kind":"3","hasDescription":false},{"id":"060611020154","name":"Zwierzyniec - miasto","parentId":"060611020153","level":6,"kind":"4","hasDescription":false},{"id":"060611020155","name":"Zwierzyniec - obszar wiejski","parentId":"060611020153","level":6,"kind":"5","hasDescription":false},{"id":"060611062011","name":"Chełm","parentId":"060611062000","level":6,"kind":"1","hasDescription":false},{"id":"060611064011","name":"Zamość","parentId":"060611064000","level":6,"kind":"1","hasDescription":false},{"id":"060611108011","name":"Lubartów","parentId":"060611108000","level":6,"kind":"1","hasDescription":false},{"id":"060611108022","name":"Abramów","parentId":"060611108000","level":6,"kind":"2","hasDescription":false},{"id":"060611108032","name":"Firlej","parentId":"060611108000","level":6,"kind":"2","hasDescription":false},{"id":"060611108042","name":"Jeziorzany","parentId":"060611108000","level":6,"kind":"2","hasDescription":false},{"id":"060611108052","name":"Kamionka","parentId":"060611108000","level":6,"kind":"2","hasDescription":true},{"id":"060611108053","name":"Kamionka","parentId":"060611108000","level":6,"kind":"3","hasDescription":true},{"id":"060611108054","name":"Kamionka - miasto","parentId":"060611108053","level":6,"kind":"4","hasDescription":true},{"id":"060611108055","name":"Kamionka - obszar wiejski","parentId":"060611108053","level":6,"kind":"5","hasDescription":true},{"id":"060611108063","name":"Kock","parentId":"060611108000","level":6,"kind":"3","hasDescription":false},{"id":"060611108064","name":"Kock - miasto","parentId":"060611108063","level":6,"kind":"4","hasDescription":false},{"id":"060611108065","name":"Kock - obszar wiejski","parentId":"060611108063","level":6,"kind":"5","hasDescription":false},{"id":"060611108072","name":"Lubartów","parentId":"060611108000","level":6,"kind":"2","hasDescription":false},{"id":"060611108082","name":"Michów","parentId":"060611108000","level":6,"kind":"2","hasDescription":false},{"id":"060611108092","name":"Niedźwiada","parentId":"060611108000","level":6,"kind":"2","hasDescription":false},{"id":"060611108103","name":"Ostrów Lubelski","parentId":"060611108000","level":6,"kind":"3","hasDescription":false},{"id":"060611108104","name":"Ostrów Lubelski - miasto","parentId":"060611108103","level":6,"kind":"4","hasDescription":false},{"id":"060611108105","name":"Ostrów Lubelski - obszar wiejski","parentId":"060611108103","level":6,"kind":"5","hasDescription":false},{"id":"060611108112","name":"Ostrówek","parentId":"060611108000","level":6,"kind":"2","hasDescription":false},{"id":"060611108122","name":"Serniki","parentId":"060611108000","level":6,"kind":"2","hasDescription":false},{"id":"060611108132","name":"Uścimów","parentId":"060611108000","level":6,"kind":"2","hasDescription":false},{"id":"060611109013","name":"Bełżyce","parentId":"060611109000","level":6,"kind":"3","hasDescription":false},{"id":"060611109014","name":"Bełżyce - miasto","parentId":"060611109013","level":6,"kind":"4","hasDescription":false},{"id":"060611109015","name":"Bełżyce - obszar wiejski","parentId":"060611109013","level":6,"kind":"5","hasDescription":false},{"id":"060611109022","name":"Borzechów","parentId":"060611109000","level":6,"kind":"2","hasDescription":false},{"id":"060611109033","name":"Bychawa","parentId":"060611109000","level":6,"kind":"3","hasDescription":false},{"id":"060611109034","name":"Bychawa - miasto","parentId":"060611109033","level":6,"kind":"4","hasDescription":false},{"id":"060611109035","name":"Bychawa - obszar wiejski","parentId":"060611109033","level":6,"kind":"5","hasDescription":false},{"id":"060611109042","name":"Garbów","parentId":"060611109000","level":6,"kind":"2","hasDescription":false},{"id":"060611109052","name":"Głusk","parentId":"060611109000","level":6,"kind":"2","hasDescription":false},{"id":"060611109062","name":"Jabłonna","parentId":"060611109000","level":6,"kind":"2","hasDescription":false},{"id":"060611109072","name":"Jastków","parentId":"060611109000","level":6,"kind":"2","hasDescription":false},{"id":"060611109082","name":"Konopnica","parentId":"060611109000","level":6,"kind":"2","hasDescription":false},{"id":"060611109092","name":"Krzczonów","parentId":"060611109000","level":6,"kind":"2","hasDescription":false},{"id":"060611109102","name":"Niedrzwica Duża","parentId":"060611109000","level":6,"kind":"2","hasDescription":false},{"id":"060611109112","name":"Niemce","parentId":"060611109000","level":6,"kind":"2","hasDescription":false},{"id":"060611109122","name":"Strzyżewice","parentId":"060611109000","level":6,"kind":"2","hasDescription":false}]}