{"totalRecords":4157,"page":25,"pageSize":100,"links":{"first":"https://bdl.stat.gov.pl/api/v1/units?level=6&page-size=100&format=json&page=0","prev":"https://bdl.stat.gov.pl/api/v1/units?level=6&page-size=100&format=json&page=24","self":"https://bdl.stat.gov.pl/api/v1/units?level=6&page-size=100&format=json&page=25","next":"https://bdl.stat.gov.pl/api/v1/units?level=6&page-size=100&format=json&page=26","last":"https://bdl.stat.gov.pl/api/v1/units?level=6&page-size=100&format=json&page=41"},"results":[{"id":"051011710115","name":"Wolbórz - obszar wiejski","parentId":"051011710113","level":6,"kind":"5","hasDescription":true},{"id":"051011712011","name":"Radomsko","parentId":"051011712000","level":6,"kind":"1","hasDescription":false},{"id":"051011712022","name":"Dobryszyce","parentId":"051011712000","level":6,"kind":"2","hasDescription":false},{"id":"051011712032","name":"Gidle","parentId":"051011712000","level":6,"kind":"2","hasDescription":false},{"id":"051011712042","name":"Gomunice","parentId":"051011712000","level":6,"kind":"2","hasDescription":false},{"id":"051011712053","name":"Kamieńsk","parentId":"051011712000","level":6,"kind":"3","hasDescription":false},{"id":"051011712054","name":"Kamieńsk - miasto","parentId":"051011712053","level":6,"kind":"4","hasDescription":false},{"id":"051011712055","name":"Kamieńsk - obszar wiejski","parentId":"051011712053","level":6,"kind":"5","hasDescription":false},{"id":"051011712062","name":"Kobiele Wielkie","parentId":"051011712000","level":6,"kind":"2","hasDescription":false},{"id":"051011712072","name":"Kodrąb","parentId":"051011712000","level":6,"kind":"2","hasDescription":false},{"id":"051011712082","name":"Lgota Wielka","parentId":"051011712000","level":6,"kind":"2","hasDescription":false},{"id":"051011712092","name":"Ładzice","parentId":"051011712000","level":6,"kind":"2","hasDescription":false},{"id":"051011712102","name":"Masłowice","parentId":"051011712000","level":6,"kind":"2","hasDescription":false},{"id":"051011712113","name":"Przedbórz","parentId":"051011712000","level":6,"kind":"3","hasDescription":false},{"id":"051011712114","name":"Przedbórz - miasto","parentId":"051011712113","level":6,"kind":"4","hasDescription":false},{"id":"051011712115","name":"Przedbórz - obszar wiejski","parentId":"051011712113","level":6,"kind":"5","hasDescription":false},{"id":"051011712122","name":"Radomsko","parentId":"051011712000","level":6,"kind":"2","hasDescription":false},{"id":"051011712132","name":"Wielgomłyny","parentId":"051011712000","level":6,"kind":"2","hasDescription":false},{"id":"051011712142","name":"Żytno","parentId":"051011712000","level":6,"kind":"2","hasDescription":false},{"id":"051011716011","name":"Tomaszów Mazowiecki","parentId":"051011716000","level":6,"kind":"1","hasDescription":false},{"id":"051011716022","name":"Będków","parentId":"051011716000","level":6,"kind":"2","hasDescription":false},{"id":"051011716032","name":"Budziszewice","parentId":"051011716000","level":6,"kind":"2","hasDescription":false},{"id":"051011716042","name":"Czerniewice","parentId":"051011716000","level":6,"kind":"2","hasDescription":false},{"id":"051011716052","name":"Inowłódz","parentId":"051011716000","level":6,"kind":"2","hasDescription":true},{"id":"051011716053","name":"Inowłódz","parentId":"051011716000","level":6,"kind":"3","hasDescription":true},{"id":"051011716054","name":"Inowłódz - miasto","parentId":"051011716053","level":6,"kind":"4","hasDescription":true},{"id":"051011716055","name":"Inowłódz - obszar wiejski","parentId":"051011716053","level":6,"kind":"5","hasDescription":true},{"id":"051011716062","name":"Lubochnia","parentId":"051011716000","level":6,"kind":"2","hasDescription":false},{"id":"051011716072","name":"Rokiciny","parentId":"051011716000","level":6,"kind":"2","hasDescription":false},{"id":"051011716082","name":"Rzeczyca","parentId":"051011716000","level":6,"kind":"2","hasDescription":false},{"id":"051011716092","name":"Tomaszów Mazowiecki","parentId":"051011716000","level":6,"kind":"2","hasDescription":false},{"id":"051011716102","name":"Ujazd","parentId":"051011716000","level":6,"kind":"2","hasDescription":true},{"id":"051011716103","name":"Ujazd","parentId":"051011716000","level":6,"kind":"3","hasDescription":true},{"id":"051011716104","name":"Ujazd - miasto","parentId":"051011716103","level":6,"kind":"4","hasDescription":true},{"id":"051011716105","name":"Ujazd - obszar wiejski","parentId":"051011716103","level":6,"kind":"5","hasDescription":true},{"id":"051011716112","name":"Żelechlinek","parentId":"051011716000","level":6,"kind":"2","hasDescription":false},{"id":"051011762011","name":"Piotrków Trybunalski","parentId":"051011762000","level":6,"kind":"1","hasDescription":false},{"id":"051011803012","name":"Buczek","parentId":"051011803000","level":6,"kind":"2","hasDescription":false},{"id":"051011803023","name":"Łask","parentId":"051011803000","level":6,"kind":"3","hasDescription":false},{"id":"051011803024","name":"Łask - miasto","parentId":"051011803023","level":6,"kind":"4","hasDescription":false},{"id":"051011803025","name":"Łask - obszar wiejski","parentId":"051011803023","level":6,"kind":"5","hasDescription":false},{"id":"051011803032","name":"Sędziejowice","parentId":"051011803000","level":6,"kind":"2","hasDescription":false},{"id":"051011803042","name":"Widawa","parentId":"051011803000","level":6,"kind":"2","hasDescription":false},{"id":"051011803052","name":"Wodzierady","parentId":"051011803000","level":6,"kind":"2","hasDescription":false},{"id":"051011809013","name":"Działoszyn","parentId":"051011809000","level":6,"kind":"3","hasDescription":false},{"id":"051011809014","name":"Działoszyn - miasto","parentId":"051011809013","level":6,"kind":"4","hasDescription":false},{"id":"051011809015","name":"Działoszyn - obszar wiejski","parentId":"051011809013","level":6,"kind":"5","hasDescription":false},{"id":"051011809022","name":"Kiełczygłów","parentId":"051011809000","level":6,"kind":"2","hasDescription":false},{"id":"051011809032","name":"Nowa Brzeźnica","parentId":"051011809000","level":6,"kind":"2","hasDescription":false},{"id":"051011809043","name":"Pajęczno","parentId":"051011809000","level":6,"kind":"3","hasDescription":false},{"id":"051011809044","name":"Pajęczno - miasto","parentId":"051011809043","level":6,"kind":"4","hasDescription":false},{"id":"051011809045","name":"Pajęczno - obszar wiejski","parentId":"051011809043","level":6,"kind":"5","hasDescription":false},{"id":"051011809052","name":"Rząśnia","parentId":"051011809000","level":6,"kind":"2","hasDescription":false},{"id":"051011809062","name":"Siemkowice","parentId":"051011809000","level":6,"kind":"2","hasDescription":false},{"id":"051011809072","name":"Strzelce Wielkie","parentId":"051011809000","level":6,"kind":"2","hasDescription":false},{"id":"051011809082","name":"Sulmierzyce","parentId":"051011809000","level":6,"kind":"2","hasDescription":false},{"id":"051011811012","name":"Dalików","parentId":"051011811000","level":6,"kind":"2","hasDescription":false},{"id":"051011811022","name":"Pęczniew","parentId":"051011811000","level":6,"kind":"2","hasDescription":false},{"id":"051011811033","name":"Poddębice","parentId":"051011811000","level":6,"kind":"3","hasDescription":false},{"id":"051011811034","name":"Poddębice - miasto","parentId":"051011811033","level":6,"kind":"4","hasDescription":false},{"id":"051011811035","name":"Poddębice - obszar wiejski","parentId":"051011811033","level":6,"kind":"5","hasDescription":false},{"id":"051011811043","name":"Uniejów","parentId":"051011811000","level":6,"kind":"3","hasDescription":false},{"id":"051011811044","name":"Uniejów - miasto","parentId":"051011811043","level":6,"kind":"4","hasDescription":false},{"id":"051011811045","name":"Uniejów - obszar wiejski","parentId":"051011811043","level":6,"kind":"5","hasDescription":false},{"id":"051011811052","name":"Wartkowice","parentId":"051011811000","level":6,"kind":"2","hasDescription":false},{"id":"051011811062","name":"Zadzim","parentId":"051011811000","level":6,"kind":"2","hasDescription":false},{"id":"051011814011","name":"Sieradz","parentId":"051011814000","level":6,"kind":"1","hasDescription":false},{"id":"051011814023","name":"Błaszki","parentId":"051011814000","level":6,"kind":"3","hasDescription":false},{"id":"051011814024","name":"Błaszki - miasto","parentId":"051011814023","level":6,"kind":"4","hasDescription":false},{"id":"051011814025","name":"Błaszki - obszar wiejski","parentId":"051011814023","level":6,"kind":"5","hasDescription":false},{"id":"051011814032","name":"Brąszewice","parentId":"051011814000","level":6,"kind":"2","hasDescription":false},{"id":"051011814042","name":"Brzeźnio","parentId":"051011814000","level":6,"kind":"2","hasDescription":false},{"id":"051011814052","name":"Burzenin","parentId":"051011814000","level":6,"kind":"2","hasDescription":false},{"id":"051011814062","name":"Goszczanów","parentId":"051011814000","level":6,"kind":"2","hasDescription":false},{"id":"051011814072","name":"Klonowa","parentId":"051011814000","level":6,"kind":"2","hasDescription":false},{"id":"051011814082","name":"Sieradz","parentId":"051011814000","level":6,"kind":"2","hasDescription":false},{"id":"051011814093","name":"Warta","parentId":"051011814000","level":6,"kind":"3","hasDescription":false},{"id":"051011814094","name":"Warta - miasto","parentId":"051011814093","level":6,"kind":"4","hasDescription":false},{"id":"051011814095","name":"Warta - obszar wiejski","parentId":"051011814093","level":6,"kind":"5","hasDescription":false},{"id":"051011814102","name":"Wróblew","parentId":"051011814000","level":6,"kind":"2","hasDescription":false},{"id":"051011814113","name":"Złoczew","parentId":"051011814000","level":6,"kind":"3","hasDescription":false},{"id":"051011814114","name":"Złoczew - miasto","parentId":"051011814113","level":6,"kind":"4","hasDescription":false},{"id":"051011814115","name":"Złoczew - obszar wiejski","parentId":"051011814113","level":6,"kind":"5","hasDescription":false},{"id":"051011817012","name":"Biała","parentId":"051011817000","level":6,"kind":"2","hasDescription":false},{"id":"051011817022","name":"Czarnożyły","parentId":"051011817000","level":6,"kind":"2","hasDescription":false},{"id":"051011817032","name":"Konopnica","parentId":"051011817000","level":6,"kind":"2","hasDescription":false},{"id":"051011817042","name":"Mokrsko","parentId":"051011817000","level":6,"kind":"2","hasDescription":false},{"id":"051011817052","name":"Osjaków","parentId":"051011817000","level":6,"kind":"2","hasDescription":true},{"id":"051011817053","name":"Osjaków","parentId":"051011817000","level":6,"kind":"3","hasDescription":true},{"id":"051011817054","name":"Osjaków - miasto","parentId":"051011817053","level":6,"kind":"4","hasDescription":true},{"id":"051011817055","name":"Osjaków - obszar wiejski","parentId":"051011817053","level":6,"kind":"5","hasDescription":true},{"id":"051011817062","name":"Ostrówek","parentId":"051011817000","level":6,"kind":"2","hasDescription":false},{"id":"051011817072","name":"Pątnów","parentId":"051011817000","level":6,"kind":"2","hasDescription":false},{"id":"051011817082","name":"Skomlin","parentId":"051011817000","level":6,"kind":"2","hasDescription":false},{"id":"051011817093","name":"Wieluń","parentId":"051011817000","level":6,"kind":"3","hasDescription":false},{"id":"051011817094","name":"Wieluń - miasto","parentId":"051011817093","level":6,"kind":"4","hasDescription":false},{"id":"051011817095","name":"Wieluń - obszar wiejski","parentId":"051011817093","level":6,"kind":"5","hasDescription":false},{"id":"051011817102","name":"Wierzchlas","parentId":"051011817000","level":6,"kind":"2","hasDescription":false},{"id":"051011818012","name":"Bolesławiec","parentId":"051011818000","level":6,"kind":"2","hasDescription":true},{"id":"051011818013","name":"Bolesławiec","parentId":"051011818000","level":6,"kind":"3","hasDescription":true}]}