{"totalRecords":4157,"page":5,"pageSize":100,"links":{"first":"https://bdl.stat.gov.pl/api/v1/units?level=6&page-size=100&format=json&page=0","prev":"https://bdl.stat.gov.pl/api/v1/units?level=6&page-size=100&format=json&page=4","self":"https://bdl.stat.gov.pl/api/v1/units?level=6&page-size=100&format=json&page=5","next":"https://bdl.stat.gov.pl/api/v1/units?level=6&page-size=100&format=json&page=6","last":"https://bdl.stat.gov.pl/api/v1/units?level=6&page-size=100&format=json&page=41"},"results":[{"id":"012415075011","name":"Sosnowiec","parentId":"012415075000","level":6,"kind":"1","hasDescription":false},{"id":"012415108011","name":"Łaziska Górne","parentId":"012415108000","level":6,"kind":"1","hasDescription":false},{"id":"012415108021","name":"Mikołów","parentId":"012415108000","level":6,"kind":"1","hasDescription":false},{"id":"012415108031","name":"Orzesze","parentId":"012415108000","level":6,"kind":"1","hasDescription":false},{"id":"012415108042","name":"Ornontowice","parentId":"012415108000","level":6,"kind":"2","hasDescription":false},{"id":"012415108052","name":"Wyry","parentId":"012415108000","level":6,"kind":"2","hasDescription":false},{"id":"012415110012","name":"Goczałkowice-Zdrój","parentId":"012415110000","level":6,"kind":"2","hasDescription":false},{"id":"012415110022","name":"Kobiór","parentId":"012415110000","level":6,"kind":"2","hasDescription":false},{"id":"012415110032","name":"Miedźna","parentId":"012415110000","level":6,"kind":"2","hasDescription":false},{"id":"012415110042","name":"Pawłowice","parentId":"012415110000","level":6,"kind":"2","hasDescription":false},{"id":"012415110053","name":"Pszczyna","parentId":"012415110000","level":6,"kind":"3","hasDescription":false},{"id":"012415110054","name":"Pszczyna - miasto","parentId":"012415110053","level":6,"kind":"4","hasDescription":false},{"id":"012415110055","name":"Pszczyna - obszar wiejski","parentId":"012415110053","level":6,"kind":"5","hasDescription":false},{"id":"012415110062","name":"Suszec","parentId":"012415110000","level":6,"kind":"2","hasDescription":false},{"id":"012415114011","name":"Bieruń","parentId":"012415114000","level":6,"kind":"1","hasDescription":false},{"id":"012415114021","name":"Imielin","parentId":"012415114000","level":6,"kind":"1","hasDescription":false},{"id":"012415114031","name":"Lędziny","parentId":"012415114000","level":6,"kind":"1","hasDescription":false},{"id":"012415114042","name":"Bojszowy","parentId":"012415114000","level":6,"kind":"2","hasDescription":false},{"id":"012415114052","name":"Chełm Śląski","parentId":"012415114000","level":6,"kind":"2","hasDescription":false},{"id":"012415177011","name":"Tychy","parentId":"012415177000","level":6,"kind":"1","hasDescription":false},{"id":"020811301011","name":"Kostrzyn nad Odrą","parentId":"020811301000","level":6,"kind":"1","hasDescription":true},{"id":"020811301022","name":"Bogdaniec","parentId":"020811301000","level":6,"kind":"2","hasDescription":false},{"id":"020811301032","name":"Deszczno","parentId":"020811301000","level":6,"kind":"2","hasDescription":false},{"id":"020811301042","name":"Kłodawa","parentId":"020811301000","level":6,"kind":"2","hasDescription":false},{"id":"020811301052","name":"Lubiszyn","parentId":"020811301000","level":6,"kind":"2","hasDescription":false},{"id":"020811301062","name":"Santok","parentId":"020811301000","level":6,"kind":"2","hasDescription":false},{"id":"020811301073","name":"Witnica","parentId":"020811301000","level":6,"kind":"3","hasDescription":false},{"id":"020811301074","name":"Witnica - miasto","parentId":"020811301073","level":6,"kind":"4","hasDescription":false},{"id":"020811301075","name":"Witnica - obszar wiejski","parentId":"020811301073","level":6,"kind":"5","hasDescription":false},{"id":"020811303012","name":"Bledzew","parentId":"020811303000","level":6,"kind":"2","hasDescription":false},{"id":"020811303023","name":"Międzyrzecz","parentId":"020811303000","level":6,"kind":"3","hasDescription":false},{"id":"020811303024","name":"Międzyrzecz - miasto","parentId":"020811303023","level":6,"kind":"4","hasDescription":false},{"id":"020811303025","name":"Międzyrzecz - obszar wiejski","parentId":"020811303023","level":6,"kind":"5","hasDescription":false},{"id":"020811303032","name":"Przytoczna","parentId":"020811303000","level":6,"kind":"2","hasDescription":false},{"id":"020811303042","name":"Pszczew","parentId":"020811303000","level":6,"kind":"2","hasDescription":false},{"id":"020811303053","name":"Skwierzyna","parentId":"020811303000","level":6,"kind":"3","hasDescription":false},{"id":"020811303054","name":"Skwierzyna - miasto","parentId":"020811303053","level":6,"kind":"4","hasDescription":false},{"id":"020811303055","name":"Skwierzyna - obszar wiejski","parentId":"020811303053","level":6,"kind":"5","hasDescription":false},{"id":"020811303063","name":"Trzciel","parentId":"020811303000","level":6,"kind":"3","hasDescription":false},{"id":"020811303064","name":"Trzciel - miasto","parentId":"020811303063","level":6,"kind":"4","hasDescription":false},{"id":"020811303065","name":"Trzciel - obszar wiejski","parentId":"020811303063","level":6,"kind":"5","hasDescription":false},{"id":"020811305013","name":"Cybinka","parentId":"020811305000","level":6,"kind":"3","hasDescription":false},{"id":"020811305014","name":"Cybinka - miasto","parentId":"020811305013","level":6,"kind":"4","hasDescription":false},{"id":"020811305015","name":"Cybinka - obszar wiejski","parentId":"020811305013","level":6,"kind":"5","hasDescription":false},{"id":"020811305022","name":"Górzyca","parentId":"020811305000","level":6,"kind":"2","hasDescription":false},{"id":"020811305033","name":"Ośno Lubuskie","parentId":"020811305000","level":6,"kind":"3","hasDescription":false},{"id":"020811305034","name":"Ośno Lubuskie - miasto","parentId":"020811305033","level":6,"kind":"4","hasDescription":false},{"id":"020811305035","name":"Ośno Lubuskie - obszar wiejski","parentId":"020811305033","level":6,"kind":"5","hasDescription":false},{"id":"020811305043","name":"Rzepin","parentId":"020811305000","level":6,"kind":"3","hasDescription":false},{"id":"020811305044","name":"Rzepin - miasto","parentId":"020811305043","level":6,"kind":"4","hasDescription":false},{"id":"020811305045","name":"Rzepin - obszar wiejski","parentId":"020811305043","level":6,"kind":"5","hasDescription":false},{"id":"020811305053","name":"Słubice","parentId":"020811305000","level":6,"kind":"3","hasDescription":false},{"id":"020811305054","name":"Słubice - miasto","parentId":"020811305053","level":6,"kind":"4","hasDescription":false},{"id":"020811305055","name":"Słubice - obszar wiejski","parentId":"020811305053","level":6,"kind":"5","hasDescription":false},{"id":"020811306013","name":"Dobiegniew","parentId":"020811306000","level":6,"kind":"3","hasDescription":false},{"id":"020811306014","name":"Dobiegniew - miasto","parentId":"020811306013","level":6,"kind":"4","hasDescription":false},{"id":"020811306015","name":"Dobiegniew - obszar wiejski","parentId":"020811306013","level":6,"kind":"5","hasDescription":false},{"id":"020811306023","name":"Drezdenko","parentId":"020811306000","level":6,"kind":"3","hasDescription":false},{"id":"020811306024","name":"Drezdenko - miasto","parentId":"020811306023","level":6,"kind":"4","hasDescription":false},{"id":"020811306025","name":"Drezdenko - obszar wiejski","parentId":"020811306023","level":6,"kind":"5","hasDescription":false},{"id":"020811306032","name":"Stare Kurowo","parentId":"020811306000","level":6,"kind":"2","hasDescription":false},{"id":"020811306043","name":"Strzelce Krajeńskie","parentId":"020811306000","level":6,"kind":"3","hasDescription":false},{"id":"020811306044","name":"Strzelce Krajeńskie - miasto","parentId":"020811306043","level":6,"kind":"4","hasDescription":false},{"id":"020811306045","name":"Strzelce Krajeńskie - obszar wiejski","parentId":"020811306043","level":6,"kind":"5","hasDescription":false},{"id":"020811306052","name":"Zwierzyn","parentId":"020811306000","level":6,"kind":"2","hasDescription":false},{"id":"020811307012","name":"Krzeszyce","parentId":"020811307000","level":6,"kind":"2","hasDescription":false},{"id":"020811307023","name":"Lubniewice","parentId":"020811307000","level":6,"kind":"3","hasDescription":false},{"id":"020811307024","name":"Lubniewice - miasto","parentId":"020811307023","level":6,"kind":"4","hasDescription":false},{"id":"020811307025","name":"Lubniewice - obszar wiejski","parentId":"020811307023","level":6,"kind":"5","hasDescription":false},{"id":"020811307032","name":"Słońsk","parentId":"020811307000","level":6,"kind":"2","hasDescription":false},{"id":"020811307043","name":"Sulęcin","parentId":"020811307000","level":6,"kind":"3","hasDescription":false},{"id":"020811307044","name":"Sulęcin - miasto","parentId":"020811307043","level":6,"kind":"4","hasDescription":false},{"id":"020811307045","name":"Sulęcin - obszar wiejski","parentId":"020811307043","level":6,"kind":"5","hasDescription":false},{"id":"020811307053","name":"Torzym","parentId":"020811307000","level":6,"kind":"3","hasDescription":false},{"id":"020811307054","name":"Torzym - miasto","parentId":"020811307053","level":6,"kind":"4","hasDescription":false},{"id":"020811307055","name":"Torzym - obszar wiejski","parentId":"020811307053","level":6,"kind":"5","hasDescription":false},{"id":"020811361011","name":"Gorzów Wielkopolski","parentId":"020811361000","level":6,"kind":"1","hasDescription":false},{"id":"020811402011","name":"Gubin","parentId":"020811402000","level":6,"kind":"1","hasDescription":false},{"id":"020811402022","name":"Bobrowice","parentId":"020811402000","level":6,"kind":"2","hasDescription":false},{"id":"020811402032","name":"Bytnica","parentId":"020811402000","level":6,"kind":"2","hasDescription":false},{"id":"020811402042","name":"Dąbie","parentId":"020811402000","level":6,"kind":"2","hasDescription":false},{"id":"020811402052","name":"Gubin","parentId":"020811402000","level":6,"kind":"2","hasDescription":false},{"id":"020811402063","name":"Krosno Odrzańskie","parentId":"020811402000","level":6,"kind":"3","hasDescription":false},{"id":"020811402064","name":"Krosno Odrzańskie - miasto","parentId":"020811402063","level":6,"kind":"4","hasDescription":false},{"id":"020811402065","name":"Krosno Odrzańskie - obszar wiejski","parentId":"020811402063","level":6,"kind":"5","hasDescription":false},{"id":"020811402072","name":"Maszewo","parentId":"020811402000","level":6,"kind":"2","hasDescription":false},{"id":"020811404011","name":"Nowa Sól","parentId":"020811404000","level":6,"kind":"1","hasDescription":false},{"id":"020811404023","name":"Bytom Odrzański","parentId":"020811404000","level":6,"kind":"3","hasDescription":false},{"id":"020811404024","name":"Bytom Odrzański - miasto","parentId":"020811404023","level":6,"kind":"4","hasDescription":false},{"id":"020811404025","name":"Bytom Odrzański - obszar wiejski","parentId":"020811404023","level":6,"kind":"5","hasDescription":false},{"id":"020811404032","name":"Kolsko","parentId":"020811404000","level":6,"kind":"2","hasDescription":false},{"id":"020811404043","name":"Kożuchów","parentId":"020811404000","level":6,"kind":"3","hasDescription":false},{"id":"020811404044","name":"Kożuchów - miasto","parentId":"020811404043","level":6,"kind":"4","hasDescription":false},{"id":"020811404045","name":"Kożuchów - obszar wiejski","parentId":"020811404043","level":6,"kind":"5","hasDescription":false},{"id":"020811404052","name":"Nowa Sól","parentId":"020811404000","level":6,"kind":"2","hasDescription":false},{"id":"020811404063","name":"Nowe Miasteczko","parentId":"020811404000","level":6,"kind":"3","hasDescription":false},{"id":"020811404064","name":"Nowe Miasteczko - miasto","parentId":"020811404063","level":6,"kind":"4","hasDescription":false},{"id":"020811404065","name":"Nowe Miasteczko - obszar wiejski","parentId":"020811404063","level":6,"kind":"5","hasDescription":false},{"id":"020811404072","name":"Otyń","parentId":"020811404000","level":6,"kind":"2","hasDescription":true},{"id":"020811404073","name":"Otyń","parentId":"020811404000","level":6,"kind":"3","hasDescription":true}]}