{"totalRecords":4157,"page":1,"pageSize":100,"links":{"first":"https://bdl.stat.gov.pl/api/v1/units?level=6&page-size=100&format=json&page=0","prev":"https://bdl.stat.gov.pl/api/v1/units?level=6&page-size=100&format=json&page=0","self":"https://bdl.stat.gov.pl/api/v1/units?level=6&page-size=100&format=json&page=1","next":"https://bdl.stat.gov.pl/api/v1/units?level=6&page-size=100&format=json&page=2","last":"https://bdl.stat.gov.pl/api/v1/units?level=6&page-size=100&format=json&page=41"},"results":[{"id":"011212205062","name":"Łużna","parentId":"011212205000","level":6,"kind":"2","hasDescription":false},{"id":"011212205072","name":"Moszczenica","parentId":"011212205000","level":6,"kind":"2","hasDescription":false},{"id":"011212205082","name":"Ropa","parentId":"011212205000","level":6,"kind":"2","hasDescription":false},{"id":"011212205092","name":"Sękowa","parentId":"011212205000","level":6,"kind":"2","hasDescription":false},{"id":"011212205102","name":"Uście Gorlickie","parentId":"011212205000","level":6,"kind":"2","hasDescription":false},{"id":"011212207011","name":"Limanowa","parentId":"011212207000","level":6,"kind":"1","hasDescription":false},{"id":"011212207021","name":"Mszana Dolna","parentId":"011212207000","level":6,"kind":"1","hasDescription":false},{"id":"011212207032","name":"Dobra","parentId":"011212207000","level":6,"kind":"2","hasDescription":false},{"id":"011212207042","name":"Jodłownik","parentId":"011212207000","level":6,"kind":"2","hasDescription":false},{"id":"011212207052","name":"Kamienica","parentId":"011212207000","level":6,"kind":"2","hasDescription":false},{"id":"011212207062","name":"Laskowa","parentId":"011212207000","level":6,"kind":"2","hasDescription":false},{"id":"011212207072","name":"Limanowa","parentId":"011212207000","level":6,"kind":"2","hasDescription":false},{"id":"011212207082","name":"Łukowica","parentId":"011212207000","level":6,"kind":"2","hasDescription":false},{"id":"011212207092","name":"Mszana Dolna","parentId":"011212207000","level":6,"kind":"2","hasDescription":false},{"id":"011212207102","name":"Niedźwiedź","parentId":"011212207000","level":6,"kind":"2","hasDescription":false},{"id":"011212207112","name":"Słopnice","parentId":"011212207000","level":6,"kind":"2","hasDescription":true},{"id":"011212207122","name":"Tymbark","parentId":"011212207000","level":6,"kind":"2","hasDescription":false},{"id":"011212210001","name":"Miejska strefa usług publicznych","parentId":"011212210000","level":6,"kind":"1","hasDescription":false},{"id":"011212210011","name":"Grybów","parentId":"011212210000","level":6,"kind":"1","hasDescription":false},{"id":"011212210022","name":"Chełmiec","parentId":"011212210000","level":6,"kind":"2","hasDescription":true},{"id":"011212210032","name":"Gródek nad Dunajcem","parentId":"011212210000","level":6,"kind":"2","hasDescription":false},{"id":"011212210042","name":"Grybów","parentId":"011212210000","level":6,"kind":"2","hasDescription":false},{"id":"011212210052","name":"Kamionka Wielka","parentId":"011212210000","level":6,"kind":"2","hasDescription":false},{"id":"011212210062","name":"Korzenna","parentId":"011212210000","level":6,"kind":"2","hasDescription":false},{"id":"011212210073","name":"Krynica-Zdrój","parentId":"011212210000","level":6,"kind":"3","hasDescription":true},{"id":"011212210074","name":"Krynica-Zdrój - miasto","parentId":"011212210073","level":6,"kind":"4","hasDescription":true},{"id":"011212210075","name":"Krynica-Zdrój - obszar wiejski","parentId":"011212210073","level":6,"kind":"5","hasDescription":true},{"id":"011212210082","name":"Łabowa","parentId":"011212210000","level":6,"kind":"2","hasDescription":false},{"id":"011212210092","name":"Łącko","parentId":"011212210000","level":6,"kind":"2","hasDescription":false},{"id":"011212210102","name":"Łososina Dolna","parentId":"011212210000","level":6,"kind":"2","hasDescription":false},{"id":"011212210113","name":"Muszyna","parentId":"011212210000","level":6,"kind":"3","hasDescription":false},{"id":"011212210114","name":"Muszyna - miasto","parentId":"011212210113","level":6,"kind":"4","hasDescription":false},{"id":"011212210115","name":"Muszyna - obszar wiejski","parentId":"011212210113","level":6,"kind":"5","hasDescription":false},{"id":"011212210122","name":"Nawojowa","parentId":"011212210000","level":6,"kind":"2","hasDescription":false},{"id":"011212210133","name":"Piwniczna-Zdrój","parentId":"011212210000","level":6,"kind":"3","hasDescription":true},{"id":"011212210134","name":"Piwniczna-Zdrój - miasto","parentId":"011212210133","level":6,"kind":"4","hasDescription":true},{"id":"011212210135","name":"Piwniczna-Zdrój - obszar wiejski","parentId":"011212210133","level":6,"kind":"5","hasDescription":true},{"id":"011212210142","name":"Podegrodzie","parentId":"011212210000","level":6,"kind":"2","hasDescription":false},{"id":"011212210152","name":"Rytro","parentId":"011212210000","level":6,"kind":"2","hasDescription":false},{"id":"011212210163","name":"Stary Sącz","parentId":"011212210000","level":6,"kind":"3","hasDescription":false},{"id":"011212210164","name":"Stary Sącz - miasto","parentId":"011212210163","level":6,"kind":"4","hasDescription":false},{"id":"011212210165","name":"Stary Sącz - obszar wiejski","parentId":"011212210163","level":6,"kind":"5","hasDescription":false},{"id":"011212262011","name":"Nowy Sącz","parentId":"011212262000","level":6,"kind":"1","hasDescription":false},{"id":"011212303013","name":"Alwernia","parentId":"011212303000","level":6,"kind":"3","hasDescription":false},{"id":"011212303014","name":"Alwernia - miasto","parentId":"011212303013","level":6,"kind":"4","hasDescription":false},{"id":"011212303015","name":"Alwernia - obszar wiejski","parentId":"011212303013","level":6,"kind":"5","hasDescription":false},{"id":"011212303022","name":"Babice","parentId":"011212303000","level":6,"kind":"2","hasDescription":false},{"id":"011212303033","name":"Chrzanów","parentId":"011212303000","level":6,"kind":"3","hasDescription":false},{"id":"011212303034","name":"Chrzanów - miasto","parentId":"011212303033","level":6,"kind":"4","hasDescription":false},{"id":"011212303035","name":"Chrzanów - obszar wiejski","parentId":"011212303033","level":6,"kind":"5","hasDescription":false},{"id":"011212303043","name":"Libiąż","parentId":"011212303000","level":6,"kind":"3","hasDescription":false},{"id":"011212303044","name":"Libiąż - miasto","parentId":"011212303043","level":6,"kind":"4","hasDescription":false},{"id":"011212303045","name":"Libiąż - obszar wiejski","parentId":"011212303043","level":6,"kind":"5","hasDescription":false},{"id":"011212303053","name":"Trzebinia","parentId":"011212303000","level":6,"kind":"3","hasDescription":false},{"id":"011212303054","name":"Trzebinia - miasto","parentId":"011212303053","level":6,"kind":"4","hasDescription":false},{"id":"011212303055","name":"Trzebinia - obszar wiejski","parentId":"011212303053","level":6,"kind":"5","hasDescription":false},{"id":"011212312011","name":"Bukowno","parentId":"011212312000","level":6,"kind":"1","hasDescription":false},{"id":"011212312021","name":"Sławków","parentId":"011212312000","level":6,"kind":"1","hasDescription":true},{"id":"011212312032","name":"Bolesław","parentId":"011212312000","level":6,"kind":"2","hasDescription":false},{"id":"011212312042","name":"Klucze","parentId":"011212312000","level":6,"kind":"2","hasDescription":false},{"id":"011212312053","name":"Olkusz","parentId":"011212312000","level":6,"kind":"3","hasDescription":false},{"id":"011212312054","name":"Olkusz - miasto","parentId":"011212312053","level":6,"kind":"4","hasDescription":false},{"id":"011212312055","name":"Olkusz - obszar wiejski","parentId":"011212312053","level":6,"kind":"5","hasDescription":false},{"id":"011212312062","name":"Trzyciąż","parentId":"011212312000","level":6,"kind":"2","hasDescription":false},{"id":"011212312073","name":"Wolbrom","parentId":"011212312000","level":6,"kind":"3","hasDescription":false},{"id":"011212312074","name":"Wolbrom - miasto","parentId":"011212312073","level":6,"kind":"4","hasDescription":false},{"id":"011212312075","name":"Wolbrom - obszar wiejski","parentId":"011212312073","level":6,"kind":"5","hasDescription":false},{"id":"011212313011","name":"Oświęcim","parentId":"011212313000","level":6,"kind":"1","hasDescription":false},{"id":"011212313023","name":"Brzeszcze","parentId":"011212313000","level":6,"kind":"3","hasDescription":false},{"id":"011212313024","name":"Brzeszcze - miasto","parentId":"011212313023","level":6,"kind":"4","hasDescription":false},{"id":"011212313025","name":"Brzeszcze - obszar wiejski","parentId":"011212313023","level":6,"kind":"5","hasDescription":false},{"id":"011212313033","name":"Chełmek","parentId":"011212313000","level":6,"kind":"3","hasDescription":false},{"id":"011212313034","name":"Chełmek - miasto","parentId":"011212313033","level":6,"kind":"4","hasDescription":false},{"id":"011212313035","name":"Chełmek - obszar wiejski","parentId":"011212313033","level":6,"kind":"5","hasDescription":false},{"id":"011212313043","name":"Kęty","parentId":"011212313000","level":6,"kind":"3","hasDescription":false},{"id":"011212313044","name":"Kęty - miasto","parentId":"011212313043","level":6,"kind":"4","hasDescription":false},{"id":"011212313045","name":"Kęty - obszar wiejski","parentId":"011212313043","level":6,"kind":"5","hasDescription":false},{"id":"011212313052","name":"Osiek","parentId":"011212313000","level":6,"kind":"2","hasDescription":false},{"id":"011212313062","name":"Oświęcim","parentId":"011212313000","level":6,"kind":"2","hasDescription":false},{"id":"011212313072","name":"Polanka Wielka","parentId":"011212313000","level":6,"kind":"2","hasDescription":false},{"id":"011212313082","name":"Przeciszów","parentId":"011212313000","level":6,"kind":"2","hasDescription":false},{"id":"011212313093","name":"Zator","parentId":"011212313000","level":6,"kind":"3","hasDescription":false},{"id":"011212313094","name":"Zator - miasto","parentId":"011212313093","level":6,"kind":"4","hasDescription":false},{"id":"011212313095","name":"Zator - obszar wiejski","parentId":"011212313093","level":6,"kind":"5","hasDescription":false},{"id":"011212318013","name":"Andrychów","parentId":"011212318000","level":6,"kind":"3","hasDescription":false},{"id":"011212318014","name":"Andrychów - miasto","parentId":"011212318013","level":6,"kind":"4","hasDescription":false},{"id":"011212318015","name":"Andrychów - obszar wiejski","parentId":"011212318013","level":6,"kind":"5","hasDescription":false},{"id":"011212318022","name":"Brzeźnica","parentId":"011212318000","level":6,"kind":"2","hasDescription":false},{"id":"011212318033","name":"Kalwaria Zebrzydowska","parentId":"011212318000","level":6,"kind":"3","hasDescription":false},{"id":"011212318034","name":"Kalwaria Zebrzydowska - miasto","parentId":"011212318033","level":6,"kind":"4","hasDescription":false},{"id":"011212318035","name":"Kalwaria Zebrzydowska - obszar wiejski","parentId":"011212318033","level":6,"kind":"5","hasDescription":false},{"id":"011212318042","name":"Lanckorona","parentId":"011212318000","level":6,"kind":"2","hasDescription":false},{"id":"011212318052","name":"Mucharz","parentId":"011212318000","level":6,"kind":"2","hasDescription":false},{"id":"011212318062","name":"Spytkowice","parentId":"011212318000","level":6,"kind":"2","hasDescription":false},{"id":"011212318072","name":"Stryszów","parentId":"011212318000","level":6,"kind":"2","hasDescription":false},{"id":"011212318082","name":"Tomice","parentId":"011212318000","level":6,"kind":"2","hasDescription":false},{"id":"011212318093","name":"Wadowice","parentId":"011212318000","level":6,"kind":"3","hasDescription":false},{"id":"011212318094","name":"Wadowice - miasto","parentId":"011212318093","level":6,"kind":"4","hasDescription":false},{"id":"011212318095","name":"Wadowice - obszar wiejski","parentId":"011212318093","level":6,"kind":"5","hasDescription":false},{"id":"011212318102","name":"Wieprz","parentId":"011212318000","level":6,"kind":"2","hasDescription":false}]}