{"totalRecords":4157,"page":20,"pageSize":100,"links":{"first":"https://bdl.stat.gov.pl/api/v1/units?level=6&page-size=100&format=json&page=0","prev":"https://bdl.stat.gov.pl/api/v1/units?level=6&page-size=100&format=json&page=19","self":"https://bdl.stat.gov.pl/api/v1/units?level=6&page-size=100&format=json&page=20","next":"https://bdl.stat.gov.pl/api/v1/units?level=6&page-size=100&format=json&page=21","last":"https://bdl.stat.gov.pl/api/v1/units?level=6&page-size=100&format=json&page=41"},"results":[{"id":"040416813044","name":"Więcbork - miasto","parentId":"040416813043","level":6,"kind":"4","hasDescription":false},{"id":"040416813045","name":"Więcbork - obszar wiejski","parentId":"040416813043","level":6,"kind":"5","hasDescription":false},{"id":"040416814012","name":"Bukowiec","parentId":"040416814000","level":6,"kind":"2","hasDescription":false},{"id":"040416814022","name":"Dragacz","parentId":"040416814000","level":6,"kind":"2","hasDescription":false},{"id":"040416814032","name":"Drzycim","parentId":"040416814000","level":6,"kind":"2","hasDescription":false},{"id":"040416814042","name":"Jeżewo","parentId":"040416814000","level":6,"kind":"2","hasDescription":false},{"id":"040416814052","name":"Lniano","parentId":"040416814000","level":6,"kind":"2","hasDescription":false},{"id":"040416814063","name":"Nowe","parentId":"040416814000","level":6,"kind":"3","hasDescription":false},{"id":"040416814064","name":"Nowe - miasto","parentId":"040416814063","level":6,"kind":"4","hasDescription":false},{"id":"040416814065","name":"Nowe - obszar wiejski","parentId":"040416814063","level":6,"kind":"5","hasDescription":false},{"id":"040416814072","name":"Osie","parentId":"040416814000","level":6,"kind":"2","hasDescription":false},{"id":"040416814082","name":"Pruszcz","parentId":"040416814000","level":6,"kind":"2","hasDescription":true},{"id":"040416814083","name":"Pruszcz","parentId":"040416814000","level":6,"kind":"3","hasDescription":true},{"id":"040416814084","name":"Pruszcz - miasto","parentId":"040416814083","level":6,"kind":"4","hasDescription":true},{"id":"040416814085","name":"Pruszcz - obszar wiejski","parentId":"040416814083","level":6,"kind":"5","hasDescription":true},{"id":"040416814093","name":"Świecie","parentId":"040416814000","level":6,"kind":"3","hasDescription":false},{"id":"040416814094","name":"Świecie - miasto","parentId":"040416814093","level":6,"kind":"4","hasDescription":false},{"id":"040416814095","name":"Świecie - obszar wiejski","parentId":"040416814093","level":6,"kind":"5","hasDescription":false},{"id":"040416814102","name":"Świekatowo","parentId":"040416814000","level":6,"kind":"2","hasDescription":false},{"id":"040416814112","name":"Warlubie","parentId":"040416814000","level":6,"kind":"2","hasDescription":false},{"id":"040416816012","name":"Cekcyn","parentId":"040416816000","level":6,"kind":"2","hasDescription":false},{"id":"040416816022","name":"Gostycyn","parentId":"040416816000","level":6,"kind":"2","hasDescription":false},{"id":"040416816032","name":"Kęsowo","parentId":"040416816000","level":6,"kind":"2","hasDescription":false},{"id":"040416816042","name":"Lubiewo","parentId":"040416816000","level":6,"kind":"2","hasDescription":false},{"id":"040416816052","name":"Śliwice","parentId":"040416816000","level":6,"kind":"2","hasDescription":false},{"id":"040416816063","name":"Tuchola","parentId":"040416816000","level":6,"kind":"3","hasDescription":false},{"id":"040416816064","name":"Tuchola - miasto","parentId":"040416816063","level":6,"kind":"4","hasDescription":false},{"id":"040416816065","name":"Tuchola - obszar wiejski","parentId":"040416816063","level":6,"kind":"5","hasDescription":false},{"id":"042214004011","name":"Pruszcz Gdański","parentId":"042214004000","level":6,"kind":"1","hasDescription":false},{"id":"042214004022","name":"Cedry Wielkie","parentId":"042214004000","level":6,"kind":"2","hasDescription":false},{"id":"042214004032","name":"Kolbudy","parentId":"042214004000","level":6,"kind":"2","hasDescription":true},{"id":"042214004042","name":"Pruszcz Gdański","parentId":"042214004000","level":6,"kind":"2","hasDescription":false},{"id":"042214004052","name":"Przywidz","parentId":"042214004000","level":6,"kind":"2","hasDescription":false},{"id":"042214004062","name":"Pszczółki","parentId":"042214004000","level":6,"kind":"2","hasDescription":false},{"id":"042214004072","name":"Suchy Dąb","parentId":"042214004000","level":6,"kind":"2","hasDescription":false},{"id":"042214004082","name":"Trąbki Wielkie","parentId":"042214004000","level":6,"kind":"2","hasDescription":false},{"id":"042214005012","name":"Chmielno","parentId":"042214005000","level":6,"kind":"2","hasDescription":false},{"id":"042214005023","name":"Kartuzy","parentId":"042214005000","level":6,"kind":"3","hasDescription":false},{"id":"042214005024","name":"Kartuzy - miasto","parentId":"042214005023","level":6,"kind":"4","hasDescription":false},{"id":"042214005025","name":"Kartuzy - obszar wiejski","parentId":"042214005023","level":6,"kind":"5","hasDescription":false},{"id":"042214005032","name":"Przodkowo","parentId":"042214005000","level":6,"kind":"2","hasDescription":false},{"id":"042214005042","name":"Sierakowice","parentId":"042214005000","level":6,"kind":"2","hasDescription":false},{"id":"042214005052","name":"Somonino","parentId":"042214005000","level":6,"kind":"2","hasDescription":false},{"id":"042214005062","name":"Stężyca","parentId":"042214005000","level":6,"kind":"2","hasDescription":false},{"id":"042214005072","name":"Sulęczyno","parentId":"042214005000","level":6,"kind":"2","hasDescription":false},{"id":"042214005083","name":"Żukowo","parentId":"042214005000","level":6,"kind":"3","hasDescription":false},{"id":"042214005084","name":"Żukowo - miasto","parentId":"042214005083","level":6,"kind":"4","hasDescription":false},{"id":"042214005085","name":"Żukowo - obszar wiejski","parentId":"042214005083","level":6,"kind":"5","hasDescription":false},{"id":"042214010011","name":"Krynica Morska","parentId":"042214010000","level":6,"kind":"1","hasDescription":false},{"id":"042214010023","name":"Nowy Dwór Gdański","parentId":"042214010000","level":6,"kind":"3","hasDescription":false},{"id":"042214010024","name":"Nowy Dwór Gdański - miasto","parentId":"042214010023","level":6,"kind":"4","hasDescription":false},{"id":"042214010025","name":"Nowy Dwór Gdański - obszar wiejski","parentId":"042214010023","level":6,"kind":"5","hasDescription":false},{"id":"042214010032","name":"Ostaszewo","parentId":"042214010000","level":6,"kind":"2","hasDescription":false},{"id":"042214010042","name":"Stegna","parentId":"042214010000","level":6,"kind":"2","hasDescription":false},{"id":"042214010052","name":"Sztutowo","parentId":"042214010000","level":6,"kind":"2","hasDescription":false},{"id":"042214011011","name":"Hel","parentId":"042214011000","level":6,"kind":"1","hasDescription":false},{"id":"042214011021","name":"Jastarnia","parentId":"042214011000","level":6,"kind":"1","hasDescription":true},{"id":"042214011023","name":"Jastarnia","parentId":"042214011000","level":6,"kind":"3","hasDescription":true},{"id":"042214011024","name":"Jastarnia - miasto","parentId":"042214011023","level":6,"kind":"4","hasDescription":true},{"id":"042214011025","name":"Jastarnia - obszar wiejski","parentId":"042214011023","level":6,"kind":"5","hasDescription":true},{"id":"042214011031","name":"Puck","parentId":"042214011000","level":6,"kind":"1","hasDescription":false},{"id":"042214011041","name":"Władysławowo","parentId":"042214011000","level":6,"kind":"1","hasDescription":true},{"id":"042214011043","name":"Władysławowo","parentId":"042214011000","level":6,"kind":"3","hasDescription":true},{"id":"042214011044","name":"Władysławowo - miasto","parentId":"042214011043","level":6,"kind":"4","hasDescription":true},{"id":"042214011045","name":"Władysławowo - obszar wiejski","parentId":"042214011043","level":6,"kind":"5","hasDescription":true},{"id":"042214011052","name":"Kosakowo","parentId":"042214011000","level":6,"kind":"2","hasDescription":false},{"id":"042214011062","name":"Krokowa","parentId":"042214011000","level":6,"kind":"2","hasDescription":false},{"id":"042214011072","name":"Puck","parentId":"042214011000","level":6,"kind":"2","hasDescription":false},{"id":"042214015011","name":"Reda","parentId":"042214015000","level":6,"kind":"1","hasDescription":false},{"id":"042214015021","name":"Rumia","parentId":"042214015000","level":6,"kind":"1","hasDescription":false},{"id":"042214015031","name":"Wejherowo","parentId":"042214015000","level":6,"kind":"1","hasDescription":false},{"id":"042214015042","name":"Choczewo","parentId":"042214015000","level":6,"kind":"2","hasDescription":false},{"id":"042214015052","name":"Gniewino","parentId":"042214015000","level":6,"kind":"2","hasDescription":false},{"id":"042214015062","name":"Linia","parentId":"042214015000","level":6,"kind":"2","hasDescription":false},{"id":"042214015072","name":"Luzino","parentId":"042214015000","level":6,"kind":"2","hasDescription":false},{"id":"042214015082","name":"Łęczyce","parentId":"042214015000","level":6,"kind":"2","hasDescription":false},{"id":"042214015092","name":"Szemud","parentId":"042214015000","level":6,"kind":"2","hasDescription":false},{"id":"042214015102","name":"Wejherowo","parentId":"042214015000","level":6,"kind":"2","hasDescription":false},{"id":"042214101012","name":"Borzytuchom","parentId":"042214101000","level":6,"kind":"2","hasDescription":false},{"id":"042214101023","name":"Bytów","parentId":"042214101000","level":6,"kind":"3","hasDescription":false},{"id":"042214101024","name":"Bytów - miasto","parentId":"042214101023","level":6,"kind":"4","hasDescription":false},{"id":"042214101025","name":"Bytów - obszar wiejski","parentId":"042214101023","level":6,"kind":"5","hasDescription":false},{"id":"042214101032","name":"Czarna Dąbrówka","parentId":"042214101000","level":6,"kind":"2","hasDescription":false},{"id":"042214101042","name":"Kołczygłowy","parentId":"042214101000","level":6,"kind":"2","hasDescription":false},{"id":"042214101052","name":"Lipnica","parentId":"042214101000","level":6,"kind":"2","hasDescription":false},{"id":"042214101063","name":"Miastko","parentId":"042214101000","level":6,"kind":"3","hasDescription":false},{"id":"042214101064","name":"Miastko - miasto","parentId":"042214101063","level":6,"kind":"4","hasDescription":false},{"id":"042214101065","name":"Miastko - obszar wiejski","parentId":"042214101063","level":6,"kind":"5","hasDescription":false},{"id":"042214101072","name":"Parchowo","parentId":"042214101000","level":6,"kind":"2","hasDescription":false},{"id":"042214101082","name":"Studzienice","parentId":"042214101000","level":6,"kind":"2","hasDescription":false},{"id":"042214101092","name":"Trzebielino","parentId":"042214101000","level":6,"kind":"2","hasDescription":false},{"id":"042214101102","name":"Tuchomie","parentId":"042214101000","level":6,"kind":"2","hasDescription":false},{"id":"042214108011","name":"Lębork","parentId":"042214108000","level":6,"kind":"1","hasDescription":false},{"id":"042214108021","name":"Łeba","parentId":"042214108000","level":6,"kind":"1","hasDescription":false},{"id":"042214108032","name":"Cewice","parentId":"042214108000","level":6,"kind":"2","hasDescription":false},{"id":"042214108042","name":"Nowa Wieś Lęborska","parentId":"042214108000","level":6,"kind":"2","hasDescription":false},{"id":"042214108052","name":"Wicko","parentId":"042214108000","level":6,"kind":"2","hasDescription":false},{"id":"042214112011","name":"Ustka","parentId":"042214112000","level":6,"kind":"1","hasDescription":false},{"id":"042214112022","name":"Damnica","parentId":"042214112000","level":6,"kind":"2","hasDescription":false},{"id":"042214112032","name":"Dębnica Kaszubska","parentId":"042214112000","level":6,"kind":"2","hasDescription":false}]}