{"totalRecords":4157,"page":24,"pageSize":100,"links":{"first":"https://bdl.stat.gov.pl/api/v1/units?level=6&page-size=100&format=json&page=0","prev":"https://bdl.stat.gov.pl/api/v1/units?level=6&page-size=100&format=json&page=23","self":"https://bdl.stat.gov.pl/api/v1/units?level=6&page-size=100&format=json&page=24","next":"https://bdl.stat.gov.pl/api/v1/units?level=6&page-size=100&format=json&page=25","last":"https://bdl.stat.gov.pl/api/v1/units?level=6&page-size=100&format=json&page=41"},"results":[{"id":"042815662011","name":"Olsztyn","parentId":"042815662000","level":6,"kind":"1","hasDescription":false},{"id":"051011506011","name":"Brzeziny","parentId":"051011506000","level":6,"kind":"1","hasDescription":true},{"id":"051011506022","name":"Andrespol","parentId":"051011506000","level":6,"kind":"2","hasDescription":false},{"id":"051011506032","name":"Brójce","parentId":"051011506000","level":6,"kind":"2","hasDescription":false},{"id":"051011506042","name":"Brzeziny","parentId":"051011506000","level":6,"kind":"2","hasDescription":true},{"id":"051011506052","name":"Dmosin","parentId":"051011506000","level":6,"kind":"2","hasDescription":true},{"id":"051011506062","name":"Jeżów","parentId":"051011506000","level":6,"kind":"2","hasDescription":true},{"id":"051011506073","name":"Koluszki","parentId":"051011506000","level":6,"kind":"3","hasDescription":false},{"id":"051011506074","name":"Koluszki - miasto","parentId":"051011506073","level":6,"kind":"4","hasDescription":false},{"id":"051011506075","name":"Koluszki - obszar wiejski","parentId":"051011506073","level":6,"kind":"5","hasDescription":false},{"id":"051011506082","name":"Nowosolna","parentId":"051011506000","level":6,"kind":"2","hasDescription":false},{"id":"051011506092","name":"Rogów","parentId":"051011506000","level":6,"kind":"2","hasDescription":true},{"id":"051011506102","name":"Rzgów","parentId":"051011506000","level":6,"kind":"2","hasDescription":true},{"id":"051011506103","name":"Rzgów","parentId":"051011506000","level":6,"kind":"3","hasDescription":true},{"id":"051011506104","name":"Rzgów - miasto","parentId":"051011506103","level":6,"kind":"4","hasDescription":true},{"id":"051011506105","name":"Rzgów - obszar wiejski","parentId":"051011506103","level":6,"kind":"5","hasDescription":true},{"id":"051011506113","name":"Tuszyn","parentId":"051011506000","level":6,"kind":"3","hasDescription":false},{"id":"051011506114","name":"Tuszyn - miasto","parentId":"051011506113","level":6,"kind":"4","hasDescription":false},{"id":"051011506115","name":"Tuszyn - obszar wiejski","parentId":"051011506113","level":6,"kind":"5","hasDescription":false},{"id":"051011508011","name":"Konstantynów Łódzki","parentId":"051011508000","level":6,"kind":"1","hasDescription":false},{"id":"051011508021","name":"Pabianice","parentId":"051011508000","level":6,"kind":"1","hasDescription":false},{"id":"051011508032","name":"Dłutów","parentId":"051011508000","level":6,"kind":"2","hasDescription":false},{"id":"051011508042","name":"Dobroń","parentId":"051011508000","level":6,"kind":"2","hasDescription":false},{"id":"051011508052","name":"Ksawerów","parentId":"051011508000","level":6,"kind":"2","hasDescription":true},{"id":"051011508062","name":"Lutomiersk","parentId":"051011508000","level":6,"kind":"2","hasDescription":true},{"id":"051011508063","name":"Lutomiersk","parentId":"051011508000","level":6,"kind":"3","hasDescription":true},{"id":"051011508064","name":"Lutomiersk - miasto","parentId":"051011508063","level":6,"kind":"4","hasDescription":true},{"id":"051011508065","name":"Lutomiersk - obszar wiejski","parentId":"051011508063","level":6,"kind":"5","hasDescription":true},{"id":"051011508072","name":"Pabianice","parentId":"051011508000","level":6,"kind":"2","hasDescription":false},{"id":"051011520011","name":"Głowno","parentId":"051011520000","level":6,"kind":"1","hasDescription":false},{"id":"051011520021","name":"Ozorków","parentId":"051011520000","level":6,"kind":"1","hasDescription":false},{"id":"051011520031","name":"Zgierz","parentId":"051011520000","level":6,"kind":"1","hasDescription":false},{"id":"051011520043","name":"Aleksandrów Łódzki","parentId":"051011520000","level":6,"kind":"3","hasDescription":false},{"id":"051011520044","name":"Aleksandrów Łódzki - miasto","parentId":"051011520043","level":6,"kind":"4","hasDescription":false},{"id":"051011520045","name":"Aleksandrów Łódzki - obszar wiejski","parentId":"051011520043","level":6,"kind":"5","hasDescription":false},{"id":"051011520052","name":"Głowno","parentId":"051011520000","level":6,"kind":"2","hasDescription":false},{"id":"051011520062","name":"Ozorków","parentId":"051011520000","level":6,"kind":"2","hasDescription":false},{"id":"051011520072","name":"Parzęczew","parentId":"051011520000","level":6,"kind":"2","hasDescription":true},{"id":"051011520073","name":"Parzęczew","parentId":"051011520000","level":6,"kind":"3","hasDescription":true},{"id":"051011520074","name":"Parzęczew - miasto","parentId":"051011520073","level":6,"kind":"4","hasDescription":true},{"id":"051011520075","name":"Parzęczew - obszar wiejski","parentId":"051011520073","level":6,"kind":"5","hasDescription":true},{"id":"051011520083","name":"Stryków","parentId":"051011520000","level":6,"kind":"3","hasDescription":false},{"id":"051011520084","name":"Stryków - miasto","parentId":"051011520083","level":6,"kind":"4","hasDescription":false},{"id":"051011520085","name":"Stryków - obszar wiejski","parentId":"051011520083","level":6,"kind":"5","hasDescription":false},{"id":"051011520092","name":"Zgierz","parentId":"051011520000","level":6,"kind":"2","hasDescription":false},{"id":"051011521011","name":"Brzeziny","parentId":"051011521000","level":6,"kind":"1","hasDescription":true},{"id":"051011521022","name":"Brzeziny","parentId":"051011521000","level":6,"kind":"2","hasDescription":true},{"id":"051011521032","name":"Dmosin","parentId":"051011521000","level":6,"kind":"2","hasDescription":true},{"id":"051011521042","name":"Jeżów","parentId":"051011521000","level":6,"kind":"2","hasDescription":true},{"id":"051011521043","name":"Jeżów","parentId":"051011521000","level":6,"kind":"3","hasDescription":true},{"id":"051011521044","name":"Jeżów - miasto","parentId":"051011521043","level":6,"kind":"4","hasDescription":true},{"id":"051011521045","name":"Jeżów - obszar wiejski","parentId":"051011521043","level":6,"kind":"5","hasDescription":true},{"id":"051011521052","name":"Rogów","parentId":"051011521000","level":6,"kind":"2","hasDescription":true},{"id":"051011661011","name":"Łódź","parentId":"051011661000","level":6,"kind":"1","hasDescription":false},{"id":"051011701011","name":"Bełchatów","parentId":"051011701000","level":6,"kind":"1","hasDescription":false},{"id":"051011701022","name":"Bełchatów","parentId":"051011701000","level":6,"kind":"2","hasDescription":false},{"id":"051011701032","name":"Drużbice","parentId":"051011701000","level":6,"kind":"2","hasDescription":false},{"id":"051011701042","name":"Kleszczów","parentId":"051011701000","level":6,"kind":"2","hasDescription":false},{"id":"051011701052","name":"Kluki","parentId":"051011701000","level":6,"kind":"2","hasDescription":false},{"id":"051011701062","name":"Rusiec","parentId":"051011701000","level":6,"kind":"2","hasDescription":false},{"id":"051011701072","name":"Szczerców","parentId":"051011701000","level":6,"kind":"2","hasDescription":false},{"id":"051011701083","name":"Zelów","parentId":"051011701000","level":6,"kind":"3","hasDescription":false},{"id":"051011701084","name":"Zelów - miasto","parentId":"051011701083","level":6,"kind":"4","hasDescription":false},{"id":"051011701085","name":"Zelów - obszar wiejski","parentId":"051011701083","level":6,"kind":"5","hasDescription":false},{"id":"051011707012","name":"Białaczów","parentId":"051011707000","level":6,"kind":"2","hasDescription":true},{"id":"051011707013","name":"Białaczów","parentId":"051011707000","level":6,"kind":"3","hasDescription":true},{"id":"051011707014","name":"Białaczów - miasto","parentId":"051011707013","level":6,"kind":"4","hasDescription":true},{"id":"051011707015","name":"Białaczów - obszar wiejski","parentId":"051011707013","level":6,"kind":"5","hasDescription":true},{"id":"051011707023","name":"Drzewica","parentId":"051011707000","level":6,"kind":"3","hasDescription":false},{"id":"051011707024","name":"Drzewica - miasto","parentId":"051011707023","level":6,"kind":"4","hasDescription":false},{"id":"051011707025","name":"Drzewica - obszar wiejski","parentId":"051011707023","level":6,"kind":"5","hasDescription":false},{"id":"051011707032","name":"Mniszków","parentId":"051011707000","level":6,"kind":"2","hasDescription":false},{"id":"051011707043","name":"Opoczno","parentId":"051011707000","level":6,"kind":"3","hasDescription":false},{"id":"051011707044","name":"Opoczno - miasto","parentId":"051011707043","level":6,"kind":"4","hasDescription":false},{"id":"051011707045","name":"Opoczno - obszar wiejski","parentId":"051011707043","level":6,"kind":"5","hasDescription":false},{"id":"051011707052","name":"Paradyż","parentId":"051011707000","level":6,"kind":"2","hasDescription":false},{"id":"051011707062","name":"Poświętne","parentId":"051011707000","level":6,"kind":"2","hasDescription":false},{"id":"051011707072","name":"Sławno","parentId":"051011707000","level":6,"kind":"2","hasDescription":false},{"id":"051011707082","name":"Żarnów","parentId":"051011707000","level":6,"kind":"2","hasDescription":true},{"id":"051011707083","name":"Żarnów","parentId":"051011707000","level":6,"kind":"3","hasDescription":true},{"id":"051011707084","name":"Żarnów - miasto","parentId":"051011707083","level":6,"kind":"4","hasDescription":true},{"id":"051011707085","name":"Żarnów - obszar wiejski","parentId":"051011707083","level":6,"kind":"5","hasDescription":true},{"id":"051011710012","name":"Aleksandrów","parentId":"051011710000","level":6,"kind":"2","hasDescription":false},{"id":"051011710022","name":"Czarnocin","parentId":"051011710000","level":6,"kind":"2","hasDescription":false},{"id":"051011710032","name":"Gorzkowice","parentId":"051011710000","level":6,"kind":"2","hasDescription":false},{"id":"051011710042","name":"Grabica","parentId":"051011710000","level":6,"kind":"2","hasDescription":false},{"id":"051011710052","name":"Łęki Szlacheckie","parentId":"051011710000","level":6,"kind":"2","hasDescription":false},{"id":"051011710062","name":"Moszczenica","parentId":"051011710000","level":6,"kind":"2","hasDescription":false},{"id":"051011710072","name":"Ręczno","parentId":"051011710000","level":6,"kind":"2","hasDescription":false},{"id":"051011710082","name":"Rozprza","parentId":"051011710000","level":6,"kind":"2","hasDescription":true},{"id":"051011710083","name":"Rozprza","parentId":"051011710000","level":6,"kind":"3","hasDescription":true},{"id":"051011710084","name":"Rozprza - miasto","parentId":"051011710083","level":6,"kind":"4","hasDescription":true},{"id":"051011710085","name":"Rozprza - obszar wiejski","parentId":"051011710083","level":6,"kind":"5","hasDescription":true},{"id":"051011710093","name":"Sulejów","parentId":"051011710000","level":6,"kind":"3","hasDescription":false},{"id":"051011710094","name":"Sulejów - miasto","parentId":"051011710093","level":6,"kind":"4","hasDescription":false},{"id":"051011710095","name":"Sulejów - obszar wiejski","parentId":"051011710093","level":6,"kind":"5","hasDescription":false},{"id":"051011710102","name":"Wola Krzysztoporska","parentId":"051011710000","level":6,"kind":"2","hasDescription":false},{"id":"051011710112","name":"Wolbórz","parentId":"051011710000","level":6,"kind":"2","hasDescription":true},{"id":"051011710113","name":"Wolbórz","parentId":"051011710000","level":6,"kind":"3","hasDescription":true},{"id":"051011710114","name":"Wolbórz - miasto","parentId":"051011710113","level":6,"kind":"4","hasDescription":true}]}