{"totalRecords":4157,"page":7,"pageSize":100,"links":{"first":"https://bdl.stat.gov.pl/api/v1/units?level=6&page-size=100&format=json&page=0","prev":"https://bdl.stat.gov.pl/api/v1/units?level=6&page-size=100&format=json&page=6","self":"https://bdl.stat.gov.pl/api/v1/units?level=6&page-size=100&format=json&page=7","next":"https://bdl.stat.gov.pl/api/v1/units?level=6&page-size=100&format=json&page=8","last":"https://bdl.stat.gov.pl/api/v1/units?level=6&page-size=100&format=json&page=41"},"results":[{"id":"023015707053","name":"Koźminek","parentId":"023015707000","level":6,"kind":"3","hasDescription":true},{"id":"023015707054","name":"Koźminek - miasto","parentId":"023015707053","level":6,"kind":"4","hasDescription":true},{"id":"023015707055","name":"Koźminek - obszar wiejski","parentId":"023015707053","level":6,"kind":"5","hasDescription":true},{"id":"023015707062","name":"Lisków","parentId":"023015707000","level":6,"kind":"2","hasDescription":false},{"id":"023015707072","name":"Mycielin","parentId":"023015707000","level":6,"kind":"2","hasDescription":false},{"id":"023015707082","name":"Opatówek","parentId":"023015707000","level":6,"kind":"2","hasDescription":true},{"id":"023015707083","name":"Opatówek","parentId":"023015707000","level":6,"kind":"3","hasDescription":true},{"id":"023015707084","name":"Opatówek - miasto","parentId":"023015707083","level":6,"kind":"4","hasDescription":true},{"id":"023015707085","name":"Opatówek - obszar wiejski","parentId":"023015707083","level":6,"kind":"5","hasDescription":true},{"id":"023015707093","name":"Stawiszyn","parentId":"023015707000","level":6,"kind":"3","hasDescription":false},{"id":"023015707094","name":"Stawiszyn - miasto","parentId":"023015707093","level":6,"kind":"4","hasDescription":false},{"id":"023015707095","name":"Stawiszyn - obszar wiejski","parentId":"023015707093","level":6,"kind":"5","hasDescription":false},{"id":"023015707102","name":"Szczytniki","parentId":"023015707000","level":6,"kind":"2","hasDescription":false},{"id":"023015707112","name":"Żelazków","parentId":"023015707000","level":6,"kind":"2","hasDescription":false},{"id":"023015708012","name":"Baranów","parentId":"023015708000","level":6,"kind":"2","hasDescription":false},{"id":"023015708022","name":"Bralin","parentId":"023015708000","level":6,"kind":"2","hasDescription":false},{"id":"023015708033","name":"Kępno","parentId":"023015708000","level":6,"kind":"3","hasDescription":false},{"id":"023015708034","name":"Kępno - miasto","parentId":"023015708033","level":6,"kind":"4","hasDescription":false},{"id":"023015708035","name":"Kępno - obszar wiejski","parentId":"023015708033","level":6,"kind":"5","hasDescription":false},{"id":"023015708042","name":"Łęka Opatowska","parentId":"023015708000","level":6,"kind":"2","hasDescription":false},{"id":"023015708052","name":"Perzów","parentId":"023015708000","level":6,"kind":"2","hasDescription":false},{"id":"023015708062","name":"Rychtal","parentId":"023015708000","level":6,"kind":"2","hasDescription":true},{"id":"023015708063","name":"Rychtal","parentId":"023015708000","level":6,"kind":"3","hasDescription":true},{"id":"023015708064","name":"Rychtal - miasto","parentId":"023015708063","level":6,"kind":"4","hasDescription":true},{"id":"023015708065","name":"Rychtal - obszar wiejski","parentId":"023015708063","level":6,"kind":"5","hasDescription":true},{"id":"023015708072","name":"Trzcinica","parentId":"023015708000","level":6,"kind":"2","hasDescription":false},{"id":"023015712011","name":"Sulmierzyce","parentId":"023015712000","level":6,"kind":"1","hasDescription":false},{"id":"023015712023","name":"Kobylin","parentId":"023015712000","level":6,"kind":"3","hasDescription":false},{"id":"023015712024","name":"Kobylin - miasto","parentId":"023015712023","level":6,"kind":"4","hasDescription":false},{"id":"023015712025","name":"Kobylin - obszar wiejski","parentId":"023015712023","level":6,"kind":"5","hasDescription":false},{"id":"023015712033","name":"Koźmin Wielkopolski","parentId":"023015712000","level":6,"kind":"3","hasDescription":true},{"id":"023015712034","name":"Koźmin Wielkopolski - miasto","parentId":"023015712033","level":6,"kind":"4","hasDescription":true},{"id":"023015712035","name":"Koźmin Wielkopolski - obszar wiejski","parentId":"023015712033","level":6,"kind":"5","hasDescription":true},{"id":"023015712043","name":"Krotoszyn","parentId":"023015712000","level":6,"kind":"3","hasDescription":false},{"id":"023015712044","name":"Krotoszyn - miasto","parentId":"023015712043","level":6,"kind":"4","hasDescription":false},{"id":"023015712045","name":"Krotoszyn - obszar wiejski","parentId":"023015712043","level":6,"kind":"5","hasDescription":false},{"id":"023015712052","name":"Rozdrażew","parentId":"023015712000","level":6,"kind":"2","hasDescription":false},{"id":"023015712063","name":"Zduny","parentId":"023015712000","level":6,"kind":"3","hasDescription":false},{"id":"023015712064","name":"Zduny - miasto","parentId":"023015712063","level":6,"kind":"4","hasDescription":false},{"id":"023015712065","name":"Zduny - obszar wiejski","parentId":"023015712063","level":6,"kind":"5","hasDescription":false},{"id":"023015717011","name":"Ostrów Wielkopolski","parentId":"023015717000","level":6,"kind":"1","hasDescription":false},{"id":"023015717023","name":"Nowe Skalmierzyce","parentId":"023015717000","level":6,"kind":"3","hasDescription":false},{"id":"023015717024","name":"Nowe Skalmierzyce - miasto","parentId":"023015717023","level":6,"kind":"4","hasDescription":false},{"id":"023015717025","name":"Nowe Skalmierzyce - obszar wiejski","parentId":"023015717023","level":6,"kind":"5","hasDescription":false},{"id":"023015717033","name":"Odolanów","parentId":"023015717000","level":6,"kind":"3","hasDescription":false},{"id":"023015717034","name":"Odolanów - miasto","parentId":"023015717033","level":6,"kind":"4","hasDescription":false},{"id":"023015717035","name":"Odolanów - obszar wiejski","parentId":"023015717033","level":6,"kind":"5","hasDescription":false},{"id":"023015717042","name":"Ostrów Wielkopolski","parentId":"023015717000","level":6,"kind":"2","hasDescription":false},{"id":"023015717052","name":"Przygodzice","parentId":"023015717000","level":6,"kind":"2","hasDescription":false},{"id":"023015717063","name":"Raszków","parentId":"023015717000","level":6,"kind":"3","hasDescription":false},{"id":"023015717064","name":"Raszków - miasto","parentId":"023015717063","level":6,"kind":"4","hasDescription":false},{"id":"023015717065","name":"Raszków - obszar wiejski","parentId":"023015717063","level":6,"kind":"5","hasDescription":false},{"id":"023015717072","name":"Sieroszewice","parentId":"023015717000","level":6,"kind":"2","hasDescription":false},{"id":"023015717082","name":"Sośnie","parentId":"023015717000","level":6,"kind":"2","hasDescription":false},{"id":"023015718012","name":"Czajków","parentId":"023015718000","level":6,"kind":"2","hasDescription":false},{"id":"023015718022","name":"Doruchów","parentId":"023015718000","level":6,"kind":"2","hasDescription":false},{"id":"023015718033","name":"Grabów nad Prosną","parentId":"023015718000","level":6,"kind":"3","hasDescription":false},{"id":"023015718034","name":"Grabów nad Prosną - miasto","parentId":"023015718033","level":6,"kind":"4","hasDescription":false},{"id":"023015718035","name":"Grabów nad Prosną - obszar wiejski","parentId":"023015718033","level":6,"kind":"5","hasDescription":false},{"id":"023015718042","name":"Kobyla Góra","parentId":"023015718000","level":6,"kind":"2","hasDescription":false},{"id":"023015718052","name":"Kraszewice","parentId":"023015718000","level":6,"kind":"2","hasDescription":false},{"id":"023015718063","name":"Mikstat","parentId":"023015718000","level":6,"kind":"3","hasDescription":false},{"id":"023015718064","name":"Mikstat - miasto","parentId":"023015718063","level":6,"kind":"4","hasDescription":false},{"id":"023015718065","name":"Mikstat - obszar wiejski","parentId":"023015718063","level":6,"kind":"5","hasDescription":false},{"id":"023015718073","name":"Ostrzeszów","parentId":"023015718000","level":6,"kind":"3","hasDescription":false},{"id":"023015718074","name":"Ostrzeszów - miasto","parentId":"023015718073","level":6,"kind":"4","hasDescription":false},{"id":"023015718075","name":"Ostrzeszów - obszar wiejski","parentId":"023015718073","level":6,"kind":"5","hasDescription":false},{"id":"023015720012","name":"Chocz","parentId":"023015720000","level":6,"kind":"2","hasDescription":true},{"id":"023015720013","name":"Chocz","parentId":"023015720000","level":6,"kind":"3","hasDescription":true},{"id":"023015720014","name":"Chocz - miasto","parentId":"023015720013","level":6,"kind":"4","hasDescription":true},{"id":"023015720015","name":"Chocz - obszar wiejski","parentId":"023015720013","level":6,"kind":"5","hasDescription":true},{"id":"023015720022","name":"Czermin","parentId":"023015720000","level":6,"kind":"2","hasDescription":false},{"id":"023015720032","name":"Dobrzyca","parentId":"023015720000","level":6,"kind":"2","hasDescription":true},{"id":"023015720033","name":"Dobrzyca","parentId":"023015720000","level":6,"kind":"3","hasDescription":true},{"id":"023015720034","name":"Dobrzyca - miasto","parentId":"023015720033","level":6,"kind":"4","hasDescription":true},{"id":"023015720035","name":"Dobrzyca - obszar wiejski","parentId":"023015720033","level":6,"kind":"5","hasDescription":true},{"id":"023015720042","name":"Gizałki","parentId":"023015720000","level":6,"kind":"2","hasDescription":false},{"id":"023015720052","name":"Gołuchów","parentId":"023015720000","level":6,"kind":"2","hasDescription":false},{"id":"023015720063","name":"Pleszew","parentId":"023015720000","level":6,"kind":"3","hasDescription":false},{"id":"023015720064","name":"Pleszew - miasto","parentId":"023015720063","level":6,"kind":"4","hasDescription":false},{"id":"023015720065","name":"Pleszew - obszar wiejski","parentId":"023015720063","level":6,"kind":"5","hasDescription":false},{"id":"023015761011","name":"Kalisz","parentId":"023015761000","level":6,"kind":"1","hasDescription":false},{"id":"023015803011","name":"Gniezno","parentId":"023015803000","level":6,"kind":"1","hasDescription":false},{"id":"023015803023","name":"Czerniejewo","parentId":"023015803000","level":6,"kind":"3","hasDescription":false},{"id":"023015803024","name":"Czerniejewo - miasto","parentId":"023015803023","level":6,"kind":"4","hasDescription":false},{"id":"023015803025","name":"Czerniejewo - obszar wiejski","parentId":"023015803023","level":6,"kind":"5","hasDescription":false},{"id":"023015803032","name":"Gniezno","parentId":"023015803000","level":6,"kind":"2","hasDescription":false},{"id":"023015803042","name":"Kiszkowo","parentId":"023015803000","level":6,"kind":"2","hasDescription":false},{"id":"023015803053","name":"Kłecko","parentId":"023015803000","level":6,"kind":"3","hasDescription":false},{"id":"023015803054","name":"Kłecko - miasto","parentId":"023015803053","level":6,"kind":"4","hasDescription":false},{"id":"023015803055","name":"Kłecko - obszar wiejski","parentId":"023015803053","level":6,"kind":"5","hasDescription":false},{"id":"023015803062","name":"Łubowo","parentId":"023015803000","level":6,"kind":"2","hasDescription":false},{"id":"023015803072","name":"Mieleszyn","parentId":"023015803000","level":6,"kind":"2","hasDescription":false},{"id":"023015803082","name":"Niechanowo","parentId":"023015803000","level":6,"kind":"2","hasDescription":false},{"id":"023015803093","name":"Trzemeszno","parentId":"023015803000","level":6,"kind":"3","hasDescription":false},{"id":"023015803094","name":"Trzemeszno - miasto","parentId":"023015803093","level":6,"kind":"4","hasDescription":false},{"id":"023015803095","name":"Trzemeszno - obszar wiejski","parentId":"023015803093","level":6,"kind":"5","hasDescription":false},{"id":"023015803103","name":"Witkowo","parentId":"023015803000","level":6,"kind":"3","hasDescription":false},{"id":"023015803104","name":"Witkowo - miasto","parentId":"023015803103","level":6,"kind":"4","hasDescription":false},{"id":"023015803105","name":"Witkowo - obszar wiejski","parentId":"023015803103","level":6,"kind":"5","hasDescription":false}]}