{"totalRecords":4157,"page":11,"pageSize":100,"links":{"first":"https://bdl.stat.gov.pl/api/v1/units?level=6&page-size=100&format=json&page=0","prev":"https://bdl.stat.gov.pl/api/v1/units?level=6&page-size=100&format=json&page=10","self":"https://bdl.stat.gov.pl/api/v1/units?level=6&page-size=100&format=json&page=11","next":"https://bdl.stat.gov.pl/api/v1/units?level=6&page-size=100&format=json&page=12","last":"https://bdl.stat.gov.pl/api/v1/units?level=6&page-size=100&format=json&page=41"},"results":[{"id":"023016124083","name":"Wronki","parentId":"023016124000","level":6,"kind":"3","hasDescription":false},{"id":"023016124084","name":"Wronki - miasto","parentId":"023016124083","level":6,"kind":"4","hasDescription":false},{"id":"023016124085","name":"Wronki - obszar wiejski","parentId":"023016124083","level":6,"kind":"5","hasDescription":false},{"id":"023016125012","name":"Dominowo","parentId":"023016125000","level":6,"kind":"2","hasDescription":false},{"id":"023016125022","name":"Krzykosy","parentId":"023016125000","level":6,"kind":"2","hasDescription":false},{"id":"023016125032","name":"Nowe Miasto nad Wartą","parentId":"023016125000","level":6,"kind":"2","hasDescription":false},{"id":"023016125043","name":"Środa Wielkopolska","parentId":"023016125000","level":6,"kind":"3","hasDescription":false},{"id":"023016125044","name":"Środa Wielkopolska - miasto","parentId":"023016125043","level":6,"kind":"4","hasDescription":false},{"id":"023016125045","name":"Środa Wielkopolska - obszar wiejski","parentId":"023016125043","level":6,"kind":"5","hasDescription":false},{"id":"023016125052","name":"Zaniemyśl","parentId":"023016125000","level":6,"kind":"2","hasDescription":false},{"id":"023016126012","name":"Brodnica","parentId":"023016126000","level":6,"kind":"2","hasDescription":false},{"id":"023016126023","name":"Dolsk","parentId":"023016126000","level":6,"kind":"3","hasDescription":false},{"id":"023016126024","name":"Dolsk - miasto","parentId":"023016126023","level":6,"kind":"4","hasDescription":false},{"id":"023016126025","name":"Dolsk - obszar wiejski","parentId":"023016126023","level":6,"kind":"5","hasDescription":false},{"id":"023016126033","name":"Książ Wielkopolski","parentId":"023016126000","level":6,"kind":"3","hasDescription":false},{"id":"023016126034","name":"Książ Wielkopolski - miasto","parentId":"023016126033","level":6,"kind":"4","hasDescription":false},{"id":"023016126035","name":"Książ Wielkopolski - obszar wiejski","parentId":"023016126033","level":6,"kind":"5","hasDescription":false},{"id":"023016126043","name":"Śrem","parentId":"023016126000","level":6,"kind":"3","hasDescription":false},{"id":"023016126044","name":"Śrem - miasto","parentId":"023016126043","level":6,"kind":"4","hasDescription":false},{"id":"023016126045","name":"Śrem - obszar wiejski","parentId":"023016126043","level":6,"kind":"5","hasDescription":false},{"id":"023016264011","name":"Poznań","parentId":"023016264000","level":6,"kind":"1","hasDescription":false},{"id":"023216301011","name":"Białogard","parentId":"023216301000","level":6,"kind":"1","hasDescription":false},{"id":"023216301022","name":"Białogard","parentId":"023216301000","level":6,"kind":"2","hasDescription":false},{"id":"023216301033","name":"Karlino","parentId":"023216301000","level":6,"kind":"3","hasDescription":false},{"id":"023216301034","name":"Karlino - miasto","parentId":"023216301033","level":6,"kind":"4","hasDescription":false},{"id":"023216301035","name":"Karlino - obszar wiejski","parentId":"023216301033","level":6,"kind":"5","hasDescription":false},{"id":"023216301042","name":"Tychowo","parentId":"023216301000","level":6,"kind":"2","hasDescription":true},{"id":"023216301043","name":"Tychowo","parentId":"023216301000","level":6,"kind":"3","hasDescription":true},{"id":"023216301044","name":"Tychowo - miasto","parentId":"023216301043","level":6,"kind":"4","hasDescription":true},{"id":"023216301045","name":"Tychowo - obszar wiejski","parentId":"023216301043","level":6,"kind":"5","hasDescription":true},{"id":"023216308011","name":"Kołobrzeg","parentId":"023216308000","level":6,"kind":"1","hasDescription":false},{"id":"023216308022","name":"Dygowo","parentId":"023216308000","level":6,"kind":"2","hasDescription":false},{"id":"023216308032","name":"Gościno","parentId":"023216308000","level":6,"kind":"2","hasDescription":true},{"id":"023216308033","name":"Gościno","parentId":"023216308000","level":6,"kind":"3","hasDescription":true},{"id":"023216308034","name":"Gościno - miasto","parentId":"023216308033","level":6,"kind":"4","hasDescription":true},{"id":"023216308035","name":"Gościno - obszar wiejski","parentId":"023216308033","level":6,"kind":"5","hasDescription":true},{"id":"023216308042","name":"Kołobrzeg","parentId":"023216308000","level":6,"kind":"2","hasDescription":false},{"id":"023216308052","name":"Rymań","parentId":"023216308000","level":6,"kind":"2","hasDescription":false},{"id":"023216308062","name":"Siemyśl","parentId":"023216308000","level":6,"kind":"2","hasDescription":false},{"id":"023216308072","name":"Ustronie Morskie","parentId":"023216308000","level":6,"kind":"2","hasDescription":false},{"id":"023216309012","name":"Będzino","parentId":"023216309000","level":6,"kind":"2","hasDescription":false},{"id":"023216309022","name":"Biesiekierz","parentId":"023216309000","level":6,"kind":"2","hasDescription":false},{"id":"023216309033","name":"Bobolice","parentId":"023216309000","level":6,"kind":"3","hasDescription":false},{"id":"023216309034","name":"Bobolice - miasto","parentId":"023216309033","level":6,"kind":"4","hasDescription":false},{"id":"023216309035","name":"Bobolice - obszar wiejski","parentId":"023216309033","level":6,"kind":"5","hasDescription":false},{"id":"023216309042","name":"Manowo","parentId":"023216309000","level":6,"kind":"2","hasDescription":false},{"id":"023216309052","name":"Mielno","parentId":"023216309000","level":6,"kind":"2","hasDescription":true},{"id":"023216309053","name":"Mielno","parentId":"023216309000","level":6,"kind":"3","hasDescription":true},{"id":"023216309054","name":"Mielno - miasto","parentId":"023216309053","level":6,"kind":"4","hasDescription":true},{"id":"023216309055","name":"Mielno - obszar wiejski","parentId":"023216309053","level":6,"kind":"5","hasDescription":true},{"id":"023216309063","name":"Polanów","parentId":"023216309000","level":6,"kind":"3","hasDescription":false},{"id":"023216309064","name":"Polanów - miasto","parentId":"023216309063","level":6,"kind":"4","hasDescription":false},{"id":"023216309065","name":"Polanów - obszar wiejski","parentId":"023216309063","level":6,"kind":"5","hasDescription":false},{"id":"023216309073","name":"Sianów","parentId":"023216309000","level":6,"kind":"3","hasDescription":false},{"id":"023216309074","name":"Sianów - miasto","parentId":"023216309073","level":6,"kind":"4","hasDescription":false},{"id":"023216309075","name":"Sianów - obszar wiejski","parentId":"023216309073","level":6,"kind":"5","hasDescription":false},{"id":"023216309082","name":"Świeszyno","parentId":"023216309000","level":6,"kind":"2","hasDescription":false},{"id":"023216313011","name":"Darłowo","parentId":"023216313000","level":6,"kind":"1","hasDescription":false},{"id":"023216313021","name":"Sławno","parentId":"023216313000","level":6,"kind":"1","hasDescription":false},{"id":"023216313032","name":"Darłowo","parentId":"023216313000","level":6,"kind":"2","hasDescription":false},{"id":"023216313042","name":"Malechowo","parentId":"023216313000","level":6,"kind":"2","hasDescription":false},{"id":"023216313052","name":"Postomino","parentId":"023216313000","level":6,"kind":"2","hasDescription":false},{"id":"023216313062","name":"Sławno","parentId":"023216313000","level":6,"kind":"2","hasDescription":false},{"id":"023216361011","name":"Koszalin","parentId":"023216361000","level":6,"kind":"1","hasDescription":false},{"id":"023216402012","name":"Bierzwnik","parentId":"023216402000","level":6,"kind":"2","hasDescription":false},{"id":"023216402023","name":"Choszczno","parentId":"023216402000","level":6,"kind":"3","hasDescription":false},{"id":"023216402024","name":"Choszczno - miasto","parentId":"023216402023","level":6,"kind":"4","hasDescription":false},{"id":"023216402025","name":"Choszczno - obszar wiejski","parentId":"023216402023","level":6,"kind":"5","hasDescription":false},{"id":"023216402033","name":"Drawno","parentId":"023216402000","level":6,"kind":"3","hasDescription":false},{"id":"023216402034","name":"Drawno - miasto","parentId":"023216402033","level":6,"kind":"4","hasDescription":false},{"id":"023216402035","name":"Drawno - obszar wiejski","parentId":"023216402033","level":6,"kind":"5","hasDescription":false},{"id":"023216402042","name":"Krzęcin","parentId":"023216402000","level":6,"kind":"2","hasDescription":false},{"id":"023216402053","name":"Pełczyce","parentId":"023216402000","level":6,"kind":"3","hasDescription":false},{"id":"023216402054","name":"Pełczyce - miasto","parentId":"023216402053","level":6,"kind":"4","hasDescription":false},{"id":"023216402055","name":"Pełczyce - obszar wiejski","parentId":"023216402053","level":6,"kind":"5","hasDescription":false},{"id":"023216402063","name":"Recz","parentId":"023216402000","level":6,"kind":"3","hasDescription":false},{"id":"023216402064","name":"Recz - miasto","parentId":"023216402063","level":6,"kind":"4","hasDescription":false},{"id":"023216402065","name":"Recz - obszar wiejski","parentId":"023216402063","level":6,"kind":"5","hasDescription":false},{"id":"023216403013","name":"Czaplinek","parentId":"023216403000","level":6,"kind":"3","hasDescription":false},{"id":"023216403014","name":"Czaplinek - miasto","parentId":"023216403013","level":6,"kind":"4","hasDescription":false},{"id":"023216403015","name":"Czaplinek - obszar wiejski","parentId":"023216403013","level":6,"kind":"5","hasDescription":false},{"id":"023216403023","name":"Drawsko Pomorskie","parentId":"023216403000","level":6,"kind":"3","hasDescription":false},{"id":"023216403024","name":"Drawsko Pomorskie - miasto","parentId":"023216403023","level":6,"kind":"4","hasDescription":false},{"id":"023216403025","name":"Drawsko Pomorskie - obszar wiejski","parentId":"023216403023","level":6,"kind":"5","hasDescription":false},{"id":"023216403033","name":"Kalisz Pomorski","parentId":"023216403000","level":6,"kind":"3","hasDescription":false},{"id":"023216403034","name":"Kalisz Pomorski - miasto","parentId":"023216403033","level":6,"kind":"4","hasDescription":false},{"id":"023216403035","name":"Kalisz Pomorski - obszar wiejski","parentId":"023216403033","level":6,"kind":"5","hasDescription":false},{"id":"023216403042","name":"Ostrowice","parentId":"023216403000","level":6,"kind":"2","hasDescription":true},{"id":"023216403052","name":"Wierzchowo","parentId":"023216403000","level":6,"kind":"2","hasDescription":false},{"id":"023216403063","name":"Złocieniec","parentId":"023216403000","level":6,"kind":"3","hasDescription":false},{"id":"023216403064","name":"Złocieniec - miasto","parentId":"023216403063","level":6,"kind":"4","hasDescription":false},{"id":"023216403065","name":"Złocieniec - obszar wiejski","parentId":"023216403063","level":6,"kind":"5","hasDescription":false},{"id":"023216410013","name":"Barlinek","parentId":"023216410000","level":6,"kind":"3","hasDescription":false},{"id":"023216410014","name":"Barlinek - miasto","parentId":"023216410013","level":6,"kind":"4","hasDescription":false},{"id":"023216410015","name":"Barlinek - obszar wiejski","parentId":"023216410013","level":6,"kind":"5","hasDescription":false},{"id":"023216410022","name":"Boleszkowice","parentId":"023216410000","level":6,"kind":"2","hasDescription":false},{"id":"023216410033","name":"Dębno","parentId":"023216410000","level":6,"kind":"3","hasDescription":false},{"id":"023216410034","name":"Dębno - miasto","parentId":"023216410033","level":6,"kind":"4","hasDescription":false},{"id":"023216410035","name":"Dębno - obszar wiejski","parentId":"023216410033","level":6,"kind":"5","hasDescription":false},{"id":"023216410043","name":"Myślibórz","parentId":"023216410000","level":6,"kind":"3","hasDescription":false}]}