{"totalRecords":4157,"page":8,"pageSize":100,"links":{"first":"https://bdl.stat.gov.pl/api/v1/units?level=6&page-size=100&format=json&page=0","prev":"https://bdl.stat.gov.pl/api/v1/units?level=6&page-size=100&format=json&page=7","self":"https://bdl.stat.gov.pl/api/v1/units?level=6&page-size=100&format=json&page=8","next":"https://bdl.stat.gov.pl/api/v1/units?level=6&page-size=100&format=json&page=9","last":"https://bdl.stat.gov.pl/api/v1/units?level=6&page-size=100&format=json&page=41"},"results":[{"id":"023015809011","name":"Koło","parentId":"023015809000","level":6,"kind":"1","hasDescription":false},{"id":"023015809022","name":"Babiak","parentId":"023015809000","level":6,"kind":"2","hasDescription":false},{"id":"023015809032","name":"Chodów","parentId":"023015809000","level":6,"kind":"2","hasDescription":false},{"id":"023015809043","name":"Dąbie","parentId":"023015809000","level":6,"kind":"3","hasDescription":false},{"id":"023015809044","name":"Dąbie - miasto","parentId":"023015809043","level":6,"kind":"4","hasDescription":false},{"id":"023015809045","name":"Dąbie - obszar wiejski","parentId":"023015809043","level":6,"kind":"5","hasDescription":false},{"id":"023015809052","name":"Grzegorzew","parentId":"023015809000","level":6,"kind":"2","hasDescription":false},{"id":"023015809063","name":"Kłodawa","parentId":"023015809000","level":6,"kind":"3","hasDescription":false},{"id":"023015809064","name":"Kłodawa - miasto","parentId":"023015809063","level":6,"kind":"4","hasDescription":false},{"id":"023015809065","name":"Kłodawa - obszar wiejski","parentId":"023015809063","level":6,"kind":"5","hasDescription":false},{"id":"023015809072","name":"Koło","parentId":"023015809000","level":6,"kind":"2","hasDescription":false},{"id":"023015809082","name":"Kościelec","parentId":"023015809000","level":6,"kind":"2","hasDescription":false},{"id":"023015809092","name":"Olszówka","parentId":"023015809000","level":6,"kind":"2","hasDescription":false},{"id":"023015809102","name":"Osiek Mały","parentId":"023015809000","level":6,"kind":"2","hasDescription":false},{"id":"023015809113","name":"Przedecz","parentId":"023015809000","level":6,"kind":"3","hasDescription":false},{"id":"023015809114","name":"Przedecz - miasto","parentId":"023015809113","level":6,"kind":"4","hasDescription":false},{"id":"023015809115","name":"Przedecz - obszar wiejski","parentId":"023015809113","level":6,"kind":"5","hasDescription":false},{"id":"023015810013","name":"Golina","parentId":"023015810000","level":6,"kind":"3","hasDescription":false},{"id":"023015810014","name":"Golina - miasto","parentId":"023015810013","level":6,"kind":"4","hasDescription":false},{"id":"023015810015","name":"Golina - obszar wiejski","parentId":"023015810013","level":6,"kind":"5","hasDescription":false},{"id":"023015810022","name":"Grodziec","parentId":"023015810000","level":6,"kind":"2","hasDescription":false},{"id":"023015810032","name":"Kazimierz Biskupi","parentId":"023015810000","level":6,"kind":"2","hasDescription":false},{"id":"023015810043","name":"Kleczew","parentId":"023015810000","level":6,"kind":"3","hasDescription":false},{"id":"023015810044","name":"Kleczew - miasto","parentId":"023015810043","level":6,"kind":"4","hasDescription":false},{"id":"023015810045","name":"Kleczew - obszar wiejski","parentId":"023015810043","level":6,"kind":"5","hasDescription":false},{"id":"023015810052","name":"Kramsk","parentId":"023015810000","level":6,"kind":"2","hasDescription":false},{"id":"023015810062","name":"Krzymów","parentId":"023015810000","level":6,"kind":"2","hasDescription":false},{"id":"023015810073","name":"Rychwał","parentId":"023015810000","level":6,"kind":"3","hasDescription":false},{"id":"023015810074","name":"Rychwał - miasto","parentId":"023015810073","level":6,"kind":"4","hasDescription":false},{"id":"023015810075","name":"Rychwał - obszar wiejski","parentId":"023015810073","level":6,"kind":"5","hasDescription":false},{"id":"023015810082","name":"Rzgów","parentId":"023015810000","level":6,"kind":"2","hasDescription":false},{"id":"023015810092","name":"Skulsk","parentId":"023015810000","level":6,"kind":"2","hasDescription":false},{"id":"023015810103","name":"Sompolno","parentId":"023015810000","level":6,"kind":"3","hasDescription":false},{"id":"023015810104","name":"Sompolno - miasto","parentId":"023015810103","level":6,"kind":"4","hasDescription":false},{"id":"023015810105","name":"Sompolno - obszar wiejski","parentId":"023015810103","level":6,"kind":"5","hasDescription":false},{"id":"023015810112","name":"Stare Miasto","parentId":"023015810000","level":6,"kind":"2","hasDescription":false},{"id":"023015810123","name":"Ślesin","parentId":"023015810000","level":6,"kind":"3","hasDescription":false},{"id":"023015810124","name":"Ślesin - miasto","parentId":"023015810123","level":6,"kind":"4","hasDescription":false},{"id":"023015810125","name":"Ślesin - obszar wiejski","parentId":"023015810123","level":6,"kind":"5","hasDescription":false},{"id":"023015810132","name":"Wierzbinek","parentId":"023015810000","level":6,"kind":"2","hasDescription":false},{"id":"023015810142","name":"Wilczyn","parentId":"023015810000","level":6,"kind":"2","hasDescription":false},{"id":"023015823011","name":"Słupca","parentId":"023015823000","level":6,"kind":"1","hasDescription":false},{"id":"023015823022","name":"Lądek","parentId":"023015823000","level":6,"kind":"2","hasDescription":false},{"id":"023015823032","name":"Orchowo","parentId":"023015823000","level":6,"kind":"2","hasDescription":false},{"id":"023015823042","name":"Ostrowite","parentId":"023015823000","level":6,"kind":"2","hasDescription":false},{"id":"023015823052","name":"Powidz","parentId":"023015823000","level":6,"kind":"2","hasDescription":false},{"id":"023015823062","name":"Słupca","parentId":"023015823000","level":6,"kind":"2","hasDescription":false},{"id":"023015823072","name":"Strzałkowo","parentId":"023015823000","level":6,"kind":"2","hasDescription":false},{"id":"023015823083","name":"Zagórów","parentId":"023015823000","level":6,"kind":"3","hasDescription":false},{"id":"023015823084","name":"Zagórów - miasto","parentId":"023015823083","level":6,"kind":"4","hasDescription":false},{"id":"023015823085","name":"Zagórów - obszar wiejski","parentId":"023015823083","level":6,"kind":"5","hasDescription":false},{"id":"023015827011","name":"Turek","parentId":"023015827000","level":6,"kind":"1","hasDescription":false},{"id":"023015827022","name":"Brudzew","parentId":"023015827000","level":6,"kind":"2","hasDescription":false},{"id":"023015827033","name":"Dobra","parentId":"023015827000","level":6,"kind":"3","hasDescription":false},{"id":"023015827034","name":"Dobra - miasto","parentId":"023015827033","level":6,"kind":"4","hasDescription":false},{"id":"023015827035","name":"Dobra - obszar wiejski","parentId":"023015827033","level":6,"kind":"5","hasDescription":false},{"id":"023015827042","name":"Kawęczyn","parentId":"023015827000","level":6,"kind":"2","hasDescription":false},{"id":"023015827052","name":"Malanów","parentId":"023015827000","level":6,"kind":"2","hasDescription":false},{"id":"023015827062","name":"Przykona","parentId":"023015827000","level":6,"kind":"2","hasDescription":false},{"id":"023015827073","name":"Tuliszków","parentId":"023015827000","level":6,"kind":"3","hasDescription":false},{"id":"023015827074","name":"Tuliszków - miasto","parentId":"023015827073","level":6,"kind":"4","hasDescription":false},{"id":"023015827075","name":"Tuliszków - obszar wiejski","parentId":"023015827073","level":6,"kind":"5","hasDescription":false},{"id":"023015827082","name":"Turek","parentId":"023015827000","level":6,"kind":"2","hasDescription":false},{"id":"023015827092","name":"Władysławów","parentId":"023015827000","level":6,"kind":"2","hasDescription":false},{"id":"023015830012","name":"Kołaczkowo","parentId":"023015830000","level":6,"kind":"2","hasDescription":false},{"id":"023015830023","name":"Miłosław","parentId":"023015830000","level":6,"kind":"3","hasDescription":false},{"id":"023015830024","name":"Miłosław - miasto","parentId":"023015830023","level":6,"kind":"4","hasDescription":false},{"id":"023015830025","name":"Miłosław - obszar wiejski","parentId":"023015830023","level":6,"kind":"5","hasDescription":false},{"id":"023015830032","name":"Nekla","parentId":"023015830000","level":6,"kind":"2","hasDescription":true},{"id":"023015830033","name":"Nekla","parentId":"023015830000","level":6,"kind":"3","hasDescription":true},{"id":"023015830034","name":"Nekla - miasto","parentId":"023015830033","level":6,"kind":"4","hasDescription":true},{"id":"023015830035","name":"Nekla - obszar wiejski","parentId":"023015830033","level":6,"kind":"5","hasDescription":true},{"id":"023015830043","name":"Pyzdry","parentId":"023015830000","level":6,"kind":"3","hasDescription":false},{"id":"023015830044","name":"Pyzdry - miasto","parentId":"023015830043","level":6,"kind":"4","hasDescription":false},{"id":"023015830045","name":"Pyzdry - obszar wiejski","parentId":"023015830043","level":6,"kind":"5","hasDescription":false},{"id":"023015830053","name":"Września","parentId":"023015830000","level":6,"kind":"3","hasDescription":false},{"id":"023015830054","name":"Września - miasto","parentId":"023015830053","level":6,"kind":"4","hasDescription":false},{"id":"023015830055","name":"Września - obszar wiejski","parentId":"023015830053","level":6,"kind":"5","hasDescription":false},{"id":"023015862011","name":"Konin","parentId":"023015862000","level":6,"kind":"1","hasDescription":false},{"id":"023015904013","name":"Borek Wielkopolski","parentId":"023015904000","level":6,"kind":"3","hasDescription":false},{"id":"023015904014","name":"Borek Wielkopolski - miasto","parentId":"023015904013","level":6,"kind":"4","hasDescription":false},{"id":"023015904015","name":"Borek Wielkopolski - obszar wiejski","parentId":"023015904013","level":6,"kind":"5","hasDescription":false},{"id":"023015904023","name":"Gostyń","parentId":"023015904000","level":6,"kind":"3","hasDescription":false},{"id":"023015904024","name":"Gostyń - miasto","parentId":"023015904023","level":6,"kind":"4","hasDescription":false},{"id":"023015904025","name":"Gostyń - obszar wiejski","parentId":"023015904023","level":6,"kind":"5","hasDescription":false},{"id":"023015904033","name":"Krobia","parentId":"023015904000","level":6,"kind":"3","hasDescription":false},{"id":"023015904034","name":"Krobia - miasto","parentId":"023015904033","level":6,"kind":"4","hasDescription":false},{"id":"023015904035","name":"Krobia - obszar wiejski","parentId":"023015904033","level":6,"kind":"5","hasDescription":false},{"id":"023015904042","name":"Pępowo","parentId":"023015904000","level":6,"kind":"2","hasDescription":false},{"id":"023015904052","name":"Piaski","parentId":"023015904000","level":6,"kind":"2","hasDescription":false},{"id":"023015904063","name":"Pogorzela","parentId":"023015904000","level":6,"kind":"3","hasDescription":false},{"id":"023015904064","name":"Pogorzela - miasto","parentId":"023015904063","level":6,"kind":"4","hasDescription":false},{"id":"023015904065","name":"Pogorzela - obszar wiejski","parentId":"023015904063","level":6,"kind":"5","hasDescription":false},{"id":"023015904073","name":"Poniec","parentId":"023015904000","level":6,"kind":"3","hasDescription":false},{"id":"023015904074","name":"Poniec - miasto","parentId":"023015904073","level":6,"kind":"4","hasDescription":false},{"id":"023015904075","name":"Poniec - obszar wiejski","parentId":"023015904073","level":6,"kind":"5","hasDescription":false},{"id":"023015905012","name":"Granowo","parentId":"023015905000","level":6,"kind":"2","hasDescription":false},{"id":"023015905023","name":"Grodzisk Wielkopolski","parentId":"023015905000","level":6,"kind":"3","hasDescription":false},{"id":"023015905024","name":"Grodzisk Wielkopolski - miasto","parentId":"023015905023","level":6,"kind":"4","hasDescription":false},{"id":"023015905025","name":"Grodzisk Wielkopolski - obszar wiejski","parentId":"023015905023","level":6,"kind":"5","hasDescription":false}]}