{"totalRecords":4157,"page":27,"pageSize":100,"links":{"first":"https://bdl.stat.gov.pl/api/v1/units?level=6&page-size=100&format=json&page=0","prev":"https://bdl.stat.gov.pl/api/v1/units?level=6&page-size=100&format=json&page=26","self":"https://bdl.stat.gov.pl/api/v1/units?level=6&page-size=100&format=json&page=27","next":"https://bdl.stat.gov.pl/api/v1/units?level=6&page-size=100&format=json&page=28","last":"https://bdl.stat.gov.pl/api/v1/units?level=6&page-size=100&format=json&page=41"},"results":[{"id":"052615204072","name":"Łagów","parentId":"052615204000","level":6,"kind":"2","hasDescription":true},{"id":"052615204073","name":"Łagów","parentId":"052615204000","level":6,"kind":"3","hasDescription":true},{"id":"052615204074","name":"Łagów - miasto","parentId":"052615204073","level":6,"kind":"4","hasDescription":true},{"id":"052615204075","name":"Łagów - obszar wiejski","parentId":"052615204073","level":6,"kind":"5","hasDescription":true},{"id":"052615204082","name":"Łopuszno","parentId":"052615204000","level":6,"kind":"2","hasDescription":true},{"id":"052615204083","name":"Łopuszno","parentId":"052615204000","level":6,"kind":"3","hasDescription":true},{"id":"052615204084","name":"Łopuszno - miasto","parentId":"052615204083","level":6,"kind":"4","hasDescription":true},{"id":"052615204085","name":"Łopuszno - obszar wiejski","parentId":"052615204083","level":6,"kind":"5","hasDescription":true},{"id":"052615204092","name":"Masłów","parentId":"052615204000","level":6,"kind":"2","hasDescription":false},{"id":"052615204102","name":"Miedziana Góra","parentId":"052615204000","level":6,"kind":"2","hasDescription":false},{"id":"052615204112","name":"Mniów","parentId":"052615204000","level":6,"kind":"2","hasDescription":false},{"id":"052615204122","name":"Morawica","parentId":"052615204000","level":6,"kind":"2","hasDescription":true},{"id":"052615204123","name":"Morawica","parentId":"052615204000","level":6,"kind":"3","hasDescription":true},{"id":"052615204124","name":"Morawica - miasto","parentId":"052615204123","level":6,"kind":"4","hasDescription":true},{"id":"052615204125","name":"Morawica - obszar wiejski","parentId":"052615204123","level":6,"kind":"5","hasDescription":true},{"id":"052615204132","name":"Nowa Słupia","parentId":"052615204000","level":6,"kind":"2","hasDescription":true},{"id":"052615204133","name":"Nowa Słupia","parentId":"052615204000","level":6,"kind":"3","hasDescription":true},{"id":"052615204134","name":"Nowa Słupia - miasto","parentId":"052615204133","level":6,"kind":"4","hasDescription":true},{"id":"052615204135","name":"Nowa Słupia - obszar wiejski","parentId":"052615204133","level":6,"kind":"5","hasDescription":true},{"id":"052615204142","name":"Piekoszów","parentId":"052615204000","level":6,"kind":"2","hasDescription":true},{"id":"052615204143","name":"Piekoszów","parentId":"052615204000","level":6,"kind":"3","hasDescription":true},{"id":"052615204144","name":"Piekoszów - miasto","parentId":"052615204143","level":6,"kind":"4","hasDescription":true},{"id":"052615204145","name":"Piekoszów - obszar wiejski","parentId":"052615204143","level":6,"kind":"5","hasDescription":true},{"id":"052615204152","name":"Pierzchnica","parentId":"052615204000","level":6,"kind":"2","hasDescription":true},{"id":"052615204153","name":"Pierzchnica","parentId":"052615204000","level":6,"kind":"3","hasDescription":true},{"id":"052615204154","name":"Pierzchnica - miasto","parentId":"052615204153","level":6,"kind":"4","hasDescription":true},{"id":"052615204155","name":"Pierzchnica - obszar wiejski","parentId":"052615204153","level":6,"kind":"5","hasDescription":true},{"id":"052615204162","name":"Raków","parentId":"052615204000","level":6,"kind":"2","hasDescription":false},{"id":"052615204172","name":"Nowiny","parentId":"052615204000","level":6,"kind":"2","hasDescription":true},{"id":"052615204182","name":"Strawczyn","parentId":"052615204000","level":6,"kind":"2","hasDescription":false},{"id":"052615204192","name":"Zagnańsk","parentId":"052615204000","level":6,"kind":"2","hasDescription":false},{"id":"052615205012","name":"Fałków","parentId":"052615205000","level":6,"kind":"2","hasDescription":false},{"id":"052615205022","name":"Gowarczów","parentId":"052615205000","level":6,"kind":"2","hasDescription":true},{"id":"052615205023","name":"Gowarczów","parentId":"052615205000","level":6,"kind":"3","hasDescription":true},{"id":"052615205024","name":"Gowarczów - miasto","parentId":"052615205023","level":6,"kind":"4","hasDescription":true},{"id":"052615205025","name":"Gowarczów - obszar wiejski","parentId":"052615205023","level":6,"kind":"5","hasDescription":true},{"id":"052615205033","name":"Końskie","parentId":"052615205000","level":6,"kind":"3","hasDescription":false},{"id":"052615205034","name":"Końskie - miasto","parentId":"052615205033","level":6,"kind":"4","hasDescription":false},{"id":"052615205035","name":"Końskie - obszar wiejski","parentId":"052615205033","level":6,"kind":"5","hasDescription":false},{"id":"052615205042","name":"Radoszyce","parentId":"052615205000","level":6,"kind":"2","hasDescription":true},{"id":"052615205043","name":"Radoszyce","parentId":"052615205000","level":6,"kind":"3","hasDescription":true},{"id":"052615205044","name":"Radoszyce - miasto","parentId":"052615205043","level":6,"kind":"4","hasDescription":true},{"id":"052615205045","name":"Radoszyce - obszar wiejski","parentId":"052615205043","level":6,"kind":"5","hasDescription":true},{"id":"052615205052","name":"Ruda Maleniecka","parentId":"052615205000","level":6,"kind":"2","hasDescription":false},{"id":"052615205062","name":"Słupia Konecka","parentId":"052615205000","level":6,"kind":"2","hasDescription":true},{"id":"052615205072","name":"Smyków","parentId":"052615205000","level":6,"kind":"2","hasDescription":false},{"id":"052615205083","name":"Stąporków","parentId":"052615205000","level":6,"kind":"3","hasDescription":false},{"id":"052615205084","name":"Stąporków - miasto","parentId":"052615205083","level":6,"kind":"4","hasDescription":false},{"id":"052615205085","name":"Stąporków - obszar wiejski","parentId":"052615205083","level":6,"kind":"5","hasDescription":false},{"id":"052615207011","name":"Ostrowiec Świętokrzyski","parentId":"052615207000","level":6,"kind":"1","hasDescription":false},{"id":"052615207022","name":"Bałtów","parentId":"052615207000","level":6,"kind":"2","hasDescription":false},{"id":"052615207032","name":"Bodzechów","parentId":"052615207000","level":6,"kind":"2","hasDescription":false},{"id":"052615207043","name":"Ćmielów","parentId":"052615207000","level":6,"kind":"3","hasDescription":false},{"id":"052615207044","name":"Ćmielów - miasto","parentId":"052615207043","level":6,"kind":"4","hasDescription":false},{"id":"052615207045","name":"Ćmielów - obszar wiejski","parentId":"052615207043","level":6,"kind":"5","hasDescription":false},{"id":"052615207053","name":"Kunów","parentId":"052615207000","level":6,"kind":"3","hasDescription":false},{"id":"052615207054","name":"Kunów - miasto","parentId":"052615207053","level":6,"kind":"4","hasDescription":false},{"id":"052615207055","name":"Kunów - obszar wiejski","parentId":"052615207053","level":6,"kind":"5","hasDescription":false},{"id":"052615207062","name":"Waśniów","parentId":"052615207000","level":6,"kind":"2","hasDescription":false},{"id":"052615210011","name":"Skarżysko-Kamienna","parentId":"052615210000","level":6,"kind":"1","hasDescription":false},{"id":"052615210022","name":"Bliżyn","parentId":"052615210000","level":6,"kind":"2","hasDescription":false},{"id":"052615210032","name":"Łączna","parentId":"052615210000","level":6,"kind":"2","hasDescription":false},{"id":"052615210042","name":"Skarżysko Kościelne","parentId":"052615210000","level":6,"kind":"2","hasDescription":false},{"id":"052615210053","name":"Suchedniów","parentId":"052615210000","level":6,"kind":"3","hasDescription":false},{"id":"052615210054","name":"Suchedniów - miasto","parentId":"052615210053","level":6,"kind":"4","hasDescription":false},{"id":"052615210055","name":"Suchedniów - obszar wiejski","parentId":"052615210053","level":6,"kind":"5","hasDescription":false},{"id":"052615211011","name":"Starachowice","parentId":"052615211000","level":6,"kind":"1","hasDescription":false},{"id":"052615211022","name":"Brody","parentId":"052615211000","level":6,"kind":"2","hasDescription":false},{"id":"052615211032","name":"Mirzec","parentId":"052615211000","level":6,"kind":"2","hasDescription":false},{"id":"052615211042","name":"Pawłów","parentId":"052615211000","level":6,"kind":"2","hasDescription":false},{"id":"052615211053","name":"Wąchock","parentId":"052615211000","level":6,"kind":"3","hasDescription":false},{"id":"052615211054","name":"Wąchock - miasto","parentId":"052615211053","level":6,"kind":"4","hasDescription":false},{"id":"052615211055","name":"Wąchock - obszar wiejski","parentId":"052615211053","level":6,"kind":"5","hasDescription":false},{"id":"052615261011","name":"Kielce","parentId":"052615261000","level":6,"kind":"1","hasDescription":false},{"id":"052615301013","name":"Busko-Zdrój","parentId":"052615301000","level":6,"kind":"3","hasDescription":false},{"id":"052615301014","name":"Busko-Zdrój - miasto","parentId":"052615301013","level":6,"kind":"4","hasDescription":false},{"id":"052615301015","name":"Busko-Zdrój - obszar wiejski","parentId":"052615301013","level":6,"kind":"5","hasDescription":false},{"id":"052615301022","name":"Gnojno","parentId":"052615301000","level":6,"kind":"2","hasDescription":false},{"id":"052615301032","name":"Nowy Korczyn","parentId":"052615301000","level":6,"kind":"2","hasDescription":true},{"id":"052615301033","name":"Nowy Korczyn","parentId":"052615301000","level":6,"kind":"3","hasDescription":true},{"id":"052615301034","name":"Nowy Korczyn - miasto","parentId":"052615301033","level":6,"kind":"4","hasDescription":true},{"id":"052615301035","name":"Nowy Korczyn - obszar wiejski","parentId":"052615301033","level":6,"kind":"5","hasDescription":true},{"id":"052615301042","name":"Pacanów","parentId":"052615301000","level":6,"kind":"2","hasDescription":true},{"id":"052615301043","name":"Pacanów","parentId":"052615301000","level":6,"kind":"3","hasDescription":true},{"id":"052615301044","name":"Pacanów - miasto","parentId":"052615301043","level":6,"kind":"4","hasDescription":true},{"id":"052615301045","name":"Pacanów - obszar wiejski","parentId":"052615301043","level":6,"kind":"5","hasDescription":true},{"id":"052615301052","name":"Solec-Zdrój","parentId":"052615301000","level":6,"kind":"2","hasDescription":false},{"id":"052615301062","name":"Stopnica","parentId":"052615301000","level":6,"kind":"2","hasDescription":true},{"id":"052615301063","name":"Stopnica","parentId":"052615301000","level":6,"kind":"3","hasDescription":true},{"id":"052615301064","name":"Stopnica - miasto","parentId":"052615301063","level":6,"kind":"4","hasDescription":true},{"id":"052615301065","name":"Stopnica - obszar wiejski","parentId":"052615301063","level":6,"kind":"5","hasDescription":true},{"id":"052615301072","name":"Tuczępy","parentId":"052615301000","level":6,"kind":"2","hasDescription":false},{"id":"052615301082","name":"Wiślica","parentId":"052615301000","level":6,"kind":"2","hasDescription":true},{"id":"052615301083","name":"Wiślica","parentId":"052615301000","level":6,"kind":"3","hasDescription":true},{"id":"052615301084","name":"Wiślica - miasto","parentId":"052615301083","level":6,"kind":"4","hasDescription":true},{"id":"052615301085","name":"Wiślica - obszar wiejski","parentId":"052615301083","level":6,"kind":"5","hasDescription":true},{"id":"052615302012","name":"Imielno","parentId":"052615302000","level":6,"kind":"2","hasDescription":false},{"id":"052615302023","name":"Jędrzejów","parentId":"052615302000","level":6,"kind":"3","hasDescription":false},{"id":"052615302024","name":"Jędrzejów - miasto","parentId":"052615302023","level":6,"kind":"4","hasDescription":false},{"id":"052615302025","name":"Jędrzejów - obszar wiejski","parentId":"052615302023","level":6,"kind":"5","hasDescription":false}]}