{"totalRecords":4157,"page":12,"pageSize":100,"links":{"first":"https://bdl.stat.gov.pl/api/v1/units?level=6&page-size=100&format=json&page=0","prev":"https://bdl.stat.gov.pl/api/v1/units?level=6&page-size=100&format=json&page=11","self":"https://bdl.stat.gov.pl/api/v1/units?level=6&page-size=100&format=json&page=12","next":"https://bdl.stat.gov.pl/api/v1/units?level=6&page-size=100&format=json&page=13","last":"https://bdl.stat.gov.pl/api/v1/units?level=6&page-size=100&format=json&page=41"},"results":[{"id":"023216410044","name":"Myślibórz - miasto","parentId":"023216410043","level":6,"kind":"4","hasDescription":false},{"id":"023216410045","name":"Myślibórz - obszar wiejski","parentId":"023216410043","level":6,"kind":"5","hasDescription":false},{"id":"023216410052","name":"Nowogródek Pomorski","parentId":"023216410000","level":6,"kind":"2","hasDescription":false},{"id":"023216412012","name":"Bielice","parentId":"023216412000","level":6,"kind":"2","hasDescription":false},{"id":"023216412022","name":"Kozielice","parentId":"023216412000","level":6,"kind":"2","hasDescription":false},{"id":"023216412033","name":"Lipiany","parentId":"023216412000","level":6,"kind":"3","hasDescription":false},{"id":"023216412034","name":"Lipiany - miasto","parentId":"023216412033","level":6,"kind":"4","hasDescription":false},{"id":"023216412035","name":"Lipiany - obszar wiejski","parentId":"023216412033","level":6,"kind":"5","hasDescription":false},{"id":"023216412042","name":"Przelewice","parentId":"023216412000","level":6,"kind":"2","hasDescription":false},{"id":"023216412053","name":"Pyrzyce","parentId":"023216412000","level":6,"kind":"3","hasDescription":false},{"id":"023216412054","name":"Pyrzyce - miasto","parentId":"023216412053","level":6,"kind":"4","hasDescription":false},{"id":"023216412055","name":"Pyrzyce - obszar wiejski","parentId":"023216412053","level":6,"kind":"5","hasDescription":false},{"id":"023216412062","name":"Warnice","parentId":"023216412000","level":6,"kind":"2","hasDescription":false},{"id":"023216415011","name":"Szczecinek","parentId":"023216415000","level":6,"kind":"1","hasDescription":false},{"id":"023216415023","name":"Barwice","parentId":"023216415000","level":6,"kind":"3","hasDescription":false},{"id":"023216415024","name":"Barwice - miasto","parentId":"023216415023","level":6,"kind":"4","hasDescription":false},{"id":"023216415025","name":"Barwice - obszar wiejski","parentId":"023216415023","level":6,"kind":"5","hasDescription":false},{"id":"023216415033","name":"Biały Bór","parentId":"023216415000","level":6,"kind":"3","hasDescription":false},{"id":"023216415034","name":"Biały Bór - miasto","parentId":"023216415033","level":6,"kind":"4","hasDescription":false},{"id":"023216415035","name":"Biały Bór - obszar wiejski","parentId":"023216415033","level":6,"kind":"5","hasDescription":false},{"id":"023216415043","name":"Borne Sulinowo","parentId":"023216415000","level":6,"kind":"3","hasDescription":false},{"id":"023216415044","name":"Borne Sulinowo - miasto","parentId":"023216415043","level":6,"kind":"4","hasDescription":false},{"id":"023216415045","name":"Borne Sulinowo - obszar wiejski","parentId":"023216415043","level":6,"kind":"5","hasDescription":false},{"id":"023216415052","name":"Grzmiąca","parentId":"023216415000","level":6,"kind":"2","hasDescription":false},{"id":"023216415062","name":"Szczecinek","parentId":"023216415000","level":6,"kind":"2","hasDescription":false},{"id":"023216416011","name":"Świdwin","parentId":"023216416000","level":6,"kind":"1","hasDescription":false},{"id":"023216416022","name":"Brzeżno","parentId":"023216416000","level":6,"kind":"2","hasDescription":false},{"id":"023216416033","name":"Połczyn-Zdrój","parentId":"023216416000","level":6,"kind":"3","hasDescription":false},{"id":"023216416034","name":"Połczyn-Zdrój - miasto","parentId":"023216416033","level":6,"kind":"4","hasDescription":false},{"id":"023216416035","name":"Połczyn-Zdrój - obszar wiejski","parentId":"023216416033","level":6,"kind":"5","hasDescription":false},{"id":"023216416042","name":"Rąbino","parentId":"023216416000","level":6,"kind":"2","hasDescription":false},{"id":"023216416052","name":"Sławoborze","parentId":"023216416000","level":6,"kind":"2","hasDescription":false},{"id":"023216416062","name":"Świdwin","parentId":"023216416000","level":6,"kind":"2","hasDescription":false},{"id":"023216417011","name":"Wałcz","parentId":"023216417000","level":6,"kind":"1","hasDescription":false},{"id":"023216417023","name":"Człopa","parentId":"023216417000","level":6,"kind":"3","hasDescription":false},{"id":"023216417024","name":"Człopa - miasto","parentId":"023216417023","level":6,"kind":"4","hasDescription":false},{"id":"023216417025","name":"Człopa - obszar wiejski","parentId":"023216417023","level":6,"kind":"5","hasDescription":false},{"id":"023216417033","name":"Mirosławiec","parentId":"023216417000","level":6,"kind":"3","hasDescription":false},{"id":"023216417034","name":"Mirosławiec - miasto","parentId":"023216417033","level":6,"kind":"4","hasDescription":false},{"id":"023216417035","name":"Mirosławiec - obszar wiejski","parentId":"023216417033","level":6,"kind":"5","hasDescription":false},{"id":"023216417043","name":"Tuczno","parentId":"023216417000","level":6,"kind":"3","hasDescription":false},{"id":"023216417044","name":"Tuczno - miasto","parentId":"023216417043","level":6,"kind":"4","hasDescription":false},{"id":"023216417045","name":"Tuczno - obszar wiejski","parentId":"023216417043","level":6,"kind":"5","hasDescription":false},{"id":"023216417052","name":"Wałcz","parentId":"023216417000","level":6,"kind":"2","hasDescription":false},{"id":"023216418013","name":"Dobra","parentId":"023216418000","level":6,"kind":"3","hasDescription":true},{"id":"023216418014","name":"Dobra - miasto","parentId":"023216418013","level":6,"kind":"4","hasDescription":true},{"id":"023216418015","name":"Dobra - obszar wiejski","parentId":"023216418013","level":6,"kind":"5","hasDescription":true},{"id":"023216418023","name":"Łobez","parentId":"023216418000","level":6,"kind":"3","hasDescription":true},{"id":"023216418024","name":"Łobez - miasto","parentId":"023216418023","level":6,"kind":"4","hasDescription":true},{"id":"023216418025","name":"Łobez - obszar wiejski","parentId":"023216418023","level":6,"kind":"5","hasDescription":true},{"id":"023216418032","name":"Radowo Małe","parentId":"023216418000","level":6,"kind":"2","hasDescription":true},{"id":"023216418043","name":"Resko","parentId":"023216418000","level":6,"kind":"3","hasDescription":true},{"id":"023216418044","name":"Resko - miasto","parentId":"023216418043","level":6,"kind":"4","hasDescription":true},{"id":"023216418045","name":"Resko - obszar wiejski","parentId":"023216418043","level":6,"kind":"5","hasDescription":true},{"id":"023216418053","name":"Węgorzyno","parentId":"023216418000","level":6,"kind":"3","hasDescription":true},{"id":"023216418054","name":"Węgorzyno - miasto","parentId":"023216418053","level":6,"kind":"4","hasDescription":true},{"id":"023216418055","name":"Węgorzyno - obszar wiejski","parentId":"023216418053","level":6,"kind":"5","hasDescription":true},{"id":"023216562011","name":"Szczecin","parentId":"023216562000","level":6,"kind":"1","hasDescription":false},{"id":"023216604013","name":"Dobra","parentId":"023216604000","level":6,"kind":"3","hasDescription":true},{"id":"023216604014","name":"Dobra - miasto","parentId":"023216604013","level":6,"kind":"4","hasDescription":true},{"id":"023216604015","name":"Dobra - obszar wiejski","parentId":"023216604013","level":6,"kind":"5","hasDescription":true},{"id":"023216604023","name":"Goleniów","parentId":"023216604000","level":6,"kind":"3","hasDescription":false},{"id":"023216604024","name":"Goleniów - miasto","parentId":"023216604023","level":6,"kind":"4","hasDescription":false},{"id":"023216604025","name":"Goleniów - obszar wiejski","parentId":"023216604023","level":6,"kind":"5","hasDescription":false},{"id":"023216604033","name":"Maszewo","parentId":"023216604000","level":6,"kind":"3","hasDescription":false},{"id":"023216604034","name":"Maszewo - miasto","parentId":"023216604033","level":6,"kind":"4","hasDescription":false},{"id":"023216604035","name":"Maszewo - obszar wiejski","parentId":"023216604033","level":6,"kind":"5","hasDescription":false},{"id":"023216604043","name":"Nowogard","parentId":"023216604000","level":6,"kind":"3","hasDescription":false},{"id":"023216604044","name":"Nowogard - miasto","parentId":"023216604043","level":6,"kind":"4","hasDescription":false},{"id":"023216604045","name":"Nowogard - obszar wiejski","parentId":"023216604043","level":6,"kind":"5","hasDescription":false},{"id":"023216604052","name":"Osina","parentId":"023216604000","level":6,"kind":"2","hasDescription":false},{"id":"023216604062","name":"Przybiernów","parentId":"023216604000","level":6,"kind":"2","hasDescription":false},{"id":"023216604072","name":"Stepnica","parentId":"023216604000","level":6,"kind":"2","hasDescription":true},{"id":"023216604073","name":"Stepnica","parentId":"023216604000","level":6,"kind":"3","hasDescription":true},{"id":"023216604074","name":"Stepnica - miasto","parentId":"023216604073","level":6,"kind":"4","hasDescription":true},{"id":"023216604075","name":"Stepnica - obszar wiejski","parentId":"023216604073","level":6,"kind":"5","hasDescription":true},{"id":"023216605012","name":"Brojce","parentId":"023216605000","level":6,"kind":"2","hasDescription":false},{"id":"023216605023","name":"Gryfice","parentId":"023216605000","level":6,"kind":"3","hasDescription":false},{"id":"023216605024","name":"Gryfice - miasto","parentId":"023216605023","level":6,"kind":"4","hasDescription":false},{"id":"023216605025","name":"Gryfice - obszar wiejski","parentId":"023216605023","level":6,"kind":"5","hasDescription":false},{"id":"023216605032","name":"Karnice","parentId":"023216605000","level":6,"kind":"2","hasDescription":false},{"id":"023216605043","name":"Płoty","parentId":"023216605000","level":6,"kind":"3","hasDescription":false},{"id":"023216605044","name":"Płoty - miasto","parentId":"023216605043","level":6,"kind":"4","hasDescription":false},{"id":"023216605045","name":"Płoty - obszar wiejski","parentId":"023216605043","level":6,"kind":"5","hasDescription":false},{"id":"023216605052","name":"Radowo Małe","parentId":"023216605000","level":6,"kind":"2","hasDescription":true},{"id":"023216605063","name":"Resko","parentId":"023216605000","level":6,"kind":"3","hasDescription":true},{"id":"023216605064","name":"Resko - miasto","parentId":"023216605063","level":6,"kind":"4","hasDescription":true},{"id":"023216605065","name":"Resko - obszar wiejski","parentId":"023216605063","level":6,"kind":"5","hasDescription":true},{"id":"023216605072","name":"Rewal","parentId":"023216605000","level":6,"kind":"2","hasDescription":false},{"id":"023216605083","name":"Trzebiatów","parentId":"023216605000","level":6,"kind":"3","hasDescription":false},{"id":"023216605084","name":"Trzebiatów - miasto","parentId":"023216605083","level":6,"kind":"4","hasDescription":false},{"id":"023216605085","name":"Trzebiatów - obszar wiejski","parentId":"023216605083","level":6,"kind":"5","hasDescription":false},{"id":"023216606012","name":"Banie","parentId":"023216606000","level":6,"kind":"2","hasDescription":false},{"id":"023216606023","name":"Cedynia","parentId":"023216606000","level":6,"kind":"3","hasDescription":false},{"id":"023216606024","name":"Cedynia - miasto","parentId":"023216606023","level":6,"kind":"4","hasDescription":false},{"id":"023216606025","name":"Cedynia - obszar wiejski","parentId":"023216606023","level":6,"kind":"5","hasDescription":false},{"id":"023216606033","name":"Chojna","parentId":"023216606000","level":6,"kind":"3","hasDescription":false},{"id":"023216606034","name":"Chojna - miasto","parentId":"023216606033","level":6,"kind":"4","hasDescription":false},{"id":"023216606035","name":"Chojna - obszar wiejski","parentId":"023216606033","level":6,"kind":"5","hasDescription":false},{"id":"023216606043","name":"Gryfino","parentId":"023216606000","level":6,"kind":"3","hasDescription":false}]}