{"totalRecords":4157,"page":2,"pageSize":100,"links":{"first":"https://bdl.stat.gov.pl/api/v1/units?level=6&page-size=100&format=json&page=0","prev":"https://bdl.stat.gov.pl/api/v1/units?level=6&page-size=100&format=json&page=1","self":"https://bdl.stat.gov.pl/api/v1/units?level=6&page-size=100&format=json&page=2","next":"https://bdl.stat.gov.pl/api/v1/units?level=6&page-size=100&format=json&page=3","last":"https://bdl.stat.gov.pl/api/v1/units?level=6&page-size=100&format=json&page=41"},"results":[{"id":"011212402012","name":"Borzęcin","parentId":"011212402000","level":6,"kind":"2","hasDescription":false},{"id":"011212402023","name":"Brzesko","parentId":"011212402000","level":6,"kind":"3","hasDescription":false},{"id":"011212402024","name":"Brzesko - miasto","parentId":"011212402023","level":6,"kind":"4","hasDescription":false},{"id":"011212402025","name":"Brzesko - obszar wiejski","parentId":"011212402023","level":6,"kind":"5","hasDescription":false},{"id":"011212402032","name":"Czchów","parentId":"011212402000","level":6,"kind":"2","hasDescription":true},{"id":"011212402033","name":"Czchów","parentId":"011212402000","level":6,"kind":"3","hasDescription":true},{"id":"011212402034","name":"Czchów - miasto","parentId":"011212402033","level":6,"kind":"4","hasDescription":true},{"id":"011212402035","name":"Czchów - obszar wiejski","parentId":"011212402033","level":6,"kind":"5","hasDescription":true},{"id":"011212402042","name":"Dębno","parentId":"011212402000","level":6,"kind":"2","hasDescription":false},{"id":"011212402052","name":"Gnojnik","parentId":"011212402000","level":6,"kind":"2","hasDescription":false},{"id":"011212402062","name":"Iwkowa","parentId":"011212402000","level":6,"kind":"2","hasDescription":false},{"id":"011212402072","name":"Szczurowa","parentId":"011212402000","level":6,"kind":"2","hasDescription":false},{"id":"011212404012","name":"Bolesław","parentId":"011212404000","level":6,"kind":"2","hasDescription":false},{"id":"011212404023","name":"Dąbrowa Tarnowska","parentId":"011212404000","level":6,"kind":"3","hasDescription":false},{"id":"011212404024","name":"Dąbrowa Tarnowska - miasto","parentId":"011212404023","level":6,"kind":"4","hasDescription":false},{"id":"011212404025","name":"Dąbrowa Tarnowska - obszar wiejski","parentId":"011212404023","level":6,"kind":"5","hasDescription":false},{"id":"011212404032","name":"Gręboszów","parentId":"011212404000","level":6,"kind":"2","hasDescription":false},{"id":"011212404042","name":"Mędrzechów","parentId":"011212404000","level":6,"kind":"2","hasDescription":false},{"id":"011212404052","name":"Olesno","parentId":"011212404000","level":6,"kind":"2","hasDescription":false},{"id":"011212404062","name":"Radgoszcz","parentId":"011212404000","level":6,"kind":"2","hasDescription":false},{"id":"011212404072","name":"Szczucin","parentId":"011212404000","level":6,"kind":"2","hasDescription":true},{"id":"011212404073","name":"Szczucin","parentId":"011212404000","level":6,"kind":"3","hasDescription":true},{"id":"011212404074","name":"Szczucin - miasto","parentId":"011212404073","level":6,"kind":"4","hasDescription":true},{"id":"011212404075","name":"Szczucin - obszar wiejski","parentId":"011212404073","level":6,"kind":"5","hasDescription":true},{"id":"011212416012","name":"Ciężkowice","parentId":"011212416000","level":6,"kind":"2","hasDescription":true},{"id":"011212416013","name":"Ciężkowice","parentId":"011212416000","level":6,"kind":"3","hasDescription":true},{"id":"011212416014","name":"Ciężkowice - miasto","parentId":"011212416013","level":6,"kind":"4","hasDescription":true},{"id":"011212416015","name":"Ciężkowice - obszar wiejski","parentId":"011212416013","level":6,"kind":"5","hasDescription":true},{"id":"011212416022","name":"Gromnik","parentId":"011212416000","level":6,"kind":"2","hasDescription":false},{"id":"011212416032","name":"Lisia Góra","parentId":"011212416000","level":6,"kind":"2","hasDescription":false},{"id":"011212416042","name":"Pleśna","parentId":"011212416000","level":6,"kind":"2","hasDescription":false},{"id":"011212416052","name":"Radłów","parentId":"011212416000","level":6,"kind":"2","hasDescription":true},{"id":"011212416053","name":"Radłów","parentId":"011212416000","level":6,"kind":"3","hasDescription":true},{"id":"011212416054","name":"Radłów - miasto","parentId":"011212416053","level":6,"kind":"4","hasDescription":true},{"id":"011212416055","name":"Radłów - obszar wiejski","parentId":"011212416053","level":6,"kind":"5","hasDescription":true},{"id":"011212416062","name":"Ryglice","parentId":"011212416000","level":6,"kind":"2","hasDescription":true},{"id":"011212416063","name":"Ryglice","parentId":"011212416000","level":6,"kind":"3","hasDescription":true},{"id":"011212416064","name":"Ryglice - miasto","parentId":"011212416063","level":6,"kind":"4","hasDescription":true},{"id":"011212416065","name":"Ryglice - obszar wiejski","parentId":"011212416063","level":6,"kind":"5","hasDescription":true},{"id":"011212416072","name":"Rzepiennik Strzyżewski","parentId":"011212416000","level":6,"kind":"2","hasDescription":false},{"id":"011212416082","name":"Skrzyszów","parentId":"011212416000","level":6,"kind":"2","hasDescription":false},{"id":"011212416092","name":"Tarnów","parentId":"011212416000","level":6,"kind":"2","hasDescription":false},{"id":"011212416103","name":"Tuchów","parentId":"011212416000","level":6,"kind":"3","hasDescription":false},{"id":"011212416104","name":"Tuchów - miasto","parentId":"011212416103","level":6,"kind":"4","hasDescription":false},{"id":"011212416105","name":"Tuchów - obszar wiejski","parentId":"011212416103","level":6,"kind":"5","hasDescription":false},{"id":"011212416112","name":"Wierzchosławice","parentId":"011212416000","level":6,"kind":"2","hasDescription":false},{"id":"011212416122","name":"Wietrzychowice","parentId":"011212416000","level":6,"kind":"2","hasDescription":false},{"id":"011212416132","name":"Wojnicz","parentId":"011212416000","level":6,"kind":"2","hasDescription":true},{"id":"011212416133","name":"Wojnicz","parentId":"011212416000","level":6,"kind":"3","hasDescription":true},{"id":"011212416134","name":"Wojnicz - miasto","parentId":"011212416133","level":6,"kind":"4","hasDescription":true},{"id":"011212416135","name":"Wojnicz - obszar wiejski","parentId":"011212416133","level":6,"kind":"5","hasDescription":true},{"id":"011212416142","name":"Zakliczyn","parentId":"011212416000","level":6,"kind":"2","hasDescription":true},{"id":"011212416143","name":"Zakliczyn","parentId":"011212416000","level":6,"kind":"3","hasDescription":true},{"id":"011212416144","name":"Zakliczyn - miasto","parentId":"011212416143","level":6,"kind":"4","hasDescription":true},{"id":"011212416145","name":"Zakliczyn - obszar wiejski","parentId":"011212416143","level":6,"kind":"5","hasDescription":true},{"id":"011212416153","name":"Żabno","parentId":"011212416000","level":6,"kind":"3","hasDescription":false},{"id":"011212416154","name":"Żabno - miasto","parentId":"011212416153","level":6,"kind":"4","hasDescription":false},{"id":"011212416155","name":"Żabno - obszar wiejski","parentId":"011212416153","level":6,"kind":"5","hasDescription":false},{"id":"011212416162","name":"Szerzyny","parentId":"011212416000","level":6,"kind":"2","hasDescription":true},{"id":"011212463011","name":"Tarnów","parentId":"011212463000","level":6,"kind":"1","hasDescription":false},{"id":"011216911011","name":"Nowy Targ","parentId":"011216911000","level":6,"kind":"1","hasDescription":false},{"id":"011216911021","name":"Szczawnica","parentId":"011216911000","level":6,"kind":"1","hasDescription":true},{"id":"011216911023","name":"Szczawnica","parentId":"011216911000","level":6,"kind":"3","hasDescription":true},{"id":"011216911024","name":"Szczawnica - miasto","parentId":"011216911023","level":6,"kind":"4","hasDescription":true},{"id":"011216911025","name":"Szczawnica - obszar wiejski","parentId":"011216911023","level":6,"kind":"5","hasDescription":true},{"id":"011216911032","name":"Czarny Dunajec","parentId":"011216911000","level":6,"kind":"2","hasDescription":true},{"id":"011216911033","name":"Czarny Dunajec","parentId":"011216911000","level":6,"kind":"3","hasDescription":true},{"id":"011216911034","name":"Czarny Dunajec - miasto","parentId":"011216911033","level":6,"kind":"4","hasDescription":true},{"id":"011216911035","name":"Czarny Dunajec - obszar wiejski","parentId":"011216911033","level":6,"kind":"5","hasDescription":true},{"id":"011216911042","name":"Czorsztyn","parentId":"011216911000","level":6,"kind":"2","hasDescription":false},{"id":"011216911052","name":"Jabłonka","parentId":"011216911000","level":6,"kind":"2","hasDescription":false},{"id":"011216911062","name":"Krościenko nad Dunajcem","parentId":"011216911000","level":6,"kind":"2","hasDescription":false},{"id":"011216911072","name":"Lipnica Wielka","parentId":"011216911000","level":6,"kind":"2","hasDescription":false},{"id":"011216911082","name":"Łapsze Niżne","parentId":"011216911000","level":6,"kind":"2","hasDescription":false},{"id":"011216911092","name":"Nowy Targ","parentId":"011216911000","level":6,"kind":"2","hasDescription":false},{"id":"011216911102","name":"Ochotnica Dolna","parentId":"011216911000","level":6,"kind":"2","hasDescription":false},{"id":"011216911112","name":"Raba Wyżna","parentId":"011216911000","level":6,"kind":"2","hasDescription":false},{"id":"011216911123","name":"Rabka-Zdrój","parentId":"011216911000","level":6,"kind":"3","hasDescription":true},{"id":"011216911124","name":"Rabka-Zdrój - miasto","parentId":"011216911123","level":6,"kind":"4","hasDescription":true},{"id":"011216911125","name":"Rabka-Zdrój - obszar wiejski","parentId":"011216911123","level":6,"kind":"5","hasDescription":true},{"id":"011216911132","name":"Spytkowice","parentId":"011216911000","level":6,"kind":"2","hasDescription":true},{"id":"011216911142","name":"Szaflary","parentId":"011216911000","level":6,"kind":"2","hasDescription":false},{"id":"011216915011","name":"Jordanów","parentId":"011216915000","level":6,"kind":"1","hasDescription":false},{"id":"011216915021","name":"Sucha Beskidzka","parentId":"011216915000","level":6,"kind":"1","hasDescription":false},{"id":"011216915032","name":"Budzów","parentId":"011216915000","level":6,"kind":"2","hasDescription":false},{"id":"011216915042","name":"Bystra-Sidzina","parentId":"011216915000","level":6,"kind":"2","hasDescription":false},{"id":"011216915052","name":"Jordanów","parentId":"011216915000","level":6,"kind":"2","hasDescription":false},{"id":"011216915063","name":"Maków Podhalański","parentId":"011216915000","level":6,"kind":"3","hasDescription":false},{"id":"011216915064","name":"Maków Podhalański - miasto","parentId":"011216915063","level":6,"kind":"4","hasDescription":false},{"id":"011216915065","name":"Maków Podhalański - obszar wiejski","parentId":"011216915063","level":6,"kind":"5","hasDescription":false},{"id":"011216915072","name":"Stryszawa","parentId":"011216915000","level":6,"kind":"2","hasDescription":false},{"id":"011216915082","name":"Zawoja","parentId":"011216915000","level":6,"kind":"2","hasDescription":false},{"id":"011216915092","name":"Zembrzyce","parentId":"011216915000","level":6,"kind":"2","hasDescription":false},{"id":"011216917011","name":"Zakopane","parentId":"011216917000","level":6,"kind":"1","hasDescription":false},{"id":"011216917022","name":"Biały Dunajec","parentId":"011216917000","level":6,"kind":"2","hasDescription":false},{"id":"011216917032","name":"Bukowina Tatrzańska","parentId":"011216917000","level":6,"kind":"2","hasDescription":false},{"id":"011216917042","name":"Kościelisko","parentId":"011216917000","level":6,"kind":"2","hasDescription":false},{"id":"011216917052","name":"Poronin","parentId":"011216917000","level":6,"kind":"2","hasDescription":false},{"id":"012414402011","name":"Szczyrk","parentId":"012414402000","level":6,"kind":"1","hasDescription":false},{"id":"012414402022","name":"Bestwina","parentId":"012414402000","level":6,"kind":"2","hasDescription":false}]}