{"totalRecords":4157,"page":23,"pageSize":100,"links":{"first":"https://bdl.stat.gov.pl/api/v1/units?level=6&page-size=100&format=json&page=0","prev":"https://bdl.stat.gov.pl/api/v1/units?level=6&page-size=100&format=json&page=22","self":"https://bdl.stat.gov.pl/api/v1/units?level=6&page-size=100&format=json&page=23","next":"https://bdl.stat.gov.pl/api/v1/units?level=6&page-size=100&format=json&page=24","last":"https://bdl.stat.gov.pl/api/v1/units?level=6&page-size=100&format=json&page=41"},"results":[{"id":"042815513052","name":"Świętajno","parentId":"042815513000","level":6,"kind":"2","hasDescription":false},{"id":"042815513062","name":"Wieliczki","parentId":"042815513000","level":6,"kind":"2","hasDescription":false},{"id":"042815516013","name":"Biała Piska","parentId":"042815516000","level":6,"kind":"3","hasDescription":false},{"id":"042815516014","name":"Biała Piska - miasto","parentId":"042815516013","level":6,"kind":"4","hasDescription":false},{"id":"042815516015","name":"Biała Piska - obszar wiejski","parentId":"042815516013","level":6,"kind":"5","hasDescription":false},{"id":"042815516023","name":"Orzysz","parentId":"042815516000","level":6,"kind":"3","hasDescription":false},{"id":"042815516024","name":"Orzysz - miasto","parentId":"042815516023","level":6,"kind":"4","hasDescription":false},{"id":"042815516025","name":"Orzysz - obszar wiejski","parentId":"042815516023","level":6,"kind":"5","hasDescription":false},{"id":"042815516033","name":"Pisz","parentId":"042815516000","level":6,"kind":"3","hasDescription":false},{"id":"042815516034","name":"Pisz - miasto","parentId":"042815516033","level":6,"kind":"4","hasDescription":false},{"id":"042815516035","name":"Pisz - obszar wiejski","parentId":"042815516033","level":6,"kind":"5","hasDescription":false},{"id":"042815516043","name":"Ruciane-Nida","parentId":"042815516000","level":6,"kind":"3","hasDescription":false},{"id":"042815516044","name":"Ruciane-Nida - miasto","parentId":"042815516043","level":6,"kind":"4","hasDescription":false},{"id":"042815516045","name":"Ruciane-Nida - obszar wiejski","parentId":"042815516043","level":6,"kind":"5","hasDescription":false},{"id":"042815518012","name":"Banie Mazurskie","parentId":"042815518000","level":6,"kind":"2","hasDescription":true},{"id":"042815518022","name":"Dubeninki","parentId":"042815518000","level":6,"kind":"2","hasDescription":true},{"id":"042815518033","name":"Gołdap","parentId":"042815518000","level":6,"kind":"3","hasDescription":true},{"id":"042815518034","name":"Gołdap - miasto","parentId":"042815518033","level":6,"kind":"4","hasDescription":true},{"id":"042815518035","name":"Gołdap - obszar wiejski","parentId":"042815518033","level":6,"kind":"5","hasDescription":true},{"id":"042815519012","name":"Budry","parentId":"042815519000","level":6,"kind":"2","hasDescription":true},{"id":"042815519022","name":"Pozezdrze","parentId":"042815519000","level":6,"kind":"2","hasDescription":true},{"id":"042815519033","name":"Węgorzewo","parentId":"042815519000","level":6,"kind":"3","hasDescription":true},{"id":"042815519034","name":"Węgorzewo - miasto","parentId":"042815519033","level":6,"kind":"4","hasDescription":true},{"id":"042815519035","name":"Węgorzewo - obszar wiejski","parentId":"042815519033","level":6,"kind":"5","hasDescription":true},{"id":"042815601011","name":"Bartoszyce","parentId":"042815601000","level":6,"kind":"1","hasDescription":false},{"id":"042815601021","name":"Górowo Iławeckie","parentId":"042815601000","level":6,"kind":"1","hasDescription":false},{"id":"042815601032","name":"Bartoszyce","parentId":"042815601000","level":6,"kind":"2","hasDescription":false},{"id":"042815601043","name":"Bisztynek","parentId":"042815601000","level":6,"kind":"3","hasDescription":false},{"id":"042815601044","name":"Bisztynek - miasto","parentId":"042815601043","level":6,"kind":"4","hasDescription":false},{"id":"042815601045","name":"Bisztynek - obszar wiejski","parentId":"042815601043","level":6,"kind":"5","hasDescription":false},{"id":"042815601052","name":"Górowo Iławeckie","parentId":"042815601000","level":6,"kind":"2","hasDescription":false},{"id":"042815601063","name":"Sępopol","parentId":"042815601000","level":6,"kind":"3","hasDescription":false},{"id":"042815601064","name":"Sępopol - miasto","parentId":"042815601063","level":6,"kind":"4","hasDescription":false},{"id":"042815601065","name":"Sępopol - obszar wiejski","parentId":"042815601063","level":6,"kind":"5","hasDescription":false},{"id":"042815608011","name":"Kętrzyn","parentId":"042815608000","level":6,"kind":"1","hasDescription":false},{"id":"042815608022","name":"Barciany","parentId":"042815608000","level":6,"kind":"2","hasDescription":false},{"id":"042815608032","name":"Kętrzyn","parentId":"042815608000","level":6,"kind":"2","hasDescription":false},{"id":"042815608043","name":"Korsze","parentId":"042815608000","level":6,"kind":"3","hasDescription":false},{"id":"042815608044","name":"Korsze - miasto","parentId":"042815608043","level":6,"kind":"4","hasDescription":false},{"id":"042815608045","name":"Korsze - obszar wiejski","parentId":"042815608043","level":6,"kind":"5","hasDescription":false},{"id":"042815608053","name":"Reszel","parentId":"042815608000","level":6,"kind":"3","hasDescription":false},{"id":"042815608054","name":"Reszel - miasto","parentId":"042815608053","level":6,"kind":"4","hasDescription":false},{"id":"042815608055","name":"Reszel - obszar wiejski","parentId":"042815608053","level":6,"kind":"5","hasDescription":false},{"id":"042815608062","name":"Srokowo","parentId":"042815608000","level":6,"kind":"2","hasDescription":false},{"id":"042815609011","name":"Lidzbark Warmiński","parentId":"042815609000","level":6,"kind":"1","hasDescription":false},{"id":"042815609022","name":"Kiwity","parentId":"042815609000","level":6,"kind":"2","hasDescription":false},{"id":"042815609032","name":"Lidzbark Warmiński","parentId":"042815609000","level":6,"kind":"2","hasDescription":false},{"id":"042815609042","name":"Lubomino","parentId":"042815609000","level":6,"kind":"2","hasDescription":false},{"id":"042815609053","name":"Orneta","parentId":"042815609000","level":6,"kind":"3","hasDescription":false},{"id":"042815609054","name":"Orneta - miasto","parentId":"042815609053","level":6,"kind":"4","hasDescription":false},{"id":"042815609055","name":"Orneta - obszar wiejski","parentId":"042815609053","level":6,"kind":"5","hasDescription":false},{"id":"042815610011","name":"Mrągowo","parentId":"042815610000","level":6,"kind":"1","hasDescription":false},{"id":"042815610023","name":"Mikołajki","parentId":"042815610000","level":6,"kind":"3","hasDescription":false},{"id":"042815610024","name":"Mikołajki - miasto","parentId":"042815610023","level":6,"kind":"4","hasDescription":false},{"id":"042815610025","name":"Mikołajki - obszar wiejski","parentId":"042815610023","level":6,"kind":"5","hasDescription":false},{"id":"042815610032","name":"Mrągowo","parentId":"042815610000","level":6,"kind":"2","hasDescription":false},{"id":"042815610042","name":"Piecki","parentId":"042815610000","level":6,"kind":"2","hasDescription":false},{"id":"042815610052","name":"Sorkwity","parentId":"042815610000","level":6,"kind":"2","hasDescription":false},{"id":"042815611012","name":"Janowiec Kościelny","parentId":"042815611000","level":6,"kind":"2","hasDescription":false},{"id":"042815611022","name":"Janowo","parentId":"042815611000","level":6,"kind":"2","hasDescription":false},{"id":"042815611032","name":"Kozłowo","parentId":"042815611000","level":6,"kind":"2","hasDescription":false},{"id":"042815611043","name":"Nidzica","parentId":"042815611000","level":6,"kind":"3","hasDescription":false},{"id":"042815611044","name":"Nidzica - miasto","parentId":"042815611043","level":6,"kind":"4","hasDescription":false},{"id":"042815611045","name":"Nidzica - obszar wiejski","parentId":"042815611043","level":6,"kind":"5","hasDescription":false},{"id":"042815614013","name":"Barczewo","parentId":"042815614000","level":6,"kind":"3","hasDescription":false},{"id":"042815614014","name":"Barczewo - miasto","parentId":"042815614013","level":6,"kind":"4","hasDescription":false},{"id":"042815614015","name":"Barczewo - obszar wiejski","parentId":"042815614013","level":6,"kind":"5","hasDescription":false},{"id":"042815614023","name":"Biskupiec","parentId":"042815614000","level":6,"kind":"3","hasDescription":false},{"id":"042815614024","name":"Biskupiec - miasto","parentId":"042815614023","level":6,"kind":"4","hasDescription":false},{"id":"042815614025","name":"Biskupiec - obszar wiejski","parentId":"042815614023","level":6,"kind":"5","hasDescription":false},{"id":"042815614033","name":"Dobre Miasto","parentId":"042815614000","level":6,"kind":"3","hasDescription":false},{"id":"042815614034","name":"Dobre Miasto - miasto","parentId":"042815614033","level":6,"kind":"4","hasDescription":false},{"id":"042815614035","name":"Dobre Miasto - obszar wiejski","parentId":"042815614033","level":6,"kind":"5","hasDescription":false},{"id":"042815614042","name":"Dywity","parentId":"042815614000","level":6,"kind":"2","hasDescription":false},{"id":"042815614052","name":"Gietrzwałd","parentId":"042815614000","level":6,"kind":"2","hasDescription":false},{"id":"042815614063","name":"Jeziorany","parentId":"042815614000","level":6,"kind":"3","hasDescription":false},{"id":"042815614064","name":"Jeziorany - miasto","parentId":"042815614063","level":6,"kind":"4","hasDescription":false},{"id":"042815614065","name":"Jeziorany - obszar wiejski","parentId":"042815614063","level":6,"kind":"5","hasDescription":false},{"id":"042815614072","name":"Jonkowo","parentId":"042815614000","level":6,"kind":"2","hasDescription":false},{"id":"042815614082","name":"Kolno","parentId":"042815614000","level":6,"kind":"2","hasDescription":false},{"id":"042815614093","name":"Olsztynek","parentId":"042815614000","level":6,"kind":"3","hasDescription":false},{"id":"042815614094","name":"Olsztynek - miasto","parentId":"042815614093","level":6,"kind":"4","hasDescription":false},{"id":"042815614095","name":"Olsztynek - obszar wiejski","parentId":"042815614093","level":6,"kind":"5","hasDescription":false},{"id":"042815614102","name":"Purda","parentId":"042815614000","level":6,"kind":"2","hasDescription":false},{"id":"042815614112","name":"Stawiguda","parentId":"042815614000","level":6,"kind":"2","hasDescription":false},{"id":"042815614122","name":"Świątki","parentId":"042815614000","level":6,"kind":"2","hasDescription":false},{"id":"042815617011","name":"Szczytno","parentId":"042815617000","level":6,"kind":"1","hasDescription":false},{"id":"042815617022","name":"Dźwierzuty","parentId":"042815617000","level":6,"kind":"2","hasDescription":false},{"id":"042815617032","name":"Jedwabno","parentId":"042815617000","level":6,"kind":"2","hasDescription":false},{"id":"042815617042","name":"Pasym","parentId":"042815617000","level":6,"kind":"2","hasDescription":true},{"id":"042815617043","name":"Pasym","parentId":"042815617000","level":6,"kind":"3","hasDescription":true},{"id":"042815617044","name":"Pasym - miasto","parentId":"042815617043","level":6,"kind":"4","hasDescription":true},{"id":"042815617045","name":"Pasym - obszar wiejski","parentId":"042815617043","level":6,"kind":"5","hasDescription":true},{"id":"042815617052","name":"Rozogi","parentId":"042815617000","level":6,"kind":"2","hasDescription":false},{"id":"042815617062","name":"Szczytno","parentId":"042815617000","level":6,"kind":"2","hasDescription":false},{"id":"042815617072","name":"Świętajno","parentId":"042815617000","level":6,"kind":"2","hasDescription":false},{"id":"042815617082","name":"Wielbark","parentId":"042815617000","level":6,"kind":"2","hasDescription":true},{"id":"042815617083","name":"Wielbark","parentId":"042815617000","level":6,"kind":"3","hasDescription":true},{"id":"042815617084","name":"Wielbark - miasto","parentId":"042815617083","level":6,"kind":"4","hasDescription":true},{"id":"042815617085","name":"Wielbark - obszar wiejski","parentId":"042815617083","level":6,"kind":"5","hasDescription":true}]}