{"totalRecords":4157,"page":38,"pageSize":100,"links":{"first":"https://bdl.stat.gov.pl/api/v1/units?level=6&page-size=100&format=json&page=0","prev":"https://bdl.stat.gov.pl/api/v1/units?level=6&page-size=100&format=json&page=37","self":"https://bdl.stat.gov.pl/api/v1/units?level=6&page-size=100&format=json&page=38","next":"https://bdl.stat.gov.pl/api/v1/units?level=6&page-size=100&format=json&page=39","last":"https://bdl.stat.gov.pl/api/v1/units?level=6&page-size=100&format=json&page=41"},"results":[{"id":"071422502062","name":"Ojrzeń","parentId":"071422502000","level":6,"kind":"2","hasDescription":false},{"id":"071422502072","name":"Opinogóra Górna","parentId":"071422502000","level":6,"kind":"2","hasDescription":false},{"id":"071422502082","name":"Regimin","parentId":"071422502000","level":6,"kind":"2","hasDescription":false},{"id":"071422502092","name":"Sońsk","parentId":"071422502000","level":6,"kind":"2","hasDescription":false},{"id":"071422513011","name":"Mława","parentId":"071422513000","level":6,"kind":"1","hasDescription":false},{"id":"071422513022","name":"Dzierzgowo","parentId":"071422513000","level":6,"kind":"2","hasDescription":false},{"id":"071422513032","name":"Lipowiec Kościelny","parentId":"071422513000","level":6,"kind":"2","hasDescription":false},{"id":"071422513042","name":"Radzanów","parentId":"071422513000","level":6,"kind":"2","hasDescription":false},{"id":"071422513052","name":"Strzegowo","parentId":"071422513000","level":6,"kind":"2","hasDescription":true},{"id":"071422513062","name":"Stupsk","parentId":"071422513000","level":6,"kind":"2","hasDescription":false},{"id":"071422513072","name":"Szreńsk","parentId":"071422513000","level":6,"kind":"2","hasDescription":false},{"id":"071422513082","name":"Szydłowo","parentId":"071422513000","level":6,"kind":"2","hasDescription":false},{"id":"071422513092","name":"Wieczfnia Kościelna","parentId":"071422513000","level":6,"kind":"2","hasDescription":false},{"id":"071422513102","name":"Wiśniewo","parentId":"071422513000","level":6,"kind":"2","hasDescription":false},{"id":"071422520011","name":"Płońsk","parentId":"071422520000","level":6,"kind":"1","hasDescription":false},{"id":"071422520021","name":"Raciąż","parentId":"071422520000","level":6,"kind":"1","hasDescription":false},{"id":"071422520032","name":"Baboszewo","parentId":"071422520000","level":6,"kind":"2","hasDescription":false},{"id":"071422520042","name":"Czerwińsk nad Wisłą","parentId":"071422520000","level":6,"kind":"2","hasDescription":true},{"id":"071422520043","name":"Czerwińsk nad Wisłą","parentId":"071422520000","level":6,"kind":"3","hasDescription":true},{"id":"071422520044","name":"Czerwińsk nad Wisłą - miasto","parentId":"071422520043","level":6,"kind":"4","hasDescription":true},{"id":"071422520045","name":"Czerwińsk nad Wisłą - obszar wiejski","parentId":"071422520043","level":6,"kind":"5","hasDescription":true},{"id":"071422520052","name":"Dzierzążnia","parentId":"071422520000","level":6,"kind":"2","hasDescription":false},{"id":"071422520062","name":"Joniec","parentId":"071422520000","level":6,"kind":"2","hasDescription":false},{"id":"071422520072","name":"Naruszewo","parentId":"071422520000","level":6,"kind":"2","hasDescription":false},{"id":"071422520082","name":"Nowe Miasto","parentId":"071422520000","level":6,"kind":"2","hasDescription":true},{"id":"071422520083","name":"Nowe Miasto","parentId":"071422520000","level":6,"kind":"3","hasDescription":true},{"id":"071422520084","name":"Nowe Miasto - miasto","parentId":"071422520083","level":6,"kind":"4","hasDescription":true},{"id":"071422520085","name":"Nowe Miasto - obszar wiejski","parentId":"071422520083","level":6,"kind":"5","hasDescription":true},{"id":"071422520092","name":"Płońsk","parentId":"071422520000","level":6,"kind":"2","hasDescription":false},{"id":"071422520102","name":"Raciąż","parentId":"071422520000","level":6,"kind":"2","hasDescription":false},{"id":"071422520112","name":"Sochocin","parentId":"071422520000","level":6,"kind":"2","hasDescription":true},{"id":"071422520113","name":"Sochocin","parentId":"071422520000","level":6,"kind":"3","hasDescription":true},{"id":"071422520114","name":"Sochocin - miasto","parentId":"071422520113","level":6,"kind":"4","hasDescription":true},{"id":"071422520115","name":"Sochocin - obszar wiejski","parentId":"071422520113","level":6,"kind":"5","hasDescription":true},{"id":"071422520122","name":"Załuski","parentId":"071422520000","level":6,"kind":"2","hasDescription":false},{"id":"071422524012","name":"Gzy","parentId":"071422524000","level":6,"kind":"2","hasDescription":false},{"id":"071422524022","name":"Obryte","parentId":"071422524000","level":6,"kind":"2","hasDescription":false},{"id":"071422524032","name":"Pokrzywnica","parentId":"071422524000","level":6,"kind":"2","hasDescription":false},{"id":"071422524043","name":"Pułtusk","parentId":"071422524000","level":6,"kind":"3","hasDescription":false},{"id":"071422524044","name":"Pułtusk - miasto","parentId":"071422524043","level":6,"kind":"4","hasDescription":false},{"id":"071422524045","name":"Pułtusk - obszar wiejski","parentId":"071422524043","level":6,"kind":"5","hasDescription":false},{"id":"071422524052","name":"Świercze","parentId":"071422524000","level":6,"kind":"2","hasDescription":false},{"id":"071422524062","name":"Winnica","parentId":"071422524000","level":6,"kind":"2","hasDescription":false},{"id":"071422524072","name":"Zatory","parentId":"071422524000","level":6,"kind":"2","hasDescription":false},{"id":"071422537013","name":"Bieżuń","parentId":"071422537000","level":6,"kind":"3","hasDescription":false},{"id":"071422537014","name":"Bieżuń - miasto","parentId":"071422537013","level":6,"kind":"4","hasDescription":false},{"id":"071422537015","name":"Bieżuń - obszar wiejski","parentId":"071422537013","level":6,"kind":"5","hasDescription":false},{"id":"071422537022","name":"Kuczbork-Osada","parentId":"071422537000","level":6,"kind":"2","hasDescription":false},{"id":"071422537032","name":"Lubowidz","parentId":"071422537000","level":6,"kind":"2","hasDescription":true},{"id":"071422537033","name":"Lubowidz","parentId":"071422537000","level":6,"kind":"3","hasDescription":true},{"id":"071422537034","name":"Lubowidz - miasto","parentId":"071422537033","level":6,"kind":"4","hasDescription":true},{"id":"071422537035","name":"Lubowidz - obszar wiejski","parentId":"071422537033","level":6,"kind":"5","hasDescription":true},{"id":"071422537042","name":"Lutocin","parentId":"071422537000","level":6,"kind":"2","hasDescription":false},{"id":"071422537052","name":"Siemiątkowo","parentId":"071422537000","level":6,"kind":"2","hasDescription":true},{"id":"071422537063","name":"Żuromin","parentId":"071422537000","level":6,"kind":"3","hasDescription":false},{"id":"071422537064","name":"Żuromin - miasto","parentId":"071422537063","level":6,"kind":"4","hasDescription":false},{"id":"071422537065","name":"Żuromin - obszar wiejski","parentId":"071422537063","level":6,"kind":"5","hasDescription":false},{"id":"071422611011","name":"Maków Mazowiecki","parentId":"071422611000","level":6,"kind":"1","hasDescription":false},{"id":"071422611022","name":"Czerwonka","parentId":"071422611000","level":6,"kind":"2","hasDescription":false},{"id":"071422611032","name":"Karniewo","parentId":"071422611000","level":6,"kind":"2","hasDescription":false},{"id":"071422611042","name":"Krasnosielc","parentId":"071422611000","level":6,"kind":"2","hasDescription":false},{"id":"071422611052","name":"Młynarze","parentId":"071422611000","level":6,"kind":"2","hasDescription":false},{"id":"071422611062","name":"Płoniawy-Bramura","parentId":"071422611000","level":6,"kind":"2","hasDescription":false},{"id":"071422611073","name":"Różan","parentId":"071422611000","level":6,"kind":"3","hasDescription":false},{"id":"071422611074","name":"Różan - miasto","parentId":"071422611073","level":6,"kind":"4","hasDescription":false},{"id":"071422611075","name":"Różan - obszar wiejski","parentId":"071422611073","level":6,"kind":"5","hasDescription":false},{"id":"071422611082","name":"Rzewnie","parentId":"071422611000","level":6,"kind":"2","hasDescription":false},{"id":"071422611092","name":"Sypniewo","parentId":"071422611000","level":6,"kind":"2","hasDescription":false},{"id":"071422611102","name":"Szelków","parentId":"071422611000","level":6,"kind":"2","hasDescription":false},{"id":"071422615012","name":"Baranowo","parentId":"071422615000","level":6,"kind":"2","hasDescription":false},{"id":"071422615022","name":"Czarnia","parentId":"071422615000","level":6,"kind":"2","hasDescription":false},{"id":"071422615032","name":"Czerwin","parentId":"071422615000","level":6,"kind":"2","hasDescription":false},{"id":"071422615042","name":"Goworowo","parentId":"071422615000","level":6,"kind":"2","hasDescription":false},{"id":"071422615052","name":"Kadzidło","parentId":"071422615000","level":6,"kind":"2","hasDescription":false},{"id":"071422615062","name":"Lelis","parentId":"071422615000","level":6,"kind":"2","hasDescription":false},{"id":"071422615072","name":"Łyse","parentId":"071422615000","level":6,"kind":"2","hasDescription":false},{"id":"071422615083","name":"Myszyniec","parentId":"071422615000","level":6,"kind":"3","hasDescription":false},{"id":"071422615084","name":"Myszyniec - miasto","parentId":"071422615083","level":6,"kind":"4","hasDescription":false},{"id":"071422615085","name":"Myszyniec - obszar wiejski","parentId":"071422615083","level":6,"kind":"5","hasDescription":false},{"id":"071422615092","name":"Olszewo-Borki","parentId":"071422615000","level":6,"kind":"2","hasDescription":false},{"id":"071422615102","name":"Rzekuń","parentId":"071422615000","level":6,"kind":"2","hasDescription":false},{"id":"071422615112","name":"Troszyn","parentId":"071422615000","level":6,"kind":"2","hasDescription":false},{"id":"071422616011","name":"Ostrów Mazowiecka","parentId":"071422616000","level":6,"kind":"1","hasDescription":false},{"id":"071422616022","name":"Andrzejewo","parentId":"071422616000","level":6,"kind":"2","hasDescription":false},{"id":"071422616032","name":"Boguty-Pianki","parentId":"071422616000","level":6,"kind":"2","hasDescription":false},{"id":"071422616043","name":"Brok","parentId":"071422616000","level":6,"kind":"3","hasDescription":false},{"id":"071422616044","name":"Brok - miasto","parentId":"071422616043","level":6,"kind":"4","hasDescription":false},{"id":"071422616045","name":"Brok - obszar wiejski","parentId":"071422616043","level":6,"kind":"5","hasDescription":false},{"id":"071422616052","name":"Małkinia Górna","parentId":"071422616000","level":6,"kind":"2","hasDescription":false},{"id":"071422616062","name":"Nur","parentId":"071422616000","level":6,"kind":"2","hasDescription":false},{"id":"071422616072","name":"Ostrów Mazowiecka","parentId":"071422616000","level":6,"kind":"2","hasDescription":false},{"id":"071422616082","name":"Stary Lubotyń","parentId":"071422616000","level":6,"kind":"2","hasDescription":false},{"id":"071422616092","name":"Szulborze Wielkie","parentId":"071422616000","level":6,"kind":"2","hasDescription":false},{"id":"071422616102","name":"Wąsewo","parentId":"071422616000","level":6,"kind":"2","hasDescription":false},{"id":"071422616112","name":"Zaręby Kościelne","parentId":"071422616000","level":6,"kind":"2","hasDescription":false},{"id":"071422622011","name":"Przasnysz","parentId":"071422622000","level":6,"kind":"1","hasDescription":false},{"id":"071422622023","name":"Chorzele","parentId":"071422622000","level":6,"kind":"3","hasDescription":false},{"id":"071422622024","name":"Chorzele - miasto","parentId":"071422622023","level":6,"kind":"4","hasDescription":false},{"id":"071422622025","name":"Chorzele - obszar wiejski","parentId":"071422622023","level":6,"kind":"5","hasDescription":false},{"id":"071422622032","name":"Czernice Borowe","parentId":"071422622000","level":6,"kind":"2","hasDescription":false}]}