{"totalRecords":4157,"page":17,"pageSize":100,"links":{"first":"https://bdl.stat.gov.pl/api/v1/units?level=6&page-size=100&format=json&page=0","prev":"https://bdl.stat.gov.pl/api/v1/units?level=6&page-size=100&format=json&page=16","self":"https://bdl.stat.gov.pl/api/v1/units?level=6&page-size=100&format=json&page=17","next":"https://bdl.stat.gov.pl/api/v1/units?level=6&page-size=100&format=json&page=18","last":"https://bdl.stat.gov.pl/api/v1/units?level=6&page-size=100&format=json&page=41"},"results":[{"id":"031613107075","name":"Paczków - obszar wiejski","parentId":"031613107073","level":6,"kind":"5","hasDescription":false},{"id":"031613107082","name":"Pakosławice","parentId":"031613107000","level":6,"kind":"2","hasDescription":false},{"id":"031613107092","name":"Skoroszyce","parentId":"031613107000","level":6,"kind":"2","hasDescription":false},{"id":"031613110013","name":"Biała","parentId":"031613110000","level":6,"kind":"3","hasDescription":false},{"id":"031613110014","name":"Biała - miasto","parentId":"031613110013","level":6,"kind":"4","hasDescription":false},{"id":"031613110015","name":"Biała - obszar wiejski","parentId":"031613110013","level":6,"kind":"5","hasDescription":false},{"id":"031613110023","name":"Głogówek","parentId":"031613110000","level":6,"kind":"3","hasDescription":false},{"id":"031613110024","name":"Głogówek - miasto","parentId":"031613110023","level":6,"kind":"4","hasDescription":false},{"id":"031613110025","name":"Głogówek - obszar wiejski","parentId":"031613110023","level":6,"kind":"5","hasDescription":false},{"id":"031613110032","name":"Lubrza","parentId":"031613110000","level":6,"kind":"2","hasDescription":false},{"id":"031613110043","name":"Prudnik","parentId":"031613110000","level":6,"kind":"3","hasDescription":false},{"id":"031613110044","name":"Prudnik - miasto","parentId":"031613110043","level":6,"kind":"4","hasDescription":false},{"id":"031613110045","name":"Prudnik - obszar wiejski","parentId":"031613110043","level":6,"kind":"5","hasDescription":false},{"id":"031613203011","name":"Kędzierzyn-Koźle","parentId":"031613203000","level":6,"kind":"1","hasDescription":false},{"id":"031613203022","name":"Bierawa","parentId":"031613203000","level":6,"kind":"2","hasDescription":false},{"id":"031613203032","name":"Cisek","parentId":"031613203000","level":6,"kind":"2","hasDescription":false},{"id":"031613203042","name":"Pawłowiczki","parentId":"031613203000","level":6,"kind":"2","hasDescription":false},{"id":"031613203052","name":"Polska Cerekiew","parentId":"031613203000","level":6,"kind":"2","hasDescription":false},{"id":"031613203062","name":"Reńska Wieś","parentId":"031613203000","level":6,"kind":"2","hasDescription":false},{"id":"031613204013","name":"Byczyna","parentId":"031613204000","level":6,"kind":"3","hasDescription":false},{"id":"031613204014","name":"Byczyna - miasto","parentId":"031613204013","level":6,"kind":"4","hasDescription":false},{"id":"031613204015","name":"Byczyna - obszar wiejski","parentId":"031613204013","level":6,"kind":"5","hasDescription":false},{"id":"031613204023","name":"Kluczbork","parentId":"031613204000","level":6,"kind":"3","hasDescription":false},{"id":"031613204024","name":"Kluczbork - miasto","parentId":"031613204023","level":6,"kind":"4","hasDescription":false},{"id":"031613204025","name":"Kluczbork - obszar wiejski","parentId":"031613204023","level":6,"kind":"5","hasDescription":false},{"id":"031613204032","name":"Lasowice Wielkie","parentId":"031613204000","level":6,"kind":"2","hasDescription":false},{"id":"031613204043","name":"Wołczyn","parentId":"031613204000","level":6,"kind":"3","hasDescription":false},{"id":"031613204044","name":"Wołczyn - miasto","parentId":"031613204043","level":6,"kind":"4","hasDescription":false},{"id":"031613204045","name":"Wołczyn - obszar wiejski","parentId":"031613204043","level":6,"kind":"5","hasDescription":false},{"id":"031613205013","name":"Gogolin","parentId":"031613205000","level":6,"kind":"3","hasDescription":false},{"id":"031613205014","name":"Gogolin - miasto","parentId":"031613205013","level":6,"kind":"4","hasDescription":false},{"id":"031613205015","name":"Gogolin - obszar wiejski","parentId":"031613205013","level":6,"kind":"5","hasDescription":false},{"id":"031613205023","name":"Krapkowice","parentId":"031613205000","level":6,"kind":"3","hasDescription":false},{"id":"031613205024","name":"Krapkowice - miasto","parentId":"031613205023","level":6,"kind":"4","hasDescription":false},{"id":"031613205025","name":"Krapkowice - obszar wiejski","parentId":"031613205023","level":6,"kind":"5","hasDescription":false},{"id":"031613205032","name":"Strzeleczki","parentId":"031613205000","level":6,"kind":"2","hasDescription":true},{"id":"031613205033","name":"Strzeleczki","parentId":"031613205000","level":6,"kind":"3","hasDescription":true},{"id":"031613205034","name":"Strzeleczki - miasto","parentId":"031613205033","level":6,"kind":"4","hasDescription":true},{"id":"031613205035","name":"Strzeleczki - obszar wiejski","parentId":"031613205033","level":6,"kind":"5","hasDescription":true},{"id":"031613205042","name":"Walce","parentId":"031613205000","level":6,"kind":"2","hasDescription":false},{"id":"031613205053","name":"Zdzieszowice","parentId":"031613205000","level":6,"kind":"3","hasDescription":false},{"id":"031613205054","name":"Zdzieszowice - miasto","parentId":"031613205053","level":6,"kind":"4","hasDescription":false},{"id":"031613205055","name":"Zdzieszowice - obszar wiejski","parentId":"031613205053","level":6,"kind":"5","hasDescription":false},{"id":"031613208013","name":"Dobrodzień","parentId":"031613208000","level":6,"kind":"3","hasDescription":false},{"id":"031613208014","name":"Dobrodzień - miasto","parentId":"031613208013","level":6,"kind":"4","hasDescription":false},{"id":"031613208015","name":"Dobrodzień - obszar wiejski","parentId":"031613208013","level":6,"kind":"5","hasDescription":false},{"id":"031613208023","name":"Gorzów Śląski","parentId":"031613208000","level":6,"kind":"3","hasDescription":false},{"id":"031613208024","name":"Gorzów Śląski - miasto","parentId":"031613208023","level":6,"kind":"4","hasDescription":false},{"id":"031613208025","name":"Gorzów Śląski - obszar wiejski","parentId":"031613208023","level":6,"kind":"5","hasDescription":false},{"id":"031613208033","name":"Olesno","parentId":"031613208000","level":6,"kind":"3","hasDescription":false},{"id":"031613208034","name":"Olesno - miasto","parentId":"031613208033","level":6,"kind":"4","hasDescription":false},{"id":"031613208035","name":"Olesno - obszar wiejski","parentId":"031613208033","level":6,"kind":"5","hasDescription":false},{"id":"031613208043","name":"Praszka","parentId":"031613208000","level":6,"kind":"3","hasDescription":false},{"id":"031613208044","name":"Praszka - miasto","parentId":"031613208043","level":6,"kind":"4","hasDescription":false},{"id":"031613208045","name":"Praszka - obszar wiejski","parentId":"031613208043","level":6,"kind":"5","hasDescription":false},{"id":"031613208052","name":"Radłów","parentId":"031613208000","level":6,"kind":"2","hasDescription":false},{"id":"031613208062","name":"Rudniki","parentId":"031613208000","level":6,"kind":"2","hasDescription":false},{"id":"031613208072","name":"Zębowice","parentId":"031613208000","level":6,"kind":"2","hasDescription":false},{"id":"031613209012","name":"Chrząstowice","parentId":"031613209000","level":6,"kind":"2","hasDescription":false},{"id":"031613209022","name":"Dąbrowa","parentId":"031613209000","level":6,"kind":"2","hasDescription":false},{"id":"031613209032","name":"Dobrzeń Wielki","parentId":"031613209000","level":6,"kind":"2","hasDescription":false},{"id":"031613209042","name":"Komprachcice","parentId":"031613209000","level":6,"kind":"2","hasDescription":false},{"id":"031613209052","name":"Łubniany","parentId":"031613209000","level":6,"kind":"2","hasDescription":false},{"id":"031613209062","name":"Murów","parentId":"031613209000","level":6,"kind":"2","hasDescription":false},{"id":"031613209073","name":"Niemodlin","parentId":"031613209000","level":6,"kind":"3","hasDescription":false},{"id":"031613209074","name":"Niemodlin - miasto","parentId":"031613209073","level":6,"kind":"4","hasDescription":false},{"id":"031613209075","name":"Niemodlin - obszar wiejski","parentId":"031613209073","level":6,"kind":"5","hasDescription":false},{"id":"031613209083","name":"Ozimek","parentId":"031613209000","level":6,"kind":"3","hasDescription":false},{"id":"031613209084","name":"Ozimek - miasto","parentId":"031613209083","level":6,"kind":"4","hasDescription":false},{"id":"031613209085","name":"Ozimek - obszar wiejski","parentId":"031613209083","level":6,"kind":"5","hasDescription":false},{"id":"031613209092","name":"Popielów","parentId":"031613209000","level":6,"kind":"2","hasDescription":false},{"id":"031613209102","name":"Prószków","parentId":"031613209000","level":6,"kind":"2","hasDescription":true},{"id":"031613209103","name":"Prószków","parentId":"031613209000","level":6,"kind":"3","hasDescription":true},{"id":"031613209104","name":"Prószków - miasto","parentId":"031613209103","level":6,"kind":"4","hasDescription":true},{"id":"031613209105","name":"Prószków - obszar wiejski","parentId":"031613209103","level":6,"kind":"5","hasDescription":true},{"id":"031613209112","name":"Tarnów Opolski","parentId":"031613209000","level":6,"kind":"2","hasDescription":false},{"id":"031613209122","name":"Tułowice","parentId":"031613209000","level":6,"kind":"2","hasDescription":true},{"id":"031613209123","name":"Tułowice","parentId":"031613209000","level":6,"kind":"3","hasDescription":true},{"id":"031613209124","name":"Tułowice - miasto","parentId":"031613209123","level":6,"kind":"4","hasDescription":true},{"id":"031613209125","name":"Tułowice - obszar wiejski","parentId":"031613209123","level":6,"kind":"5","hasDescription":true},{"id":"031613209132","name":"Turawa","parentId":"031613209000","level":6,"kind":"2","hasDescription":false},{"id":"031613211012","name":"Izbicko","parentId":"031613211000","level":6,"kind":"2","hasDescription":false},{"id":"031613211022","name":"Jemielnica","parentId":"031613211000","level":6,"kind":"2","hasDescription":false},{"id":"031613211033","name":"Kolonowskie","parentId":"031613211000","level":6,"kind":"3","hasDescription":false},{"id":"031613211034","name":"Kolonowskie - miasto","parentId":"031613211033","level":6,"kind":"4","hasDescription":false},{"id":"031613211035","name":"Kolonowskie - obszar wiejski","parentId":"031613211033","level":6,"kind":"5","hasDescription":false},{"id":"031613211043","name":"Leśnica","parentId":"031613211000","level":6,"kind":"3","hasDescription":false},{"id":"031613211044","name":"Leśnica - miasto","parentId":"031613211043","level":6,"kind":"4","hasDescription":false},{"id":"031613211045","name":"Leśnica - obszar wiejski","parentId":"031613211043","level":6,"kind":"5","hasDescription":false},{"id":"031613211053","name":"Strzelce Opolskie","parentId":"031613211000","level":6,"kind":"3","hasDescription":false},{"id":"031613211054","name":"Strzelce Opolskie - miasto","parentId":"031613211053","level":6,"kind":"4","hasDescription":false},{"id":"031613211055","name":"Strzelce Opolskie - obszar wiejski","parentId":"031613211053","level":6,"kind":"5","hasDescription":false},{"id":"031613211063","name":"Ujazd","parentId":"031613211000","level":6,"kind":"3","hasDescription":false},{"id":"031613211064","name":"Ujazd - miasto","parentId":"031613211063","level":6,"kind":"4","hasDescription":false},{"id":"031613211065","name":"Ujazd - obszar wiejski","parentId":"031613211063","level":6,"kind":"5","hasDescription":false},{"id":"031613211073","name":"Zawadzkie","parentId":"031613211000","level":6,"kind":"3","hasDescription":false},{"id":"031613211074","name":"Zawadzkie - miasto","parentId":"031613211073","level":6,"kind":"4","hasDescription":false},{"id":"031613211075","name":"Zawadzkie - obszar wiejski","parentId":"031613211073","level":6,"kind":"5","hasDescription":false},{"id":"031613261011","name":"Opole","parentId":"031613261000","level":6,"kind":"1","hasDescription":true},{"id":"040410603012","name":"Białe Błota","parentId":"040410603000","level":6,"kind":"2","hasDescription":false}]}