{"totalRecords":4157,"page":16,"pageSize":100,"links":{"first":"https://bdl.stat.gov.pl/api/v1/units?level=6&page-size=100&format=json&page=0","prev":"https://bdl.stat.gov.pl/api/v1/units?level=6&page-size=100&format=json&page=15","self":"https://bdl.stat.gov.pl/api/v1/units?level=6&page-size=100&format=json&page=16","next":"https://bdl.stat.gov.pl/api/v1/units?level=6&page-size=100&format=json&page=17","last":"https://bdl.stat.gov.pl/api/v1/units?level=6&page-size=100&format=json&page=41"},"results":[{"id":"030210417022","name":"Kondratowice","parentId":"030210417000","level":6,"kind":"2","hasDescription":false},{"id":"030210417032","name":"Przeworno","parentId":"030210417000","level":6,"kind":"2","hasDescription":false},{"id":"030210417043","name":"Strzelin","parentId":"030210417000","level":6,"kind":"3","hasDescription":false},{"id":"030210417044","name":"Strzelin - miasto","parentId":"030210417043","level":6,"kind":"4","hasDescription":false},{"id":"030210417045","name":"Strzelin - obszar wiejski","parentId":"030210417043","level":6,"kind":"5","hasDescription":false},{"id":"030210417053","name":"Wiązów","parentId":"030210417000","level":6,"kind":"3","hasDescription":false},{"id":"030210417054","name":"Wiązów - miasto","parentId":"030210417053","level":6,"kind":"4","hasDescription":false},{"id":"030210417055","name":"Wiązów - obszar wiejski","parentId":"030210417053","level":6,"kind":"5","hasDescription":false},{"id":"030210418012","name":"Kostomłoty","parentId":"030210418000","level":6,"kind":"2","hasDescription":false},{"id":"030210418022","name":"Malczyce","parentId":"030210418000","level":6,"kind":"2","hasDescription":false},{"id":"030210418032","name":"Miękinia","parentId":"030210418000","level":6,"kind":"2","hasDescription":true},{"id":"030210418033","name":"Miękinia","parentId":"030210418000","level":6,"kind":"3","hasDescription":true},{"id":"030210418034","name":"Miękinia - miasto","parentId":"030210418033","level":6,"kind":"4","hasDescription":true},{"id":"030210418035","name":"Miękinia - obszar wiejski","parentId":"030210418033","level":6,"kind":"5","hasDescription":true},{"id":"030210418043","name":"Środa Śląska","parentId":"030210418000","level":6,"kind":"3","hasDescription":false},{"id":"030210418044","name":"Środa Śląska - miasto","parentId":"030210418043","level":6,"kind":"4","hasDescription":false},{"id":"030210418045","name":"Środa Śląska - obszar wiejski","parentId":"030210418043","level":6,"kind":"5","hasDescription":false},{"id":"030210418052","name":"Udanin","parentId":"030210418000","level":6,"kind":"2","hasDescription":false},{"id":"030210420013","name":"Oborniki Śląskie","parentId":"030210420000","level":6,"kind":"3","hasDescription":false},{"id":"030210420014","name":"Oborniki Śląskie - miasto","parentId":"030210420013","level":6,"kind":"4","hasDescription":false},{"id":"030210420015","name":"Oborniki Śląskie - obszar wiejski","parentId":"030210420013","level":6,"kind":"5","hasDescription":false},{"id":"030210420022","name":"Prusice","parentId":"030210420000","level":6,"kind":"2","hasDescription":true},{"id":"030210420023","name":"Prusice","parentId":"030210420000","level":6,"kind":"3","hasDescription":true},{"id":"030210420024","name":"Prusice - miasto","parentId":"030210420023","level":6,"kind":"4","hasDescription":true},{"id":"030210420025","name":"Prusice - obszar wiejski","parentId":"030210420023","level":6,"kind":"5","hasDescription":true},{"id":"030210420033","name":"Trzebnica","parentId":"030210420000","level":6,"kind":"3","hasDescription":false},{"id":"030210420034","name":"Trzebnica - miasto","parentId":"030210420033","level":6,"kind":"4","hasDescription":false},{"id":"030210420035","name":"Trzebnica - obszar wiejski","parentId":"030210420033","level":6,"kind":"5","hasDescription":false},{"id":"030210420042","name":"Wisznia Mała","parentId":"030210420000","level":6,"kind":"2","hasDescription":false},{"id":"030210420052","name":"Zawonia","parentId":"030210420000","level":6,"kind":"2","hasDescription":false},{"id":"030210420063","name":"Żmigród","parentId":"030210420000","level":6,"kind":"3","hasDescription":false},{"id":"030210420064","name":"Żmigród - miasto","parentId":"030210420063","level":6,"kind":"4","hasDescription":false},{"id":"030210420065","name":"Żmigród - obszar wiejski","parentId":"030210420063","level":6,"kind":"5","hasDescription":false},{"id":"030210422013","name":"Brzeg Dolny","parentId":"030210422000","level":6,"kind":"3","hasDescription":false},{"id":"030210422014","name":"Brzeg Dolny - miasto","parentId":"030210422013","level":6,"kind":"4","hasDescription":false},{"id":"030210422015","name":"Brzeg Dolny - obszar wiejski","parentId":"030210422013","level":6,"kind":"5","hasDescription":false},{"id":"030210422022","name":"Wińsko","parentId":"030210422000","level":6,"kind":"2","hasDescription":false},{"id":"030210422033","name":"Wołów","parentId":"030210422000","level":6,"kind":"3","hasDescription":false},{"id":"030210422034","name":"Wołów - miasto","parentId":"030210422033","level":6,"kind":"4","hasDescription":false},{"id":"030210422035","name":"Wołów - obszar wiejski","parentId":"030210422033","level":6,"kind":"5","hasDescription":false},{"id":"030210423012","name":"Czernica","parentId":"030210423000","level":6,"kind":"2","hasDescription":false},{"id":"030210423022","name":"Długołęka","parentId":"030210423000","level":6,"kind":"2","hasDescription":false},{"id":"030210423032","name":"Jordanów Śląski","parentId":"030210423000","level":6,"kind":"2","hasDescription":false},{"id":"030210423043","name":"Kąty Wrocławskie","parentId":"030210423000","level":6,"kind":"3","hasDescription":false},{"id":"030210423044","name":"Kąty Wrocławskie - miasto","parentId":"030210423043","level":6,"kind":"4","hasDescription":false},{"id":"030210423045","name":"Kąty Wrocławskie - obszar wiejski","parentId":"030210423043","level":6,"kind":"5","hasDescription":false},{"id":"030210423052","name":"Kobierzyce","parentId":"030210423000","level":6,"kind":"2","hasDescription":false},{"id":"030210423062","name":"Mietków","parentId":"030210423000","level":6,"kind":"2","hasDescription":false},{"id":"030210423073","name":"Sobótka","parentId":"030210423000","level":6,"kind":"3","hasDescription":false},{"id":"030210423074","name":"Sobótka - miasto","parentId":"030210423073","level":6,"kind":"4","hasDescription":false},{"id":"030210423075","name":"Sobótka - obszar wiejski","parentId":"030210423073","level":6,"kind":"5","hasDescription":false},{"id":"030210423082","name":"Święta Katarzyna","parentId":"030210423000","level":6,"kind":"2","hasDescription":true},{"id":"030210423083","name":"Siechnice","parentId":"030210423000","level":6,"kind":"3","hasDescription":true},{"id":"030210423084","name":"Siechnice - miasto","parentId":"030210423083","level":6,"kind":"4","hasDescription":true},{"id":"030210423085","name":"Siechnice - obszar wiejski","parentId":"030210423083","level":6,"kind":"5","hasDescription":true},{"id":"030210423092","name":"Żórawina","parentId":"030210423000","level":6,"kind":"2","hasDescription":false},{"id":"030210564011","name":"Wrocław","parentId":"030210564000","level":6,"kind":"1","hasDescription":false},{"id":"031613101011","name":"Brzeg","parentId":"031613101000","level":6,"kind":"1","hasDescription":false},{"id":"031613101022","name":"Skarbimierz","parentId":"031613101000","level":6,"kind":"2","hasDescription":true},{"id":"031613101033","name":"Grodków","parentId":"031613101000","level":6,"kind":"3","hasDescription":false},{"id":"031613101034","name":"Grodków - miasto","parentId":"031613101033","level":6,"kind":"4","hasDescription":false},{"id":"031613101035","name":"Grodków - obszar wiejski","parentId":"031613101033","level":6,"kind":"5","hasDescription":false},{"id":"031613101043","name":"Lewin Brzeski","parentId":"031613101000","level":6,"kind":"3","hasDescription":false},{"id":"031613101044","name":"Lewin Brzeski - miasto","parentId":"031613101043","level":6,"kind":"4","hasDescription":false},{"id":"031613101045","name":"Lewin Brzeski - obszar wiejski","parentId":"031613101043","level":6,"kind":"5","hasDescription":false},{"id":"031613101052","name":"Lubsza","parentId":"031613101000","level":6,"kind":"2","hasDescription":false},{"id":"031613101062","name":"Olszanka","parentId":"031613101000","level":6,"kind":"2","hasDescription":false},{"id":"031613102013","name":"Baborów","parentId":"031613102000","level":6,"kind":"3","hasDescription":false},{"id":"031613102014","name":"Baborów - miasto","parentId":"031613102013","level":6,"kind":"4","hasDescription":false},{"id":"031613102015","name":"Baborów - obszar wiejski","parentId":"031613102013","level":6,"kind":"5","hasDescription":false},{"id":"031613102022","name":"Branice","parentId":"031613102000","level":6,"kind":"2","hasDescription":false},{"id":"031613102033","name":"Głubczyce","parentId":"031613102000","level":6,"kind":"3","hasDescription":false},{"id":"031613102034","name":"Głubczyce - miasto","parentId":"031613102033","level":6,"kind":"4","hasDescription":false},{"id":"031613102035","name":"Głubczyce - obszar wiejski","parentId":"031613102033","level":6,"kind":"5","hasDescription":false},{"id":"031613102043","name":"Kietrz","parentId":"031613102000","level":6,"kind":"3","hasDescription":false},{"id":"031613102044","name":"Kietrz - miasto","parentId":"031613102043","level":6,"kind":"4","hasDescription":false},{"id":"031613102045","name":"Kietrz - obszar wiejski","parentId":"031613102043","level":6,"kind":"5","hasDescription":false},{"id":"031613106012","name":"Domaszowice","parentId":"031613106000","level":6,"kind":"2","hasDescription":false},{"id":"031613106023","name":"Namysłów","parentId":"031613106000","level":6,"kind":"3","hasDescription":false},{"id":"031613106024","name":"Namysłów - miasto","parentId":"031613106023","level":6,"kind":"4","hasDescription":false},{"id":"031613106025","name":"Namysłów - obszar wiejski","parentId":"031613106023","level":6,"kind":"5","hasDescription":false},{"id":"031613106032","name":"Pokój","parentId":"031613106000","level":6,"kind":"2","hasDescription":false},{"id":"031613106042","name":"Świerczów","parentId":"031613106000","level":6,"kind":"2","hasDescription":false},{"id":"031613106052","name":"Wilków","parentId":"031613106000","level":6,"kind":"2","hasDescription":false},{"id":"031613107013","name":"Głuchołazy","parentId":"031613107000","level":6,"kind":"3","hasDescription":false},{"id":"031613107014","name":"Głuchołazy - miasto","parentId":"031613107013","level":6,"kind":"4","hasDescription":false},{"id":"031613107015","name":"Głuchołazy - obszar wiejski","parentId":"031613107013","level":6,"kind":"5","hasDescription":false},{"id":"031613107022","name":"Kamiennik","parentId":"031613107000","level":6,"kind":"2","hasDescription":false},{"id":"031613107033","name":"Korfantów","parentId":"031613107000","level":6,"kind":"3","hasDescription":false},{"id":"031613107034","name":"Korfantów - miasto","parentId":"031613107033","level":6,"kind":"4","hasDescription":false},{"id":"031613107035","name":"Korfantów - obszar wiejski","parentId":"031613107033","level":6,"kind":"5","hasDescription":false},{"id":"031613107042","name":"Łambinowice","parentId":"031613107000","level":6,"kind":"2","hasDescription":false},{"id":"031613107053","name":"Nysa","parentId":"031613107000","level":6,"kind":"3","hasDescription":false},{"id":"031613107054","name":"Nysa - miasto","parentId":"031613107053","level":6,"kind":"4","hasDescription":false},{"id":"031613107055","name":"Nysa - obszar wiejski","parentId":"031613107053","level":6,"kind":"5","hasDescription":false},{"id":"031613107063","name":"Otmuchów","parentId":"031613107000","level":6,"kind":"3","hasDescription":false},{"id":"031613107064","name":"Otmuchów - miasto","parentId":"031613107063","level":6,"kind":"4","hasDescription":false},{"id":"031613107065","name":"Otmuchów - obszar wiejski","parentId":"031613107063","level":6,"kind":"5","hasDescription":false},{"id":"031613107073","name":"Paczków","parentId":"031613107000","level":6,"kind":"3","hasDescription":false},{"id":"031613107074","name":"Paczków - miasto","parentId":"031613107073","level":6,"kind":"4","hasDescription":false}]}