{"totalRecords":4157,"page":18,"pageSize":100,"links":{"first":"https://bdl.stat.gov.pl/api/v1/units?level=6&page-size=100&format=json&page=0","prev":"https://bdl.stat.gov.pl/api/v1/units?level=6&page-size=100&format=json&page=17","self":"https://bdl.stat.gov.pl/api/v1/units?level=6&page-size=100&format=json&page=18","next":"https://bdl.stat.gov.pl/api/v1/units?level=6&page-size=100&format=json&page=19","last":"https://bdl.stat.gov.pl/api/v1/units?level=6&page-size=100&format=json&page=41"},"results":[{"id":"040410603022","name":"Dąbrowa Chełmińska","parentId":"040410603000","level":6,"kind":"2","hasDescription":false},{"id":"040410603032","name":"Dobrcz","parentId":"040410603000","level":6,"kind":"2","hasDescription":false},{"id":"040410603043","name":"Koronowo","parentId":"040410603000","level":6,"kind":"3","hasDescription":false},{"id":"040410603044","name":"Koronowo - miasto","parentId":"040410603043","level":6,"kind":"4","hasDescription":false},{"id":"040410603045","name":"Koronowo - obszar wiejski","parentId":"040410603043","level":6,"kind":"5","hasDescription":false},{"id":"040410603052","name":"Nowa Wieś Wielka","parentId":"040410603000","level":6,"kind":"2","hasDescription":false},{"id":"040410603062","name":"Osielsko","parentId":"040410603000","level":6,"kind":"2","hasDescription":false},{"id":"040410603072","name":"Sicienko","parentId":"040410603000","level":6,"kind":"2","hasDescription":false},{"id":"040410603083","name":"Solec Kujawski","parentId":"040410603000","level":6,"kind":"3","hasDescription":false},{"id":"040410603084","name":"Solec Kujawski - miasto","parentId":"040410603083","level":6,"kind":"4","hasDescription":false},{"id":"040410603085","name":"Solec Kujawski - obszar wiejski","parentId":"040410603083","level":6,"kind":"5","hasDescription":false},{"id":"040410615011","name":"Chełmża","parentId":"040410615000","level":6,"kind":"1","hasDescription":false},{"id":"040410615022","name":"Chełmża","parentId":"040410615000","level":6,"kind":"2","hasDescription":false},{"id":"040410615032","name":"Czernikowo","parentId":"040410615000","level":6,"kind":"2","hasDescription":false},{"id":"040410615042","name":"Lubicz","parentId":"040410615000","level":6,"kind":"2","hasDescription":false},{"id":"040410615052","name":"Łubianka","parentId":"040410615000","level":6,"kind":"2","hasDescription":false},{"id":"040410615062","name":"Łysomice","parentId":"040410615000","level":6,"kind":"2","hasDescription":false},{"id":"040410615072","name":"Obrowo","parentId":"040410615000","level":6,"kind":"2","hasDescription":false},{"id":"040410615082","name":"Wielka Nieszawka","parentId":"040410615000","level":6,"kind":"2","hasDescription":false},{"id":"040410615092","name":"Zławieś Wielka","parentId":"040410615000","level":6,"kind":"2","hasDescription":false},{"id":"040410661011","name":"Bydgoszcz","parentId":"040410661000","level":6,"kind":"1","hasDescription":false},{"id":"040410663011","name":"Toruń","parentId":"040410663000","level":6,"kind":"1","hasDescription":false},{"id":"040410702011","name":"Brodnica","parentId":"040410702000","level":6,"kind":"1","hasDescription":false},{"id":"040410702022","name":"Bobrowo","parentId":"040410702000","level":6,"kind":"2","hasDescription":false},{"id":"040410702032","name":"Brodnica","parentId":"040410702000","level":6,"kind":"2","hasDescription":false},{"id":"040410702042","name":"Brzozie","parentId":"040410702000","level":6,"kind":"2","hasDescription":false},{"id":"040410702053","name":"Górzno","parentId":"040410702000","level":6,"kind":"3","hasDescription":false},{"id":"040410702054","name":"Górzno - miasto","parentId":"040410702053","level":6,"kind":"4","hasDescription":false},{"id":"040410702055","name":"Górzno - obszar wiejski","parentId":"040410702053","level":6,"kind":"5","hasDescription":false},{"id":"040410702062","name":"Bartniczka","parentId":"040410702000","level":6,"kind":"2","hasDescription":true},{"id":"040410702073","name":"Jabłonowo Pomorskie","parentId":"040410702000","level":6,"kind":"3","hasDescription":false},{"id":"040410702074","name":"Jabłonowo Pomorskie - miasto","parentId":"040410702073","level":6,"kind":"4","hasDescription":false},{"id":"040410702075","name":"Jabłonowo Pomorskie - obszar wiejski","parentId":"040410702073","level":6,"kind":"5","hasDescription":false},{"id":"040410702082","name":"Osiek","parentId":"040410702000","level":6,"kind":"2","hasDescription":false},{"id":"040410702092","name":"Świedziebnia","parentId":"040410702000","level":6,"kind":"2","hasDescription":false},{"id":"040410702102","name":"Zbiczno","parentId":"040410702000","level":6,"kind":"2","hasDescription":false},{"id":"040410704011","name":"Chełmno","parentId":"040410704000","level":6,"kind":"1","hasDescription":false},{"id":"040410704022","name":"Chełmno","parentId":"040410704000","level":6,"kind":"2","hasDescription":false},{"id":"040410704032","name":"Kijewo Królewskie","parentId":"040410704000","level":6,"kind":"2","hasDescription":false},{"id":"040410704042","name":"Lisewo","parentId":"040410704000","level":6,"kind":"2","hasDescription":false},{"id":"040410704052","name":"Papowo Biskupie","parentId":"040410704000","level":6,"kind":"2","hasDescription":false},{"id":"040410704062","name":"Stolno","parentId":"040410704000","level":6,"kind":"2","hasDescription":false},{"id":"040410704072","name":"Unisław","parentId":"040410704000","level":6,"kind":"2","hasDescription":false},{"id":"040410705011","name":"Golub-Dobrzyń","parentId":"040410705000","level":6,"kind":"1","hasDescription":false},{"id":"040410705022","name":"Ciechocin","parentId":"040410705000","level":6,"kind":"2","hasDescription":false},{"id":"040410705032","name":"Golub-Dobrzyń","parentId":"040410705000","level":6,"kind":"2","hasDescription":false},{"id":"040410705043","name":"Kowalewo Pomorskie","parentId":"040410705000","level":6,"kind":"3","hasDescription":false},{"id":"040410705044","name":"Kowalewo Pomorskie - miasto","parentId":"040410705043","level":6,"kind":"4","hasDescription":false},{"id":"040410705045","name":"Kowalewo Pomorskie - obszar wiejski","parentId":"040410705043","level":6,"kind":"5","hasDescription":false},{"id":"040410705052","name":"Radomin","parentId":"040410705000","level":6,"kind":"2","hasDescription":false},{"id":"040410705062","name":"Zbójno","parentId":"040410705000","level":6,"kind":"2","hasDescription":false},{"id":"040410706012","name":"Grudziądz","parentId":"040410706000","level":6,"kind":"2","hasDescription":false},{"id":"040410706022","name":"Gruta","parentId":"040410706000","level":6,"kind":"2","hasDescription":false},{"id":"040410706033","name":"Łasin","parentId":"040410706000","level":6,"kind":"3","hasDescription":false},{"id":"040410706034","name":"Łasin - miasto","parentId":"040410706033","level":6,"kind":"4","hasDescription":false},{"id":"040410706035","name":"Łasin - obszar wiejski","parentId":"040410706033","level":6,"kind":"5","hasDescription":false},{"id":"040410706043","name":"Radzyń Chełmiński","parentId":"040410706000","level":6,"kind":"3","hasDescription":false},{"id":"040410706044","name":"Radzyń Chełmiński - miasto","parentId":"040410706043","level":6,"kind":"4","hasDescription":false},{"id":"040410706045","name":"Radzyń Chełmiński - obszar wiejski","parentId":"040410706043","level":6,"kind":"5","hasDescription":false},{"id":"040410706052","name":"Rogóźno","parentId":"040410706000","level":6,"kind":"2","hasDescription":false},{"id":"040410706062","name":"Świecie nad Osą","parentId":"040410706000","level":6,"kind":"2","hasDescription":false},{"id":"040410712011","name":"Rypin","parentId":"040410712000","level":6,"kind":"1","hasDescription":false},{"id":"040410712022","name":"Brzuze","parentId":"040410712000","level":6,"kind":"2","hasDescription":false},{"id":"040410712032","name":"Rogowo","parentId":"040410712000","level":6,"kind":"2","hasDescription":false},{"id":"040410712042","name":"Rypin","parentId":"040410712000","level":6,"kind":"2","hasDescription":false},{"id":"040410712052","name":"Skrwilno","parentId":"040410712000","level":6,"kind":"2","hasDescription":false},{"id":"040410712062","name":"Wąpielsk","parentId":"040410712000","level":6,"kind":"2","hasDescription":false},{"id":"040410717011","name":"Wąbrzeźno","parentId":"040410717000","level":6,"kind":"1","hasDescription":false},{"id":"040410717022","name":"Dębowa Łąka","parentId":"040410717000","level":6,"kind":"2","hasDescription":false},{"id":"040410717032","name":"Książki","parentId":"040410717000","level":6,"kind":"2","hasDescription":false},{"id":"040410717042","name":"Płużnica","parentId":"040410717000","level":6,"kind":"2","hasDescription":false},{"id":"040410717052","name":"Ryńsk","parentId":"040410717000","level":6,"kind":"2","hasDescription":true},{"id":"040410762011","name":"Grudziądz","parentId":"040410762000","level":6,"kind":"1","hasDescription":false},{"id":"040410801011","name":"Aleksandrów Kujawski","parentId":"040410801000","level":6,"kind":"1","hasDescription":false},{"id":"040410801021","name":"Ciechocinek","parentId":"040410801000","level":6,"kind":"1","hasDescription":false},{"id":"040410801031","name":"Nieszawa","parentId":"040410801000","level":6,"kind":"1","hasDescription":false},{"id":"040410801042","name":"Aleksandrów Kujawski","parentId":"040410801000","level":6,"kind":"2","hasDescription":false},{"id":"040410801052","name":"Bądkowo","parentId":"040410801000","level":6,"kind":"2","hasDescription":false},{"id":"040410801062","name":"Koneck","parentId":"040410801000","level":6,"kind":"2","hasDescription":false},{"id":"040410801072","name":"Raciążek","parentId":"040410801000","level":6,"kind":"2","hasDescription":false},{"id":"040410801082","name":"Waganiec","parentId":"040410801000","level":6,"kind":"2","hasDescription":false},{"id":"040410801092","name":"Zakrzewo","parentId":"040410801000","level":6,"kind":"2","hasDescription":false},{"id":"040410808011","name":"Lipno","parentId":"040410808000","level":6,"kind":"1","hasDescription":false},{"id":"040410808022","name":"Bobrowniki","parentId":"040410808000","level":6,"kind":"2","hasDescription":true},{"id":"040410808023","name":"Bobrowniki","parentId":"040410808000","level":6,"kind":"3","hasDescription":true},{"id":"040410808024","name":"Bobrowniki - miasto","parentId":"040410808023","level":6,"kind":"4","hasDescription":true},{"id":"040410808025","name":"Bobrowniki - obszar wiejski","parentId":"040410808023","level":6,"kind":"5","hasDescription":true},{"id":"040410808032","name":"Chrostkowo","parentId":"040410808000","level":6,"kind":"2","hasDescription":false},{"id":"040410808043","name":"Dobrzyń nad Wisłą","parentId":"040410808000","level":6,"kind":"3","hasDescription":false},{"id":"040410808044","name":"Dobrzyń nad Wisłą - miasto","parentId":"040410808043","level":6,"kind":"4","hasDescription":false},{"id":"040410808045","name":"Dobrzyń nad Wisłą - obszar wiejski","parentId":"040410808043","level":6,"kind":"5","hasDescription":false},{"id":"040410808052","name":"Kikół","parentId":"040410808000","level":6,"kind":"2","hasDescription":true},{"id":"040410808053","name":"Kikół","parentId":"040410808000","level":6,"kind":"3","hasDescription":true},{"id":"040410808054","name":"Kikół - miasto","parentId":"040410808053","level":6,"kind":"4","hasDescription":true},{"id":"040410808055","name":"Kikół - obszar wiejski","parentId":"040410808053","level":6,"kind":"5","hasDescription":true},{"id":"040410808062","name":"Lipno","parentId":"040410808000","level":6,"kind":"2","hasDescription":false},{"id":"040410808072","name":"Skępe","parentId":"040410808000","level":6,"kind":"2","hasDescription":true},{"id":"040410808073","name":"Skępe","parentId":"040410808000","level":6,"kind":"3","hasDescription":true},{"id":"040410808074","name":"Skępe - miasto","parentId":"040410808073","level":6,"kind":"4","hasDescription":true},{"id":"040410808075","name":"Skępe - obszar wiejski","parentId":"040410808073","level":6,"kind":"5","hasDescription":true}]}