{"totalRecords":4157,"page":21,"pageSize":100,"links":{"first":"https://bdl.stat.gov.pl/api/v1/units?level=6&page-size=100&format=json&page=0","prev":"https://bdl.stat.gov.pl/api/v1/units?level=6&page-size=100&format=json&page=20","self":"https://bdl.stat.gov.pl/api/v1/units?level=6&page-size=100&format=json&page=21","next":"https://bdl.stat.gov.pl/api/v1/units?level=6&page-size=100&format=json&page=22","last":"https://bdl.stat.gov.pl/api/v1/units?level=6&page-size=100&format=json&page=41"},"results":[{"id":"042214112042","name":"Główczyce","parentId":"042214112000","level":6,"kind":"2","hasDescription":false},{"id":"042214112053","name":"Kępice","parentId":"042214112000","level":6,"kind":"3","hasDescription":false},{"id":"042214112054","name":"Kępice - miasto","parentId":"042214112053","level":6,"kind":"4","hasDescription":false},{"id":"042214112055","name":"Kępice - obszar wiejski","parentId":"042214112053","level":6,"kind":"5","hasDescription":false},{"id":"042214112062","name":"Kobylnica","parentId":"042214112000","level":6,"kind":"2","hasDescription":false},{"id":"042214112072","name":"Potęgowo","parentId":"042214112000","level":6,"kind":"2","hasDescription":false},{"id":"042214112082","name":"Redzikowo","parentId":"042214112000","level":6,"kind":"2","hasDescription":true},{"id":"042214112092","name":"Smołdzino","parentId":"042214112000","level":6,"kind":"2","hasDescription":false},{"id":"042214112102","name":"Ustka","parentId":"042214112000","level":6,"kind":"2","hasDescription":false},{"id":"042214163011","name":"Słupsk","parentId":"042214163000","level":6,"kind":"1","hasDescription":false},{"id":"042214207011","name":"Kwidzyn","parentId":"042214207000","level":6,"kind":"1","hasDescription":false},{"id":"042214207022","name":"Gardeja","parentId":"042214207000","level":6,"kind":"2","hasDescription":false},{"id":"042214207032","name":"Kwidzyn","parentId":"042214207000","level":6,"kind":"2","hasDescription":false},{"id":"042214207043","name":"Prabuty","parentId":"042214207000","level":6,"kind":"3","hasDescription":false},{"id":"042214207044","name":"Prabuty - miasto","parentId":"042214207043","level":6,"kind":"4","hasDescription":false},{"id":"042214207045","name":"Prabuty - obszar wiejski","parentId":"042214207043","level":6,"kind":"5","hasDescription":false},{"id":"042214207052","name":"Ryjewo","parentId":"042214207000","level":6,"kind":"2","hasDescription":false},{"id":"042214207062","name":"Sadlinki","parentId":"042214207000","level":6,"kind":"2","hasDescription":false},{"id":"042214209011","name":"Malbork","parentId":"042214209000","level":6,"kind":"1","hasDescription":false},{"id":"042214209023","name":"Dzierzgoń","parentId":"042214209000","level":6,"kind":"3","hasDescription":true},{"id":"042214209024","name":"Dzierzgoń - miasto","parentId":"042214209023","level":6,"kind":"4","hasDescription":true},{"id":"042214209025","name":"Dzierzgoń - obszar wiejski","parentId":"042214209023","level":6,"kind":"5","hasDescription":true},{"id":"042214209032","name":"Lichnowy","parentId":"042214209000","level":6,"kind":"2","hasDescription":false},{"id":"042214209042","name":"Malbork","parentId":"042214209000","level":6,"kind":"2","hasDescription":false},{"id":"042214209052","name":"Mikołajki Pomorskie","parentId":"042214209000","level":6,"kind":"2","hasDescription":true},{"id":"042214209062","name":"Miłoradz","parentId":"042214209000","level":6,"kind":"2","hasDescription":false},{"id":"042214209073","name":"Nowy Staw","parentId":"042214209000","level":6,"kind":"3","hasDescription":false},{"id":"042214209074","name":"Nowy Staw - miasto","parentId":"042214209073","level":6,"kind":"4","hasDescription":false},{"id":"042214209075","name":"Nowy Staw - obszar wiejski","parentId":"042214209073","level":6,"kind":"5","hasDescription":false},{"id":"042214209082","name":"Stare Pole","parentId":"042214209000","level":6,"kind":"2","hasDescription":false},{"id":"042214209092","name":"Stary Dzierzgoń","parentId":"042214209000","level":6,"kind":"2","hasDescription":true},{"id":"042214209102","name":"Stary Targ","parentId":"042214209000","level":6,"kind":"2","hasDescription":true},{"id":"042214209113","name":"Sztum","parentId":"042214209000","level":6,"kind":"3","hasDescription":true},{"id":"042214209114","name":"Sztum - miasto","parentId":"042214209113","level":6,"kind":"4","hasDescription":true},{"id":"042214209115","name":"Sztum - obszar wiejski","parentId":"042214209113","level":6,"kind":"5","hasDescription":true},{"id":"042214213011","name":"Czarna Woda","parentId":"042214213000","level":6,"kind":"1","hasDescription":true},{"id":"042214213013","name":"Czarna Woda","parentId":"042214213000","level":6,"kind":"3","hasDescription":true},{"id":"042214213014","name":"Czarna Woda - miasto","parentId":"042214213013","level":6,"kind":"4","hasDescription":true},{"id":"042214213015","name":"Czarna Woda - obszar wiejski","parentId":"042214213013","level":6,"kind":"5","hasDescription":true},{"id":"042214213021","name":"Skórcz","parentId":"042214213000","level":6,"kind":"1","hasDescription":false},{"id":"042214213031","name":"Starogard Gdański","parentId":"042214213000","level":6,"kind":"1","hasDescription":false},{"id":"042214213042","name":"Bobowo","parentId":"042214213000","level":6,"kind":"2","hasDescription":false},{"id":"042214213052","name":"Kaliska","parentId":"042214213000","level":6,"kind":"2","hasDescription":false},{"id":"042214213062","name":"Lubichowo","parentId":"042214213000","level":6,"kind":"2","hasDescription":false},{"id":"042214213072","name":"Osieczna","parentId":"042214213000","level":6,"kind":"2","hasDescription":false},{"id":"042214213082","name":"Osiek","parentId":"042214213000","level":6,"kind":"2","hasDescription":false},{"id":"042214213093","name":"Skarszewy","parentId":"042214213000","level":6,"kind":"3","hasDescription":false},{"id":"042214213094","name":"Skarszewy - miasto","parentId":"042214213093","level":6,"kind":"4","hasDescription":false},{"id":"042214213095","name":"Skarszewy - obszar wiejski","parentId":"042214213093","level":6,"kind":"5","hasDescription":false},{"id":"042214213102","name":"Skórcz","parentId":"042214213000","level":6,"kind":"2","hasDescription":false},{"id":"042214213112","name":"Smętowo Graniczne","parentId":"042214213000","level":6,"kind":"2","hasDescription":false},{"id":"042214213122","name":"Starogard Gdański","parentId":"042214213000","level":6,"kind":"2","hasDescription":false},{"id":"042214213132","name":"Zblewo","parentId":"042214213000","level":6,"kind":"2","hasDescription":false},{"id":"042214214011","name":"Tczew","parentId":"042214214000","level":6,"kind":"1","hasDescription":false},{"id":"042214214023","name":"Gniew","parentId":"042214214000","level":6,"kind":"3","hasDescription":false},{"id":"042214214024","name":"Gniew - miasto","parentId":"042214214023","level":6,"kind":"4","hasDescription":false},{"id":"042214214025","name":"Gniew - obszar wiejski","parentId":"042214214023","level":6,"kind":"5","hasDescription":false},{"id":"042214214032","name":"Morzeszczyn","parentId":"042214214000","level":6,"kind":"2","hasDescription":false},{"id":"042214214043","name":"Pelplin","parentId":"042214214000","level":6,"kind":"3","hasDescription":false},{"id":"042214214044","name":"Pelplin - miasto","parentId":"042214214043","level":6,"kind":"4","hasDescription":false},{"id":"042214214045","name":"Pelplin - obszar wiejski","parentId":"042214214043","level":6,"kind":"5","hasDescription":false},{"id":"042214214052","name":"Subkowy","parentId":"042214214000","level":6,"kind":"2","hasDescription":false},{"id":"042214214062","name":"Tczew","parentId":"042214214000","level":6,"kind":"2","hasDescription":false},{"id":"042214216013","name":"Dzierzgoń","parentId":"042214216000","level":6,"kind":"3","hasDescription":true},{"id":"042214216014","name":"Dzierzgoń - miasto","parentId":"042214216013","level":6,"kind":"4","hasDescription":true},{"id":"042214216015","name":"Dzierzgoń - obszar wiejski","parentId":"042214216013","level":6,"kind":"5","hasDescription":true},{"id":"042214216022","name":"Mikołajki Pomorskie","parentId":"042214216000","level":6,"kind":"2","hasDescription":true},{"id":"042214216032","name":"Stary Dzierzgoń","parentId":"042214216000","level":6,"kind":"2","hasDescription":true},{"id":"042214216042","name":"Stary Targ","parentId":"042214216000","level":6,"kind":"2","hasDescription":true},{"id":"042214216053","name":"Sztum","parentId":"042214216000","level":6,"kind":"3","hasDescription":true},{"id":"042214216054","name":"Sztum - miasto","parentId":"042214216053","level":6,"kind":"4","hasDescription":true},{"id":"042214216055","name":"Sztum - obszar wiejski","parentId":"042214216053","level":6,"kind":"5","hasDescription":true},{"id":"042214361011","name":"Gdańsk","parentId":"042214361000","level":6,"kind":"1","hasDescription":false},{"id":"042214362011","name":"Gdynia","parentId":"042214362000","level":6,"kind":"1","hasDescription":false},{"id":"042214364011","name":"Sopot","parentId":"042214364000","level":6,"kind":"1","hasDescription":false},{"id":"042217202011","name":"Chojnice","parentId":"042217202000","level":6,"kind":"1","hasDescription":false},{"id":"042217202023","name":"Brusy","parentId":"042217202000","level":6,"kind":"3","hasDescription":false},{"id":"042217202024","name":"Brusy - miasto","parentId":"042217202023","level":6,"kind":"4","hasDescription":false},{"id":"042217202025","name":"Brusy - obszar wiejski","parentId":"042217202023","level":6,"kind":"5","hasDescription":false},{"id":"042217202032","name":"Chojnice","parentId":"042217202000","level":6,"kind":"2","hasDescription":false},{"id":"042217202043","name":"Czersk","parentId":"042217202000","level":6,"kind":"3","hasDescription":false},{"id":"042217202044","name":"Czersk - miasto","parentId":"042217202043","level":6,"kind":"4","hasDescription":false},{"id":"042217202045","name":"Czersk - obszar wiejski","parentId":"042217202043","level":6,"kind":"5","hasDescription":false},{"id":"042217202052","name":"Konarzyny","parentId":"042217202000","level":6,"kind":"2","hasDescription":false},{"id":"042217203011","name":"Człuchów","parentId":"042217203000","level":6,"kind":"1","hasDescription":false},{"id":"042217203023","name":"Czarne","parentId":"042217203000","level":6,"kind":"3","hasDescription":false},{"id":"042217203024","name":"Czarne - miasto","parentId":"042217203023","level":6,"kind":"4","hasDescription":false},{"id":"042217203025","name":"Czarne - obszar wiejski","parentId":"042217203023","level":6,"kind":"5","hasDescription":false},{"id":"042217203032","name":"Człuchów","parentId":"042217203000","level":6,"kind":"2","hasDescription":false},{"id":"042217203043","name":"Debrzno","parentId":"042217203000","level":6,"kind":"3","hasDescription":false},{"id":"042217203044","name":"Debrzno - miasto","parentId":"042217203043","level":6,"kind":"4","hasDescription":false},{"id":"042217203045","name":"Debrzno - obszar wiejski","parentId":"042217203043","level":6,"kind":"5","hasDescription":false},{"id":"042217203052","name":"Koczała","parentId":"042217203000","level":6,"kind":"2","hasDescription":false},{"id":"042217203062","name":"Przechlewo","parentId":"042217203000","level":6,"kind":"2","hasDescription":false},{"id":"042217203072","name":"Rzeczenica","parentId":"042217203000","level":6,"kind":"2","hasDescription":false},{"id":"042217206011","name":"Kościerzyna","parentId":"042217206000","level":6,"kind":"1","hasDescription":false},{"id":"042217206022","name":"Dziemiany","parentId":"042217206000","level":6,"kind":"2","hasDescription":false},{"id":"042217206032","name":"Karsin","parentId":"042217206000","level":6,"kind":"2","hasDescription":false},{"id":"042217206042","name":"Kościerzyna","parentId":"042217206000","level":6,"kind":"2","hasDescription":false},{"id":"042217206052","name":"Liniewo","parentId":"042217206000","level":6,"kind":"2","hasDescription":false}]}