{"totalRecords":4157,"page":26,"pageSize":100,"links":{"first":"https://bdl.stat.gov.pl/api/v1/units?level=6&page-size=100&format=json&page=0","prev":"https://bdl.stat.gov.pl/api/v1/units?level=6&page-size=100&format=json&page=25","self":"https://bdl.stat.gov.pl/api/v1/units?level=6&page-size=100&format=json&page=26","next":"https://bdl.stat.gov.pl/api/v1/units?level=6&page-size=100&format=json&page=27","last":"https://bdl.stat.gov.pl/api/v1/units?level=6&page-size=100&format=json&page=41"},"results":[{"id":"051011818014","name":"Bolesławiec - miasto","parentId":"051011818013","level":6,"kind":"4","hasDescription":true},{"id":"051011818015","name":"Bolesławiec - obszar wiejski","parentId":"051011818013","level":6,"kind":"5","hasDescription":true},{"id":"051011818022","name":"Czastary","parentId":"051011818000","level":6,"kind":"2","hasDescription":false},{"id":"051011818032","name":"Galewice","parentId":"051011818000","level":6,"kind":"2","hasDescription":false},{"id":"051011818042","name":"Lututów","parentId":"051011818000","level":6,"kind":"2","hasDescription":true},{"id":"051011818043","name":"Lututów","parentId":"051011818000","level":6,"kind":"3","hasDescription":true},{"id":"051011818044","name":"Lututów - miasto","parentId":"051011818043","level":6,"kind":"4","hasDescription":true},{"id":"051011818045","name":"Lututów - obszar wiejski","parentId":"051011818043","level":6,"kind":"5","hasDescription":true},{"id":"051011818052","name":"Łubnice","parentId":"051011818000","level":6,"kind":"2","hasDescription":false},{"id":"051011818062","name":"Sokolniki","parentId":"051011818000","level":6,"kind":"2","hasDescription":false},{"id":"051011818073","name":"Wieruszów","parentId":"051011818000","level":6,"kind":"3","hasDescription":false},{"id":"051011818074","name":"Wieruszów - miasto","parentId":"051011818073","level":6,"kind":"4","hasDescription":false},{"id":"051011818075","name":"Wieruszów - obszar wiejski","parentId":"051011818073","level":6,"kind":"5","hasDescription":false},{"id":"051011819011","name":"Zduńska Wola","parentId":"051011819000","level":6,"kind":"1","hasDescription":false},{"id":"051011819023","name":"Szadek","parentId":"051011819000","level":6,"kind":"3","hasDescription":false},{"id":"051011819024","name":"Szadek - miasto","parentId":"051011819023","level":6,"kind":"4","hasDescription":false},{"id":"051011819025","name":"Szadek - obszar wiejski","parentId":"051011819023","level":6,"kind":"5","hasDescription":false},{"id":"051011819032","name":"Zapolice","parentId":"051011819000","level":6,"kind":"2","hasDescription":false},{"id":"051011819042","name":"Zduńska Wola","parentId":"051011819000","level":6,"kind":"2","hasDescription":false},{"id":"051011902011","name":"Kutno","parentId":"051011902000","level":6,"kind":"1","hasDescription":false},{"id":"051011902022","name":"Bedlno","parentId":"051011902000","level":6,"kind":"2","hasDescription":false},{"id":"051011902032","name":"Dąbrowice","parentId":"051011902000","level":6,"kind":"2","hasDescription":true},{"id":"051011902033","name":"Dąbrowice","parentId":"051011902000","level":6,"kind":"3","hasDescription":true},{"id":"051011902034","name":"Dąbrowice - miasto","parentId":"051011902033","level":6,"kind":"4","hasDescription":true},{"id":"051011902035","name":"Dąbrowice - obszar wiejski","parentId":"051011902033","level":6,"kind":"5","hasDescription":true},{"id":"051011902043","name":"Krośniewice","parentId":"051011902000","level":6,"kind":"3","hasDescription":false},{"id":"051011902044","name":"Krośniewice - miasto","parentId":"051011902043","level":6,"kind":"4","hasDescription":false},{"id":"051011902045","name":"Krośniewice - obszar wiejski","parentId":"051011902043","level":6,"kind":"5","hasDescription":false},{"id":"051011902052","name":"Krzyżanów","parentId":"051011902000","level":6,"kind":"2","hasDescription":false},{"id":"051011902062","name":"Kutno","parentId":"051011902000","level":6,"kind":"2","hasDescription":false},{"id":"051011902072","name":"Łanięta","parentId":"051011902000","level":6,"kind":"2","hasDescription":false},{"id":"051011902082","name":"Nowe Ostrowy","parentId":"051011902000","level":6,"kind":"2","hasDescription":false},{"id":"051011902092","name":"Oporów","parentId":"051011902000","level":6,"kind":"2","hasDescription":false},{"id":"051011902102","name":"Strzelce","parentId":"051011902000","level":6,"kind":"2","hasDescription":false},{"id":"051011902113","name":"Żychlin","parentId":"051011902000","level":6,"kind":"3","hasDescription":false},{"id":"051011902114","name":"Żychlin - miasto","parentId":"051011902113","level":6,"kind":"4","hasDescription":false},{"id":"051011902115","name":"Żychlin - obszar wiejski","parentId":"051011902113","level":6,"kind":"5","hasDescription":false},{"id":"051011904011","name":"Łęczyca","parentId":"051011904000","level":6,"kind":"1","hasDescription":false},{"id":"051011904022","name":"Daszyna","parentId":"051011904000","level":6,"kind":"2","hasDescription":false},{"id":"051011904032","name":"Góra Świętej Małgorzaty","parentId":"051011904000","level":6,"kind":"2","hasDescription":false},{"id":"051011904042","name":"Grabów","parentId":"051011904000","level":6,"kind":"2","hasDescription":true},{"id":"051011904043","name":"Grabów","parentId":"051011904000","level":6,"kind":"3","hasDescription":true},{"id":"051011904044","name":"Grabów - miasto","parentId":"051011904043","level":6,"kind":"4","hasDescription":true},{"id":"051011904045","name":"Grabów - obszar wiejski","parentId":"051011904043","level":6,"kind":"5","hasDescription":true},{"id":"051011904052","name":"Łęczyca","parentId":"051011904000","level":6,"kind":"2","hasDescription":false},{"id":"051011904062","name":"Piątek","parentId":"051011904000","level":6,"kind":"2","hasDescription":true},{"id":"051011904063","name":"Piątek","parentId":"051011904000","level":6,"kind":"3","hasDescription":true},{"id":"051011904064","name":"Piątek - miasto","parentId":"051011904063","level":6,"kind":"4","hasDescription":true},{"id":"051011904065","name":"Piątek - obszar wiejski","parentId":"051011904063","level":6,"kind":"5","hasDescription":true},{"id":"051011904072","name":"Świnice Warckie","parentId":"051011904000","level":6,"kind":"2","hasDescription":false},{"id":"051011904082","name":"Witonia","parentId":"051011904000","level":6,"kind":"2","hasDescription":false},{"id":"051011905011","name":"Łowicz","parentId":"051011905000","level":6,"kind":"1","hasDescription":false},{"id":"051011905022","name":"Bielawy","parentId":"051011905000","level":6,"kind":"2","hasDescription":false},{"id":"051011905032","name":"Chąśno","parentId":"051011905000","level":6,"kind":"2","hasDescription":false},{"id":"051011905042","name":"Domaniewice","parentId":"051011905000","level":6,"kind":"2","hasDescription":false},{"id":"051011905052","name":"Kiernozia","parentId":"051011905000","level":6,"kind":"2","hasDescription":true},{"id":"051011905053","name":"Kiernozia","parentId":"051011905000","level":6,"kind":"3","hasDescription":true},{"id":"051011905054","name":"Kiernozia - miasto","parentId":"051011905053","level":6,"kind":"4","hasDescription":true},{"id":"051011905055","name":"Kiernozia - obszar wiejski","parentId":"051011905053","level":6,"kind":"5","hasDescription":true},{"id":"051011905062","name":"Kocierzew Południowy","parentId":"051011905000","level":6,"kind":"2","hasDescription":false},{"id":"051011905072","name":"Łowicz","parentId":"051011905000","level":6,"kind":"2","hasDescription":false},{"id":"051011905082","name":"Łyszkowice","parentId":"051011905000","level":6,"kind":"2","hasDescription":false},{"id":"051011905092","name":"Nieborów","parentId":"051011905000","level":6,"kind":"2","hasDescription":false},{"id":"051011905102","name":"Zduny","parentId":"051011905000","level":6,"kind":"2","hasDescription":false},{"id":"051011913011","name":"Rawa Mazowiecka","parentId":"051011913000","level":6,"kind":"1","hasDescription":false},{"id":"051011913023","name":"Biała Rawska","parentId":"051011913000","level":6,"kind":"3","hasDescription":false},{"id":"051011913024","name":"Biała Rawska - miasto","parentId":"051011913023","level":6,"kind":"4","hasDescription":false},{"id":"051011913025","name":"Biała Rawska - obszar wiejski","parentId":"051011913023","level":6,"kind":"5","hasDescription":false},{"id":"051011913032","name":"Cielądz","parentId":"051011913000","level":6,"kind":"2","hasDescription":false},{"id":"051011913042","name":"Rawa Mazowiecka","parentId":"051011913000","level":6,"kind":"2","hasDescription":false},{"id":"051011913052","name":"Regnów","parentId":"051011913000","level":6,"kind":"2","hasDescription":false},{"id":"051011913062","name":"Sadkowice","parentId":"051011913000","level":6,"kind":"2","hasDescription":false},{"id":"051011915012","name":"Bolimów","parentId":"051011915000","level":6,"kind":"2","hasDescription":true},{"id":"051011915013","name":"Bolimów","parentId":"051011915000","level":6,"kind":"3","hasDescription":true},{"id":"051011915014","name":"Bolimów - miasto","parentId":"051011915013","level":6,"kind":"4","hasDescription":true},{"id":"051011915015","name":"Bolimów - obszar wiejski","parentId":"051011915013","level":6,"kind":"5","hasDescription":true},{"id":"051011915022","name":"Głuchów","parentId":"051011915000","level":6,"kind":"2","hasDescription":false},{"id":"051011915032","name":"Godzianów","parentId":"051011915000","level":6,"kind":"2","hasDescription":false},{"id":"051011915042","name":"Kowiesy","parentId":"051011915000","level":6,"kind":"2","hasDescription":false},{"id":"051011915052","name":"Lipce Reymontowskie","parentId":"051011915000","level":6,"kind":"2","hasDescription":false},{"id":"051011915062","name":"Maków","parentId":"051011915000","level":6,"kind":"2","hasDescription":false},{"id":"051011915072","name":"Nowy Kawęczyn","parentId":"051011915000","level":6,"kind":"2","hasDescription":false},{"id":"051011915082","name":"Skierniewice","parentId":"051011915000","level":6,"kind":"2","hasDescription":false},{"id":"051011915092","name":"Słupia","parentId":"051011915000","level":6,"kind":"2","hasDescription":false},{"id":"051011963011","name":"Skierniewice","parentId":"051011963000","level":6,"kind":"1","hasDescription":false},{"id":"052615204012","name":"Bieliny","parentId":"052615204000","level":6,"kind":"2","hasDescription":false},{"id":"052615204023","name":"Bodzentyn","parentId":"052615204000","level":6,"kind":"3","hasDescription":false},{"id":"052615204024","name":"Bodzentyn - miasto","parentId":"052615204023","level":6,"kind":"4","hasDescription":false},{"id":"052615204025","name":"Bodzentyn - obszar wiejski","parentId":"052615204023","level":6,"kind":"5","hasDescription":false},{"id":"052615204033","name":"Chęciny","parentId":"052615204000","level":6,"kind":"3","hasDescription":false},{"id":"052615204034","name":"Chęciny - miasto","parentId":"052615204033","level":6,"kind":"4","hasDescription":false},{"id":"052615204035","name":"Chęciny - obszar wiejski","parentId":"052615204033","level":6,"kind":"5","hasDescription":false},{"id":"052615204043","name":"Chmielnik","parentId":"052615204000","level":6,"kind":"3","hasDescription":false},{"id":"052615204044","name":"Chmielnik - miasto","parentId":"052615204043","level":6,"kind":"4","hasDescription":false},{"id":"052615204045","name":"Chmielnik - obszar wiejski","parentId":"052615204043","level":6,"kind":"5","hasDescription":false},{"id":"052615204052","name":"Daleszyce","parentId":"052615204000","level":6,"kind":"2","hasDescription":true},{"id":"052615204053","name":"Daleszyce","parentId":"052615204000","level":6,"kind":"3","hasDescription":true},{"id":"052615204054","name":"Daleszyce - miasto","parentId":"052615204053","level":6,"kind":"4","hasDescription":true},{"id":"052615204055","name":"Daleszyce - obszar wiejski","parentId":"052615204053","level":6,"kind":"5","hasDescription":true},{"id":"052615204062","name":"Górno","parentId":"052615204000","level":6,"kind":"2","hasDescription":false}]}