{"totalRecords":4157,"page":33,"pageSize":100,"links":{"first":"https://bdl.stat.gov.pl/api/v1/units?level=6&page-size=100&format=json&page=0","prev":"https://bdl.stat.gov.pl/api/v1/units?level=6&page-size=100&format=json&page=32","self":"https://bdl.stat.gov.pl/api/v1/units?level=6&page-size=100&format=json&page=33","next":"https://bdl.stat.gov.pl/api/v1/units?level=6&page-size=100&format=json&page=34","last":"https://bdl.stat.gov.pl/api/v1/units?level=6&page-size=100&format=json&page=41"},"results":[{"id":"061813413014","name":"Bircza - miasto","parentId":"061813413013","level":6,"kind":"4","hasDescription":true},{"id":"061813413015","name":"Bircza - obszar wiejski","parentId":"061813413013","level":6,"kind":"5","hasDescription":true},{"id":"061813413022","name":"Dubiecko","parentId":"061813413000","level":6,"kind":"2","hasDescription":true},{"id":"061813413023","name":"Dubiecko","parentId":"061813413000","level":6,"kind":"3","hasDescription":true},{"id":"061813413024","name":"Dubiecko - miasto","parentId":"061813413023","level":6,"kind":"4","hasDescription":true},{"id":"061813413025","name":"Dubiecko - obszar wiejski","parentId":"061813413023","level":6,"kind":"5","hasDescription":true},{"id":"061813413032","name":"Fredropol","parentId":"061813413000","level":6,"kind":"2","hasDescription":false},{"id":"061813413042","name":"Krasiczyn","parentId":"061813413000","level":6,"kind":"2","hasDescription":false},{"id":"061813413052","name":"Krzywcza","parentId":"061813413000","level":6,"kind":"2","hasDescription":false},{"id":"061813413062","name":"Medyka","parentId":"061813413000","level":6,"kind":"2","hasDescription":false},{"id":"061813413072","name":"Orły","parentId":"061813413000","level":6,"kind":"2","hasDescription":false},{"id":"061813413082","name":"Przemyśl","parentId":"061813413000","level":6,"kind":"2","hasDescription":false},{"id":"061813413092","name":"Stubno","parentId":"061813413000","level":6,"kind":"2","hasDescription":false},{"id":"061813413102","name":"Żurawica","parentId":"061813413000","level":6,"kind":"2","hasDescription":false},{"id":"061813414011","name":"Przeworsk","parentId":"061813414000","level":6,"kind":"1","hasDescription":false},{"id":"061813414022","name":"Adamówka","parentId":"061813414000","level":6,"kind":"2","hasDescription":false},{"id":"061813414032","name":"Gać","parentId":"061813414000","level":6,"kind":"2","hasDescription":false},{"id":"061813414042","name":"Jawornik Polski","parentId":"061813414000","level":6,"kind":"2","hasDescription":true},{"id":"061813414043","name":"Jawornik Polski","parentId":"061813414000","level":6,"kind":"3","hasDescription":true},{"id":"061813414044","name":"Jawornik Polski - miasto","parentId":"061813414043","level":6,"kind":"4","hasDescription":true},{"id":"061813414045","name":"Jawornik Polski - obszar wiejski","parentId":"061813414043","level":6,"kind":"5","hasDescription":true},{"id":"061813414053","name":"Kańczuga","parentId":"061813414000","level":6,"kind":"3","hasDescription":false},{"id":"061813414054","name":"Kańczuga - miasto","parentId":"061813414053","level":6,"kind":"4","hasDescription":false},{"id":"061813414055","name":"Kańczuga - obszar wiejski","parentId":"061813414053","level":6,"kind":"5","hasDescription":false},{"id":"061813414062","name":"Przeworsk","parentId":"061813414000","level":6,"kind":"2","hasDescription":false},{"id":"061813414073","name":"Sieniawa","parentId":"061813414000","level":6,"kind":"3","hasDescription":false},{"id":"061813414074","name":"Sieniawa - miasto","parentId":"061813414073","level":6,"kind":"4","hasDescription":false},{"id":"061813414075","name":"Sieniawa - obszar wiejski","parentId":"061813414073","level":6,"kind":"5","hasDescription":false},{"id":"061813414082","name":"Tryńcza","parentId":"061813414000","level":6,"kind":"2","hasDescription":false},{"id":"061813414092","name":"Zarzecze","parentId":"061813414000","level":6,"kind":"2","hasDescription":false},{"id":"061813462011","name":"Przemyśl","parentId":"061813462000","level":6,"kind":"1","hasDescription":false},{"id":"061813506012","name":"Cmolas","parentId":"061813506000","level":6,"kind":"2","hasDescription":false},{"id":"061813506023","name":"Kolbuszowa","parentId":"061813506000","level":6,"kind":"3","hasDescription":false},{"id":"061813506024","name":"Kolbuszowa - miasto","parentId":"061813506023","level":6,"kind":"4","hasDescription":false},{"id":"061813506025","name":"Kolbuszowa - obszar wiejski","parentId":"061813506023","level":6,"kind":"5","hasDescription":false},{"id":"061813506032","name":"Majdan Królewski","parentId":"061813506000","level":6,"kind":"2","hasDescription":false},{"id":"061813506042","name":"Niwiska","parentId":"061813506000","level":6,"kind":"2","hasDescription":false},{"id":"061813506052","name":"Raniżów","parentId":"061813506000","level":6,"kind":"2","hasDescription":false},{"id":"061813506062","name":"Dzikowiec","parentId":"061813506000","level":6,"kind":"2","hasDescription":true},{"id":"061813510011","name":"Łańcut","parentId":"061813510000","level":6,"kind":"1","hasDescription":false},{"id":"061813510022","name":"Białobrzegi","parentId":"061813510000","level":6,"kind":"2","hasDescription":false},{"id":"061813510032","name":"Czarna","parentId":"061813510000","level":6,"kind":"2","hasDescription":false},{"id":"061813510042","name":"Łańcut","parentId":"061813510000","level":6,"kind":"2","hasDescription":false},{"id":"061813510052","name":"Markowa","parentId":"061813510000","level":6,"kind":"2","hasDescription":false},{"id":"061813510062","name":"Rakszawa","parentId":"061813510000","level":6,"kind":"2","hasDescription":false},{"id":"061813510072","name":"Żołynia","parentId":"061813510000","level":6,"kind":"2","hasDescription":false},{"id":"061813515012","name":"Iwierzyce","parentId":"061813515000","level":6,"kind":"2","hasDescription":false},{"id":"061813515022","name":"Ostrów","parentId":"061813515000","level":6,"kind":"2","hasDescription":false},{"id":"061813515033","name":"Ropczyce","parentId":"061813515000","level":6,"kind":"3","hasDescription":false},{"id":"061813515034","name":"Ropczyce - miasto","parentId":"061813515033","level":6,"kind":"4","hasDescription":false},{"id":"061813515035","name":"Ropczyce - obszar wiejski","parentId":"061813515033","level":6,"kind":"5","hasDescription":false},{"id":"061813515043","name":"Sędziszów Małopolski","parentId":"061813515000","level":6,"kind":"3","hasDescription":false},{"id":"061813515044","name":"Sędziszów Małopolski - miasto","parentId":"061813515043","level":6,"kind":"4","hasDescription":false},{"id":"061813515045","name":"Sędziszów Małopolski - obszar wiejski","parentId":"061813515043","level":6,"kind":"5","hasDescription":false},{"id":"061813515052","name":"Wielopole Skrzyńskie","parentId":"061813515000","level":6,"kind":"2","hasDescription":false},{"id":"061813516011","name":"Dynów","parentId":"061813516000","level":6,"kind":"1","hasDescription":false},{"id":"061813516023","name":"Błażowa","parentId":"061813516000","level":6,"kind":"3","hasDescription":false},{"id":"061813516024","name":"Błażowa - miasto","parentId":"061813516023","level":6,"kind":"4","hasDescription":false},{"id":"061813516025","name":"Błażowa - obszar wiejski","parentId":"061813516023","level":6,"kind":"5","hasDescription":false},{"id":"061813516032","name":"Boguchwała","parentId":"061813516000","level":6,"kind":"2","hasDescription":true},{"id":"061813516033","name":"Boguchwała","parentId":"061813516000","level":6,"kind":"3","hasDescription":true},{"id":"061813516034","name":"Boguchwała - miasto","parentId":"061813516033","level":6,"kind":"4","hasDescription":true},{"id":"061813516035","name":"Boguchwała - obszar wiejski","parentId":"061813516033","level":6,"kind":"5","hasDescription":true},{"id":"061813516042","name":"Chmielnik","parentId":"061813516000","level":6,"kind":"2","hasDescription":true},{"id":"061813516052","name":"Dynów","parentId":"061813516000","level":6,"kind":"2","hasDescription":false},{"id":"061813516063","name":"Głogów Małopolski","parentId":"061813516000","level":6,"kind":"3","hasDescription":false},{"id":"061813516064","name":"Głogów Małopolski - miasto","parentId":"061813516063","level":6,"kind":"4","hasDescription":false},{"id":"061813516065","name":"Głogów Małopolski - obszar wiejski","parentId":"061813516063","level":6,"kind":"5","hasDescription":false},{"id":"061813516072","name":"Hyżne","parentId":"061813516000","level":6,"kind":"2","hasDescription":false},{"id":"061813516082","name":"Kamień","parentId":"061813516000","level":6,"kind":"2","hasDescription":false},{"id":"061813516092","name":"Krasne","parentId":"061813516000","level":6,"kind":"2","hasDescription":false},{"id":"061813516102","name":"Lubenia","parentId":"061813516000","level":6,"kind":"2","hasDescription":false},{"id":"061813516113","name":"Sokołów Małopolski","parentId":"061813516000","level":6,"kind":"3","hasDescription":false},{"id":"061813516114","name":"Sokołów Małopolski - miasto","parentId":"061813516113","level":6,"kind":"4","hasDescription":false},{"id":"061813516115","name":"Sokołów Małopolski - obszar wiejski","parentId":"061813516113","level":6,"kind":"5","hasDescription":false},{"id":"061813516122","name":"Świlcza","parentId":"061813516000","level":6,"kind":"2","hasDescription":false},{"id":"061813516132","name":"Trzebownisko","parentId":"061813516000","level":6,"kind":"2","hasDescription":false},{"id":"061813516143","name":"Tyczyn","parentId":"061813516000","level":6,"kind":"3","hasDescription":false},{"id":"061813516144","name":"Tyczyn - miasto","parentId":"061813516143","level":6,"kind":"4","hasDescription":false},{"id":"061813516145","name":"Tyczyn - obszar wiejski","parentId":"061813516143","level":6,"kind":"5","hasDescription":false},{"id":"061813519012","name":"Czudec","parentId":"061813519000","level":6,"kind":"2","hasDescription":false},{"id":"061813519022","name":"Frysztak","parentId":"061813519000","level":6,"kind":"2","hasDescription":false},{"id":"061813519032","name":"Niebylec","parentId":"061813519000","level":6,"kind":"2","hasDescription":false},{"id":"061813519043","name":"Strzyżów","parentId":"061813519000","level":6,"kind":"3","hasDescription":false},{"id":"061813519044","name":"Strzyżów - miasto","parentId":"061813519043","level":6,"kind":"4","hasDescription":false},{"id":"061813519045","name":"Strzyżów - obszar wiejski","parentId":"061813519043","level":6,"kind":"5","hasDescription":false},{"id":"061813519052","name":"Wiśniowa","parentId":"061813519000","level":6,"kind":"2","hasDescription":false},{"id":"061813563011","name":"Rzeszów","parentId":"061813563000","level":6,"kind":"1","hasDescription":false},{"id":"061813603011","name":"Dębica","parentId":"061813603000","level":6,"kind":"1","hasDescription":false},{"id":"061813603022","name":"Brzostek","parentId":"061813603000","level":6,"kind":"2","hasDescription":true},{"id":"061813603023","name":"Brzostek","parentId":"061813603000","level":6,"kind":"3","hasDescription":true},{"id":"061813603024","name":"Brzostek - miasto","parentId":"061813603023","level":6,"kind":"4","hasDescription":true},{"id":"061813603025","name":"Brzostek - obszar wiejski","parentId":"061813603023","level":6,"kind":"5","hasDescription":true},{"id":"061813603032","name":"Czarna","parentId":"061813603000","level":6,"kind":"2","hasDescription":false},{"id":"061813603042","name":"Dębica","parentId":"061813603000","level":6,"kind":"2","hasDescription":false},{"id":"061813603052","name":"Jodłowa","parentId":"061813603000","level":6,"kind":"2","hasDescription":false},{"id":"061813603063","name":"Pilzno","parentId":"061813603000","level":6,"kind":"3","hasDescription":false},{"id":"061813603064","name":"Pilzno - miasto","parentId":"061813603063","level":6,"kind":"4","hasDescription":false},{"id":"061813603065","name":"Pilzno - obszar wiejski","parentId":"061813603063","level":6,"kind":"5","hasDescription":false},{"id":"061813603072","name":"Żyraków","parentId":"061813603000","level":6,"kind":"2","hasDescription":false}]}