{"totalRecords":4157,"page":41,"pageSize":100,"links":{"first":"https://bdl.stat.gov.pl/api/v1/units?level=6&page-size=100&format=json&page=0","prev":"https://bdl.stat.gov.pl/api/v1/units?level=6&page-size=100&format=json&page=40","self":"https://bdl.stat.gov.pl/api/v1/units?level=6&page-size=100&format=json&page=41","last":"https://bdl.stat.gov.pl/api/v1/units?level=6&page-size=100&format=json&page=41"},"results":[{"id":"071427129052","name":"Kosów Lacki","parentId":"071427129000","level":6,"kind":"2","hasDescription":true},{"id":"071427129053","name":"Kosów Lacki","parentId":"071427129000","level":6,"kind":"3","hasDescription":true},{"id":"071427129054","name":"Kosów Lacki - miasto","parentId":"071427129053","level":6,"kind":"4","hasDescription":true},{"id":"071427129055","name":"Kosów Lacki - obszar wiejski","parentId":"071427129053","level":6,"kind":"5","hasDescription":true},{"id":"071427129062","name":"Repki","parentId":"071427129000","level":6,"kind":"2","hasDescription":false},{"id":"071427129072","name":"Sabnie","parentId":"071427129000","level":6,"kind":"2","hasDescription":false},{"id":"071427129082","name":"Sokołów Podlaski","parentId":"071427129000","level":6,"kind":"2","hasDescription":false},{"id":"071427129092","name":"Sterdyń","parentId":"071427129000","level":6,"kind":"2","hasDescription":false},{"id":"071427133011","name":"Węgrów","parentId":"071427133000","level":6,"kind":"1","hasDescription":false},{"id":"071427133022","name":"Grębków","parentId":"071427133000","level":6,"kind":"2","hasDescription":false},{"id":"071427133032","name":"Korytnica","parentId":"071427133000","level":6,"kind":"2","hasDescription":false},{"id":"071427133042","name":"Liw","parentId":"071427133000","level":6,"kind":"2","hasDescription":false},{"id":"071427133053","name":"Łochów","parentId":"071427133000","level":6,"kind":"3","hasDescription":false},{"id":"071427133054","name":"Łochów - miasto","parentId":"071427133053","level":6,"kind":"4","hasDescription":false},{"id":"071427133055","name":"Łochów - obszar wiejski","parentId":"071427133053","level":6,"kind":"5","hasDescription":false},{"id":"071427133062","name":"Miedzna","parentId":"071427133000","level":6,"kind":"2","hasDescription":false},{"id":"071427133072","name":"Sadowne","parentId":"071427133000","level":6,"kind":"2","hasDescription":false},{"id":"071427133082","name":"Stoczek","parentId":"071427133000","level":6,"kind":"2","hasDescription":false},{"id":"071427133092","name":"Wierzbno","parentId":"071427133000","level":6,"kind":"2","hasDescription":false},{"id":"071427164011","name":"Siedlce","parentId":"071427164000","level":6,"kind":"1","hasDescription":false},{"id":"071427306012","name":"Belsk Duży","parentId":"071427306000","level":6,"kind":"2","hasDescription":false},{"id":"071427306022","name":"Błędów","parentId":"071427306000","level":6,"kind":"2","hasDescription":false},{"id":"071427306032","name":"Chynów","parentId":"071427306000","level":6,"kind":"2","hasDescription":false},{"id":"071427306042","name":"Goszczyn","parentId":"071427306000","level":6,"kind":"2","hasDescription":false},{"id":"071427306053","name":"Grójec","parentId":"071427306000","level":6,"kind":"3","hasDescription":false},{"id":"071427306054","name":"Grójec - miasto","parentId":"071427306053","level":6,"kind":"4","hasDescription":false},{"id":"071427306055","name":"Grójec - obszar wiejski","parentId":"071427306053","level":6,"kind":"5","hasDescription":false},{"id":"071427306062","name":"Jasieniec","parentId":"071427306000","level":6,"kind":"2","hasDescription":false},{"id":"071427306073","name":"Mogielnica","parentId":"071427306000","level":6,"kind":"3","hasDescription":false},{"id":"071427306074","name":"Mogielnica - miasto","parentId":"071427306073","level":6,"kind":"4","hasDescription":false},{"id":"071427306075","name":"Mogielnica - obszar wiejski","parentId":"071427306073","level":6,"kind":"5","hasDescription":false},{"id":"071427306083","name":"Nowe Miasto nad Pilicą","parentId":"071427306000","level":6,"kind":"3","hasDescription":false},{"id":"071427306084","name":"Nowe Miasto nad Pilicą - miasto","parentId":"071427306083","level":6,"kind":"4","hasDescription":false},{"id":"071427306085","name":"Nowe Miasto nad Pilicą - obszar wiejski","parentId":"071427306083","level":6,"kind":"5","hasDescription":false},{"id":"071427306092","name":"Pniewy","parentId":"071427306000","level":6,"kind":"2","hasDescription":false},{"id":"071427306102","name":"Tarczyn","parentId":"071427306000","level":6,"kind":"2","hasDescription":true},{"id":"071427306113","name":"Warka","parentId":"071427306000","level":6,"kind":"3","hasDescription":false},{"id":"071427306114","name":"Warka - miasto","parentId":"071427306113","level":6,"kind":"4","hasDescription":false},{"id":"071427306115","name":"Warka - obszar wiejski","parentId":"071427306113","level":6,"kind":"5","hasDescription":false},{"id":"071427328011","name":"Sochaczew","parentId":"071427328000","level":6,"kind":"1","hasDescription":false},{"id":"071427328022","name":"Brochów","parentId":"071427328000","level":6,"kind":"2","hasDescription":true},{"id":"071427328032","name":"Iłów","parentId":"071427328000","level":6,"kind":"2","hasDescription":false},{"id":"071427328042","name":"Młodzieszyn","parentId":"071427328000","level":6,"kind":"2","hasDescription":false},{"id":"071427328052","name":"Nowa Sucha","parentId":"071427328000","level":6,"kind":"2","hasDescription":false},{"id":"071427328062","name":"Rybno","parentId":"071427328000","level":6,"kind":"2","hasDescription":false},{"id":"071427328072","name":"Sochaczew","parentId":"071427328000","level":6,"kind":"2","hasDescription":false},{"id":"071427328082","name":"Teresin","parentId":"071427328000","level":6,"kind":"2","hasDescription":false},{"id":"071427338011","name":"Żyrardów","parentId":"071427338000","level":6,"kind":"1","hasDescription":false},{"id":"071427338023","name":"Mszczonów","parentId":"071427338000","level":6,"kind":"3","hasDescription":false},{"id":"071427338024","name":"Mszczonów - miasto","parentId":"071427338023","level":6,"kind":"4","hasDescription":false},{"id":"071427338025","name":"Mszczonów - obszar wiejski","parentId":"071427338023","level":6,"kind":"5","hasDescription":false},{"id":"071427338032","name":"Puszcza Mariańska","parentId":"071427338000","level":6,"kind":"2","hasDescription":false},{"id":"071427338042","name":"Radziejowice","parentId":"071427338000","level":6,"kind":"2","hasDescription":false},{"id":"071427338052","name":"Wiskitki","parentId":"071427338000","level":6,"kind":"2","hasDescription":true},{"id":"071427338053","name":"Wiskitki","parentId":"071427338000","level":6,"kind":"3","hasDescription":true},{"id":"071427338054","name":"Wiskitki - miasto","parentId":"071427338053","level":6,"kind":"4","hasDescription":true},{"id":"071427338055","name":"Wiskitki - obszar wiejski","parentId":"071427338053","level":6,"kind":"5","hasDescription":true}]}