{"totalRecords":4157,"page":4,"pageSize":100,"links":{"first":"https://bdl.stat.gov.pl/api/v1/units?level=6&page-size=100&format=json&page=0","prev":"https://bdl.stat.gov.pl/api/v1/units?level=6&page-size=100&format=json&page=3","self":"https://bdl.stat.gov.pl/api/v1/units?level=6&page-size=100&format=json&page=4","next":"https://bdl.stat.gov.pl/api/v1/units?level=6&page-size=100&format=json&page=5","last":"https://bdl.stat.gov.pl/api/v1/units?level=6&page-size=100&format=json&page=41"},"results":[{"id":"012414606062","name":"Panki","parentId":"012414606000","level":6,"kind":"2","hasDescription":false},{"id":"012414606072","name":"Popów","parentId":"012414606000","level":6,"kind":"2","hasDescription":false},{"id":"012414606082","name":"Przystajń","parentId":"012414606000","level":6,"kind":"2","hasDescription":false},{"id":"012414606092","name":"Wręczyca Wielka","parentId":"012414606000","level":6,"kind":"2","hasDescription":false},{"id":"012414609011","name":"Myszków","parentId":"012414609000","level":6,"kind":"1","hasDescription":false},{"id":"012414609023","name":"Koziegłowy","parentId":"012414609000","level":6,"kind":"3","hasDescription":false},{"id":"012414609024","name":"Koziegłowy - miasto","parentId":"012414609023","level":6,"kind":"4","hasDescription":false},{"id":"012414609025","name":"Koziegłowy - obszar wiejski","parentId":"012414609023","level":6,"kind":"5","hasDescription":false},{"id":"012414609032","name":"Niegowa","parentId":"012414609000","level":6,"kind":"2","hasDescription":false},{"id":"012414609042","name":"Poraj","parentId":"012414609000","level":6,"kind":"2","hasDescription":false},{"id":"012414609053","name":"Żarki","parentId":"012414609000","level":6,"kind":"3","hasDescription":false},{"id":"012414609054","name":"Żarki - miasto","parentId":"012414609053","level":6,"kind":"4","hasDescription":false},{"id":"012414609055","name":"Żarki - obszar wiejski","parentId":"012414609053","level":6,"kind":"5","hasDescription":false},{"id":"012414664011","name":"Częstochowa","parentId":"012414664000","level":6,"kind":"1","hasDescription":false},{"id":"012414705011","name":"Knurów","parentId":"012414705000","level":6,"kind":"1","hasDescription":false},{"id":"012414705021","name":"Pyskowice","parentId":"012414705000","level":6,"kind":"1","hasDescription":false},{"id":"012414705032","name":"Gierałtowice","parentId":"012414705000","level":6,"kind":"2","hasDescription":false},{"id":"012414705042","name":"Pilchowice","parentId":"012414705000","level":6,"kind":"2","hasDescription":false},{"id":"012414705052","name":"Rudziniec","parentId":"012414705000","level":6,"kind":"2","hasDescription":false},{"id":"012414705062","name":"Sośnicowice","parentId":"012414705000","level":6,"kind":"2","hasDescription":true},{"id":"012414705063","name":"Sośnicowice","parentId":"012414705000","level":6,"kind":"3","hasDescription":true},{"id":"012414705064","name":"Sośnicowice - miasto","parentId":"012414705063","level":6,"kind":"4","hasDescription":true},{"id":"012414705065","name":"Sośnicowice - obszar wiejski","parentId":"012414705063","level":6,"kind":"5","hasDescription":true},{"id":"012414705073","name":"Toszek","parentId":"012414705000","level":6,"kind":"3","hasDescription":false},{"id":"012414705074","name":"Toszek - miasto","parentId":"012414705073","level":6,"kind":"4","hasDescription":false},{"id":"012414705075","name":"Toszek - obszar wiejski","parentId":"012414705073","level":6,"kind":"5","hasDescription":false},{"id":"012414705082","name":"Wielowieś","parentId":"012414705000","level":6,"kind":"2","hasDescription":false},{"id":"012414766011","name":"Gliwice","parentId":"012414766000","level":6,"kind":"1","hasDescription":false},{"id":"012414778011","name":"Zabrze","parentId":"012414778000","level":6,"kind":"1","hasDescription":false},{"id":"012414863011","name":"Chorzów","parentId":"012414863000","level":6,"kind":"1","hasDescription":false},{"id":"012414869011","name":"Katowice","parentId":"012414869000","level":6,"kind":"1","hasDescription":false},{"id":"012414870011","name":"Mysłowice","parentId":"012414870000","level":6,"kind":"1","hasDescription":false},{"id":"012414872011","name":"Ruda Śląska","parentId":"012414872000","level":6,"kind":"1","hasDescription":false},{"id":"012414874011","name":"Siemianowice Śląskie","parentId":"012414874000","level":6,"kind":"1","hasDescription":false},{"id":"012414876011","name":"Świętochłowice","parentId":"012414876000","level":6,"kind":"1","hasDescription":false},{"id":"012414911011","name":"Racibórz","parentId":"012414911000","level":6,"kind":"1","hasDescription":false},{"id":"012414911022","name":"Kornowac","parentId":"012414911000","level":6,"kind":"2","hasDescription":false},{"id":"012414911032","name":"Krzanowice","parentId":"012414911000","level":6,"kind":"2","hasDescription":true},{"id":"012414911033","name":"Krzanowice","parentId":"012414911000","level":6,"kind":"3","hasDescription":true},{"id":"012414911034","name":"Krzanowice - miasto","parentId":"012414911033","level":6,"kind":"4","hasDescription":true},{"id":"012414911035","name":"Krzanowice - obszar wiejski","parentId":"012414911033","level":6,"kind":"5","hasDescription":true},{"id":"012414911042","name":"Krzyżanowice","parentId":"012414911000","level":6,"kind":"2","hasDescription":false},{"id":"012414911053","name":"Kuźnia Raciborska","parentId":"012414911000","level":6,"kind":"3","hasDescription":false},{"id":"012414911054","name":"Kuźnia Raciborska - miasto","parentId":"012414911053","level":6,"kind":"4","hasDescription":false},{"id":"012414911055","name":"Kuźnia Raciborska - obszar wiejski","parentId":"012414911053","level":6,"kind":"5","hasDescription":false},{"id":"012414911062","name":"Nędza","parentId":"012414911000","level":6,"kind":"2","hasDescription":false},{"id":"012414911072","name":"Pietrowice Wielkie","parentId":"012414911000","level":6,"kind":"2","hasDescription":false},{"id":"012414911082","name":"Rudnik","parentId":"012414911000","level":6,"kind":"2","hasDescription":false},{"id":"012414912013","name":"Czerwionka-Leszczyny","parentId":"012414912000","level":6,"kind":"3","hasDescription":false},{"id":"012414912014","name":"Czerwionka-Leszczyny - miasto","parentId":"012414912013","level":6,"kind":"4","hasDescription":false},{"id":"012414912015","name":"Czerwionka-Leszczyny - obszar wiejski","parentId":"012414912013","level":6,"kind":"5","hasDescription":false},{"id":"012414912022","name":"Gaszowice","parentId":"012414912000","level":6,"kind":"2","hasDescription":false},{"id":"012414912032","name":"Jejkowice","parentId":"012414912000","level":6,"kind":"2","hasDescription":false},{"id":"012414912042","name":"Lyski","parentId":"012414912000","level":6,"kind":"2","hasDescription":false},{"id":"012414912052","name":"Świerklany","parentId":"012414912000","level":6,"kind":"2","hasDescription":false},{"id":"012414915011","name":"Pszów","parentId":"012414915000","level":6,"kind":"1","hasDescription":false},{"id":"012414915021","name":"Radlin","parentId":"012414915000","level":6,"kind":"1","hasDescription":true},{"id":"012414915031","name":"Rydułtowy","parentId":"012414915000","level":6,"kind":"1","hasDescription":false},{"id":"012414915041","name":"Wodzisław Śląski","parentId":"012414915000","level":6,"kind":"1","hasDescription":false},{"id":"012414915052","name":"Godów","parentId":"012414915000","level":6,"kind":"2","hasDescription":false},{"id":"012414915062","name":"Gorzyce","parentId":"012414915000","level":6,"kind":"2","hasDescription":false},{"id":"012414915072","name":"Lubomia","parentId":"012414915000","level":6,"kind":"2","hasDescription":false},{"id":"012414915082","name":"Marklowice","parentId":"012414915000","level":6,"kind":"2","hasDescription":false},{"id":"012414915092","name":"Mszana","parentId":"012414915000","level":6,"kind":"2","hasDescription":false},{"id":"012414967011","name":"Jastrzębie-Zdrój","parentId":"012414967000","level":6,"kind":"1","hasDescription":false},{"id":"012414973011","name":"Rybnik","parentId":"012414973000","level":6,"kind":"1","hasDescription":false},{"id":"012414979011","name":"Żory","parentId":"012414979000","level":6,"kind":"1","hasDescription":false},{"id":"012415001011","name":"Będzin","parentId":"012415001000","level":6,"kind":"1","hasDescription":false},{"id":"012415001021","name":"Czeladź","parentId":"012415001000","level":6,"kind":"1","hasDescription":false},{"id":"012415001031","name":"Wojkowice","parentId":"012415001000","level":6,"kind":"1","hasDescription":false},{"id":"012415001042","name":"Bobrowniki","parentId":"012415001000","level":6,"kind":"2","hasDescription":false},{"id":"012415001052","name":"Mierzęcice","parentId":"012415001000","level":6,"kind":"2","hasDescription":false},{"id":"012415001062","name":"Psary","parentId":"012415001000","level":6,"kind":"2","hasDescription":false},{"id":"012415001073","name":"Siewierz","parentId":"012415001000","level":6,"kind":"3","hasDescription":false},{"id":"012415001074","name":"Siewierz - miasto","parentId":"012415001073","level":6,"kind":"4","hasDescription":false},{"id":"012415001075","name":"Siewierz - obszar wiejski","parentId":"012415001073","level":6,"kind":"5","hasDescription":false},{"id":"012415001081","name":"Sławków","parentId":"012415001000","level":6,"kind":"1","hasDescription":true},{"id":"012415016011","name":"Poręba","parentId":"012415016000","level":6,"kind":"1","hasDescription":false},{"id":"012415016021","name":"Zawiercie","parentId":"012415016000","level":6,"kind":"1","hasDescription":false},{"id":"012415016032","name":"Irządze","parentId":"012415016000","level":6,"kind":"2","hasDescription":false},{"id":"012415016042","name":"Kroczyce","parentId":"012415016000","level":6,"kind":"2","hasDescription":false},{"id":"012415016053","name":"Łazy","parentId":"012415016000","level":6,"kind":"3","hasDescription":false},{"id":"012415016054","name":"Łazy - miasto","parentId":"012415016053","level":6,"kind":"4","hasDescription":false},{"id":"012415016055","name":"Łazy - obszar wiejski","parentId":"012415016053","level":6,"kind":"5","hasDescription":false},{"id":"012415016063","name":"Ogrodzieniec","parentId":"012415016000","level":6,"kind":"3","hasDescription":false},{"id":"012415016064","name":"Ogrodzieniec - miasto","parentId":"012415016063","level":6,"kind":"4","hasDescription":false},{"id":"012415016065","name":"Ogrodzieniec - obszar wiejski","parentId":"012415016063","level":6,"kind":"5","hasDescription":false},{"id":"012415016073","name":"Pilica","parentId":"012415016000","level":6,"kind":"3","hasDescription":false},{"id":"012415016074","name":"Pilica - miasto","parentId":"012415016073","level":6,"kind":"4","hasDescription":false},{"id":"012415016075","name":"Pilica - obszar wiejski","parentId":"012415016073","level":6,"kind":"5","hasDescription":false},{"id":"012415016083","name":"Szczekociny","parentId":"012415016000","level":6,"kind":"3","hasDescription":false},{"id":"012415016084","name":"Szczekociny - miasto","parentId":"012415016083","level":6,"kind":"4","hasDescription":false},{"id":"012415016085","name":"Szczekociny - obszar wiejski","parentId":"012415016083","level":6,"kind":"5","hasDescription":false},{"id":"012415016092","name":"Włodowice","parentId":"012415016000","level":6,"kind":"2","hasDescription":true},{"id":"012415016093","name":"Włodowice","parentId":"012415016000","level":6,"kind":"3","hasDescription":true},{"id":"012415016094","name":"Włodowice - miasto","parentId":"012415016093","level":6,"kind":"4","hasDescription":true},{"id":"012415016095","name":"Włodowice - obszar wiejski","parentId":"012415016093","level":6,"kind":"5","hasDescription":true},{"id":"012415016102","name":"Żarnowiec","parentId":"012415016000","level":6,"kind":"2","hasDescription":false},{"id":"012415065011","name":"Dąbrowa Górnicza","parentId":"012415065000","level":6,"kind":"1","hasDescription":false},{"id":"012415068011","name":"Jaworzno","parentId":"012415068000","level":6,"kind":"1","hasDescription":false}]}