{"totalRecords":4157,"page":13,"pageSize":100,"links":{"first":"https://bdl.stat.gov.pl/api/v1/units?level=6&page-size=100&format=json&page=0","prev":"https://bdl.stat.gov.pl/api/v1/units?level=6&page-size=100&format=json&page=12","self":"https://bdl.stat.gov.pl/api/v1/units?level=6&page-size=100&format=json&page=13","next":"https://bdl.stat.gov.pl/api/v1/units?level=6&page-size=100&format=json&page=14","last":"https://bdl.stat.gov.pl/api/v1/units?level=6&page-size=100&format=json&page=41"},"results":[{"id":"023216606044","name":"Gryfino - miasto","parentId":"023216606043","level":6,"kind":"4","hasDescription":false},{"id":"023216606045","name":"Gryfino - obszar wiejski","parentId":"023216606043","level":6,"kind":"5","hasDescription":false},{"id":"023216606053","name":"Mieszkowice","parentId":"023216606000","level":6,"kind":"3","hasDescription":false},{"id":"023216606054","name":"Mieszkowice - miasto","parentId":"023216606053","level":6,"kind":"4","hasDescription":false},{"id":"023216606055","name":"Mieszkowice - obszar wiejski","parentId":"023216606053","level":6,"kind":"5","hasDescription":false},{"id":"023216606063","name":"Moryń","parentId":"023216606000","level":6,"kind":"3","hasDescription":false},{"id":"023216606064","name":"Moryń - miasto","parentId":"023216606063","level":6,"kind":"4","hasDescription":false},{"id":"023216606065","name":"Moryń - obszar wiejski","parentId":"023216606063","level":6,"kind":"5","hasDescription":false},{"id":"023216606072","name":"Stare Czarnowo","parentId":"023216606000","level":6,"kind":"2","hasDescription":false},{"id":"023216606083","name":"Trzcińsko-Zdrój","parentId":"023216606000","level":6,"kind":"3","hasDescription":false},{"id":"023216606084","name":"Trzcińsko-Zdrój - miasto","parentId":"023216606083","level":6,"kind":"4","hasDescription":false},{"id":"023216606085","name":"Trzcińsko-Zdrój - obszar wiejski","parentId":"023216606083","level":6,"kind":"5","hasDescription":false},{"id":"023216606092","name":"Widuchowa","parentId":"023216606000","level":6,"kind":"2","hasDescription":false},{"id":"023216607012","name":"Dziwnów","parentId":"023216607000","level":6,"kind":"2","hasDescription":true},{"id":"023216607013","name":"Dziwnów","parentId":"023216607000","level":6,"kind":"3","hasDescription":true},{"id":"023216607014","name":"Dziwnów - miasto","parentId":"023216607013","level":6,"kind":"4","hasDescription":true},{"id":"023216607015","name":"Dziwnów - obszar wiejski","parentId":"023216607013","level":6,"kind":"5","hasDescription":true},{"id":"023216607023","name":"Golczewo","parentId":"023216607000","level":6,"kind":"3","hasDescription":false},{"id":"023216607024","name":"Golczewo - miasto","parentId":"023216607023","level":6,"kind":"4","hasDescription":false},{"id":"023216607025","name":"Golczewo - obszar wiejski","parentId":"023216607023","level":6,"kind":"5","hasDescription":false},{"id":"023216607033","name":"Kamień Pomorski","parentId":"023216607000","level":6,"kind":"3","hasDescription":false},{"id":"023216607034","name":"Kamień Pomorski - miasto","parentId":"023216607033","level":6,"kind":"4","hasDescription":false},{"id":"023216607035","name":"Kamień Pomorski - obszar wiejski","parentId":"023216607033","level":6,"kind":"5","hasDescription":false},{"id":"023216607043","name":"Międzyzdroje","parentId":"023216607000","level":6,"kind":"3","hasDescription":false},{"id":"023216607044","name":"Międzyzdroje - miasto","parentId":"023216607043","level":6,"kind":"4","hasDescription":false},{"id":"023216607045","name":"Międzyzdroje - obszar wiejski","parentId":"023216607043","level":6,"kind":"5","hasDescription":false},{"id":"023216607052","name":"Świerzno","parentId":"023216607000","level":6,"kind":"2","hasDescription":false},{"id":"023216607063","name":"Wolin","parentId":"023216607000","level":6,"kind":"3","hasDescription":false},{"id":"023216607064","name":"Wolin - miasto","parentId":"023216607063","level":6,"kind":"4","hasDescription":false},{"id":"023216607065","name":"Wolin - obszar wiejski","parentId":"023216607063","level":6,"kind":"5","hasDescription":false},{"id":"023216611012","name":"Dobra (Szczecińska)","parentId":"023216611000","level":6,"kind":"2","hasDescription":false},{"id":"023216611022","name":"Kołbaskowo","parentId":"023216611000","level":6,"kind":"2","hasDescription":false},{"id":"023216611033","name":"Nowe Warpno","parentId":"023216611000","level":6,"kind":"3","hasDescription":false},{"id":"023216611034","name":"Nowe Warpno - miasto","parentId":"023216611033","level":6,"kind":"4","hasDescription":false},{"id":"023216611035","name":"Nowe Warpno - obszar wiejski","parentId":"023216611033","level":6,"kind":"5","hasDescription":false},{"id":"023216611043","name":"Police","parentId":"023216611000","level":6,"kind":"3","hasDescription":false},{"id":"023216611044","name":"Police - miasto","parentId":"023216611043","level":6,"kind":"4","hasDescription":false},{"id":"023216611045","name":"Police - obszar wiejski","parentId":"023216611043","level":6,"kind":"5","hasDescription":false},{"id":"023216614011","name":"Stargard","parentId":"023216614000","level":6,"kind":"1","hasDescription":true},{"id":"023216614023","name":"Chociwel","parentId":"023216614000","level":6,"kind":"3","hasDescription":false},{"id":"023216614024","name":"Chociwel - miasto","parentId":"023216614023","level":6,"kind":"4","hasDescription":false},{"id":"023216614025","name":"Chociwel - obszar wiejski","parentId":"023216614023","level":6,"kind":"5","hasDescription":false},{"id":"023216614033","name":"Dobrzany","parentId":"023216614000","level":6,"kind":"3","hasDescription":false},{"id":"023216614034","name":"Dobrzany - miasto","parentId":"023216614033","level":6,"kind":"4","hasDescription":false},{"id":"023216614035","name":"Dobrzany - obszar wiejski","parentId":"023216614033","level":6,"kind":"5","hasDescription":false},{"id":"023216614042","name":"Dolice","parentId":"023216614000","level":6,"kind":"2","hasDescription":false},{"id":"023216614053","name":"Ińsko","parentId":"023216614000","level":6,"kind":"3","hasDescription":false},{"id":"023216614054","name":"Ińsko - miasto","parentId":"023216614053","level":6,"kind":"4","hasDescription":false},{"id":"023216614055","name":"Ińsko - obszar wiejski","parentId":"023216614053","level":6,"kind":"5","hasDescription":false},{"id":"023216614062","name":"Kobylanka","parentId":"023216614000","level":6,"kind":"2","hasDescription":false},{"id":"023216614073","name":"Łobez","parentId":"023216614000","level":6,"kind":"3","hasDescription":true},{"id":"023216614074","name":"Łobez - miasto","parentId":"023216614073","level":6,"kind":"4","hasDescription":true},{"id":"023216614075","name":"Łobez - obszar wiejski","parentId":"023216614073","level":6,"kind":"5","hasDescription":true},{"id":"023216614082","name":"Marianowo","parentId":"023216614000","level":6,"kind":"2","hasDescription":false},{"id":"023216614092","name":"Stara Dąbrowa","parentId":"023216614000","level":6,"kind":"2","hasDescription":false},{"id":"023216614102","name":"Stargard","parentId":"023216614000","level":6,"kind":"2","hasDescription":true},{"id":"023216614113","name":"Suchań","parentId":"023216614000","level":6,"kind":"3","hasDescription":false},{"id":"023216614114","name":"Suchań - miasto","parentId":"023216614113","level":6,"kind":"4","hasDescription":false},{"id":"023216614115","name":"Suchań - obszar wiejski","parentId":"023216614113","level":6,"kind":"5","hasDescription":false},{"id":"023216614123","name":"Węgorzyno","parentId":"023216614000","level":6,"kind":"3","hasDescription":true},{"id":"023216614124","name":"Węgorzyno - miasto","parentId":"023216614123","level":6,"kind":"4","hasDescription":true},{"id":"023216614125","name":"Węgorzyno - obszar wiejski","parentId":"023216614123","level":6,"kind":"5","hasDescription":true},{"id":"023216663011","name":"Świnoujście","parentId":"023216663000","level":6,"kind":"1","hasDescription":false},{"id":"030210101011","name":"Bolesławiec","parentId":"030210101000","level":6,"kind":"1","hasDescription":false},{"id":"030210101022","name":"Bolesławiec","parentId":"030210101000","level":6,"kind":"2","hasDescription":false},{"id":"030210101032","name":"Gromadka","parentId":"030210101000","level":6,"kind":"2","hasDescription":false},{"id":"030210101043","name":"Nowogrodziec","parentId":"030210101000","level":6,"kind":"3","hasDescription":false},{"id":"030210101044","name":"Nowogrodziec - miasto","parentId":"030210101043","level":6,"kind":"4","hasDescription":false},{"id":"030210101045","name":"Nowogrodziec - obszar wiejski","parentId":"030210101043","level":6,"kind":"5","hasDescription":false},{"id":"030210101052","name":"Osiecznica","parentId":"030210101000","level":6,"kind":"2","hasDescription":false},{"id":"030210101062","name":"Warta Bolesławiecka","parentId":"030210101000","level":6,"kind":"2","hasDescription":false},{"id":"030210105011","name":"Jawor","parentId":"030210105000","level":6,"kind":"1","hasDescription":false},{"id":"030210105023","name":"Bolków","parentId":"030210105000","level":6,"kind":"3","hasDescription":false},{"id":"030210105024","name":"Bolków - miasto","parentId":"030210105023","level":6,"kind":"4","hasDescription":false},{"id":"030210105025","name":"Bolków - obszar wiejski","parentId":"030210105023","level":6,"kind":"5","hasDescription":false},{"id":"030210105032","name":"Męcinka","parentId":"030210105000","level":6,"kind":"2","hasDescription":false},{"id":"030210105042","name":"Mściwojów","parentId":"030210105000","level":6,"kind":"2","hasDescription":false},{"id":"030210105052","name":"Paszowice","parentId":"030210105000","level":6,"kind":"2","hasDescription":false},{"id":"030210105062","name":"Wądroże Wielkie","parentId":"030210105000","level":6,"kind":"2","hasDescription":false},{"id":"030210106011","name":"Karpacz","parentId":"030210106000","level":6,"kind":"1","hasDescription":false},{"id":"030210106021","name":"Kowary","parentId":"030210106000","level":6,"kind":"1","hasDescription":false},{"id":"030210106031","name":"Piechowice","parentId":"030210106000","level":6,"kind":"1","hasDescription":false},{"id":"030210106041","name":"Szklarska Poręba","parentId":"030210106000","level":6,"kind":"1","hasDescription":false},{"id":"030210106052","name":"Janowice Wielkie","parentId":"030210106000","level":6,"kind":"2","hasDescription":false},{"id":"030210106062","name":"Jeżów Sudecki","parentId":"030210106000","level":6,"kind":"2","hasDescription":false},{"id":"030210106072","name":"Mysłakowice","parentId":"030210106000","level":6,"kind":"2","hasDescription":false},{"id":"030210106082","name":"Podgórzyn","parentId":"030210106000","level":6,"kind":"2","hasDescription":false},{"id":"030210106092","name":"Stara Kamienica","parentId":"030210106000","level":6,"kind":"2","hasDescription":false},{"id":"030210107011","name":"Kamienna Góra","parentId":"030210107000","level":6,"kind":"1","hasDescription":false},{"id":"030210107022","name":"Kamienna Góra","parentId":"030210107000","level":6,"kind":"2","hasDescription":false},{"id":"030210107033","name":"Lubawka","parentId":"030210107000","level":6,"kind":"3","hasDescription":false},{"id":"030210107034","name":"Lubawka - miasto","parentId":"030210107033","level":6,"kind":"4","hasDescription":false},{"id":"030210107035","name":"Lubawka - obszar wiejski","parentId":"030210107033","level":6,"kind":"5","hasDescription":false},{"id":"030210107042","name":"Marciszów","parentId":"030210107000","level":6,"kind":"2","hasDescription":false},{"id":"030210110011","name":"Lubań","parentId":"030210110000","level":6,"kind":"1","hasDescription":false},{"id":"030210110021","name":"Świeradów-Zdrój","parentId":"030210110000","level":6,"kind":"1","hasDescription":false},{"id":"030210110033","name":"Leśna","parentId":"030210110000","level":6,"kind":"3","hasDescription":false},{"id":"030210110034","name":"Leśna - miasto","parentId":"030210110033","level":6,"kind":"4","hasDescription":false},{"id":"030210110035","name":"Leśna - obszar wiejski","parentId":"030210110033","level":6,"kind":"5","hasDescription":false},{"id":"030210110042","name":"Lubań","parentId":"030210110000","level":6,"kind":"2","hasDescription":false}]}