{"totalRecords":4157,"page":9,"pageSize":100,"links":{"first":"https://bdl.stat.gov.pl/api/v1/units?level=6&page-size=100&format=json&page=0","prev":"https://bdl.stat.gov.pl/api/v1/units?level=6&page-size=100&format=json&page=8","self":"https://bdl.stat.gov.pl/api/v1/units?level=6&page-size=100&format=json&page=9","next":"https://bdl.stat.gov.pl/api/v1/units?level=6&page-size=100&format=json&page=10","last":"https://bdl.stat.gov.pl/api/v1/units?level=6&page-size=100&format=json&page=41"},"results":[{"id":"023015905032","name":"Kamieniec","parentId":"023015905000","level":6,"kind":"2","hasDescription":false},{"id":"023015905043","name":"Rakoniewice","parentId":"023015905000","level":6,"kind":"3","hasDescription":false},{"id":"023015905044","name":"Rakoniewice - miasto","parentId":"023015905043","level":6,"kind":"4","hasDescription":false},{"id":"023015905045","name":"Rakoniewice - obszar wiejski","parentId":"023015905043","level":6,"kind":"5","hasDescription":false},{"id":"023015905053","name":"Wielichowo","parentId":"023015905000","level":6,"kind":"3","hasDescription":false},{"id":"023015905054","name":"Wielichowo - miasto","parentId":"023015905053","level":6,"kind":"4","hasDescription":false},{"id":"023015905055","name":"Wielichowo - obszar wiejski","parentId":"023015905053","level":6,"kind":"5","hasDescription":false},{"id":"023015911011","name":"Kościan","parentId":"023015911000","level":6,"kind":"1","hasDescription":false},{"id":"023015911023","name":"Czempiń","parentId":"023015911000","level":6,"kind":"3","hasDescription":false},{"id":"023015911024","name":"Czempiń - miasto","parentId":"023015911023","level":6,"kind":"4","hasDescription":false},{"id":"023015911025","name":"Czempiń - obszar wiejski","parentId":"023015911023","level":6,"kind":"5","hasDescription":false},{"id":"023015911032","name":"Kościan","parentId":"023015911000","level":6,"kind":"2","hasDescription":false},{"id":"023015911043","name":"Krzywiń","parentId":"023015911000","level":6,"kind":"3","hasDescription":false},{"id":"023015911044","name":"Krzywiń - miasto","parentId":"023015911043","level":6,"kind":"4","hasDescription":false},{"id":"023015911045","name":"Krzywiń - obszar wiejski","parentId":"023015911043","level":6,"kind":"5","hasDescription":false},{"id":"023015911053","name":"Śmigiel","parentId":"023015911000","level":6,"kind":"3","hasDescription":false},{"id":"023015911054","name":"Śmigiel - miasto","parentId":"023015911053","level":6,"kind":"4","hasDescription":false},{"id":"023015911055","name":"Śmigiel - obszar wiejski","parentId":"023015911053","level":6,"kind":"5","hasDescription":false},{"id":"023015913012","name":"Krzemieniewo","parentId":"023015913000","level":6,"kind":"2","hasDescription":false},{"id":"023015913022","name":"Lipno","parentId":"023015913000","level":6,"kind":"2","hasDescription":false},{"id":"023015913033","name":"Osieczna","parentId":"023015913000","level":6,"kind":"3","hasDescription":false},{"id":"023015913034","name":"Osieczna - miasto","parentId":"023015913033","level":6,"kind":"4","hasDescription":false},{"id":"023015913035","name":"Osieczna - obszar wiejski","parentId":"023015913033","level":6,"kind":"5","hasDescription":false},{"id":"023015913043","name":"Rydzyna","parentId":"023015913000","level":6,"kind":"3","hasDescription":false},{"id":"023015913044","name":"Rydzyna - miasto","parentId":"023015913043","level":6,"kind":"4","hasDescription":false},{"id":"023015913045","name":"Rydzyna - obszar wiejski","parentId":"023015913043","level":6,"kind":"5","hasDescription":false},{"id":"023015913052","name":"Święciechowa","parentId":"023015913000","level":6,"kind":"2","hasDescription":false},{"id":"023015913062","name":"Wijewo","parentId":"023015913000","level":6,"kind":"2","hasDescription":false},{"id":"023015913072","name":"Włoszakowice","parentId":"023015913000","level":6,"kind":"2","hasDescription":false},{"id":"023015914012","name":"Chrzypsko Wielkie","parentId":"023015914000","level":6,"kind":"2","hasDescription":false},{"id":"023015914022","name":"Kwilcz","parentId":"023015914000","level":6,"kind":"2","hasDescription":false},{"id":"023015914033","name":"Międzychód","parentId":"023015914000","level":6,"kind":"3","hasDescription":false},{"id":"023015914034","name":"Międzychód - miasto","parentId":"023015914033","level":6,"kind":"4","hasDescription":false},{"id":"023015914035","name":"Międzychód - obszar wiejski","parentId":"023015914033","level":6,"kind":"5","hasDescription":false},{"id":"023015914043","name":"Sieraków","parentId":"023015914000","level":6,"kind":"3","hasDescription":false},{"id":"023015914044","name":"Sieraków - miasto","parentId":"023015914043","level":6,"kind":"4","hasDescription":false},{"id":"023015914045","name":"Sieraków - obszar wiejski","parentId":"023015914043","level":6,"kind":"5","hasDescription":false},{"id":"023015915012","name":"Kuślin","parentId":"023015915000","level":6,"kind":"2","hasDescription":false},{"id":"023015915023","name":"Lwówek","parentId":"023015915000","level":6,"kind":"3","hasDescription":false},{"id":"023015915024","name":"Lwówek - miasto","parentId":"023015915023","level":6,"kind":"4","hasDescription":false},{"id":"023015915025","name":"Lwówek - obszar wiejski","parentId":"023015915023","level":6,"kind":"5","hasDescription":false},{"id":"023015915032","name":"Miedzichowo","parentId":"023015915000","level":6,"kind":"2","hasDescription":false},{"id":"023015915043","name":"Nowy Tomyśl","parentId":"023015915000","level":6,"kind":"3","hasDescription":false},{"id":"023015915044","name":"Nowy Tomyśl - miasto","parentId":"023015915043","level":6,"kind":"4","hasDescription":false},{"id":"023015915045","name":"Nowy Tomyśl - obszar wiejski","parentId":"023015915043","level":6,"kind":"5","hasDescription":false},{"id":"023015915053","name":"Opalenica","parentId":"023015915000","level":6,"kind":"3","hasDescription":false},{"id":"023015915054","name":"Opalenica - miasto","parentId":"023015915053","level":6,"kind":"4","hasDescription":false},{"id":"023015915055","name":"Opalenica - obszar wiejski","parentId":"023015915053","level":6,"kind":"5","hasDescription":false},{"id":"023015915063","name":"Zbąszyń","parentId":"023015915000","level":6,"kind":"3","hasDescription":false},{"id":"023015915064","name":"Zbąszyń - miasto","parentId":"023015915063","level":6,"kind":"4","hasDescription":false},{"id":"023015915065","name":"Zbąszyń - obszar wiejski","parentId":"023015915063","level":6,"kind":"5","hasDescription":false},{"id":"023015922013","name":"Bojanowo","parentId":"023015922000","level":6,"kind":"3","hasDescription":false},{"id":"023015922014","name":"Bojanowo - miasto","parentId":"023015922013","level":6,"kind":"4","hasDescription":false},{"id":"023015922015","name":"Bojanowo - obszar wiejski","parentId":"023015922013","level":6,"kind":"5","hasDescription":false},{"id":"023015922023","name":"Jutrosin","parentId":"023015922000","level":6,"kind":"3","hasDescription":false},{"id":"023015922024","name":"Jutrosin - miasto","parentId":"023015922023","level":6,"kind":"4","hasDescription":false},{"id":"023015922025","name":"Jutrosin - obszar wiejski","parentId":"023015922023","level":6,"kind":"5","hasDescription":false},{"id":"023015922033","name":"Miejska Górka","parentId":"023015922000","level":6,"kind":"3","hasDescription":false},{"id":"023015922034","name":"Miejska Górka - miasto","parentId":"023015922033","level":6,"kind":"4","hasDescription":false},{"id":"023015922035","name":"Miejska Górka - obszar wiejski","parentId":"023015922033","level":6,"kind":"5","hasDescription":false},{"id":"023015922042","name":"Pakosław","parentId":"023015922000","level":6,"kind":"2","hasDescription":false},{"id":"023015922053","name":"Rawicz","parentId":"023015922000","level":6,"kind":"3","hasDescription":false},{"id":"023015922054","name":"Rawicz - miasto","parentId":"023015922053","level":6,"kind":"4","hasDescription":false},{"id":"023015922055","name":"Rawicz - obszar wiejski","parentId":"023015922053","level":6,"kind":"5","hasDescription":false},{"id":"023015929012","name":"Przemęt","parentId":"023015929000","level":6,"kind":"2","hasDescription":false},{"id":"023015929022","name":"Siedlec","parentId":"023015929000","level":6,"kind":"2","hasDescription":false},{"id":"023015929033","name":"Wolsztyn","parentId":"023015929000","level":6,"kind":"3","hasDescription":false},{"id":"023015929034","name":"Wolsztyn - miasto","parentId":"023015929033","level":6,"kind":"4","hasDescription":false},{"id":"023015929035","name":"Wolsztyn - obszar wiejski","parentId":"023015929033","level":6,"kind":"5","hasDescription":false},{"id":"023015963011","name":"Leszno","parentId":"023015963000","level":6,"kind":"1","hasDescription":false},{"id":"023016001011","name":"Chodzież","parentId":"023016001000","level":6,"kind":"1","hasDescription":false},{"id":"023016001022","name":"Budzyń","parentId":"023016001000","level":6,"kind":"2","hasDescription":true},{"id":"023016001023","name":"Budzyń","parentId":"023016001000","level":6,"kind":"3","hasDescription":true},{"id":"023016001024","name":"Budzyń - miasto","parentId":"023016001023","level":6,"kind":"4","hasDescription":true},{"id":"023016001025","name":"Budzyń - obszar wiejski","parentId":"023016001023","level":6,"kind":"5","hasDescription":true},{"id":"023016001032","name":"Chodzież","parentId":"023016001000","level":6,"kind":"2","hasDescription":false},{"id":"023016001043","name":"Margonin","parentId":"023016001000","level":6,"kind":"3","hasDescription":false},{"id":"023016001044","name":"Margonin - miasto","parentId":"023016001043","level":6,"kind":"4","hasDescription":false},{"id":"023016001045","name":"Margonin - obszar wiejski","parentId":"023016001043","level":6,"kind":"5","hasDescription":false},{"id":"023016001053","name":"Szamocin","parentId":"023016001000","level":6,"kind":"3","hasDescription":false},{"id":"023016001054","name":"Szamocin - miasto","parentId":"023016001053","level":6,"kind":"4","hasDescription":false},{"id":"023016001055","name":"Szamocin - obszar wiejski","parentId":"023016001053","level":6,"kind":"5","hasDescription":false},{"id":"023016002011","name":"Czarnków","parentId":"023016002000","level":6,"kind":"1","hasDescription":false},{"id":"023016002022","name":"Czarnków","parentId":"023016002000","level":6,"kind":"2","hasDescription":false},{"id":"023016002032","name":"Drawsko","parentId":"023016002000","level":6,"kind":"2","hasDescription":false},{"id":"023016002043","name":"Krzyż Wielkopolski","parentId":"023016002000","level":6,"kind":"3","hasDescription":false},{"id":"023016002044","name":"Krzyż Wielkopolski - miasto","parentId":"023016002043","level":6,"kind":"4","hasDescription":false},{"id":"023016002045","name":"Krzyż Wielkopolski - obszar wiejski","parentId":"023016002043","level":6,"kind":"5","hasDescription":false},{"id":"023016002052","name":"Lubasz","parentId":"023016002000","level":6,"kind":"2","hasDescription":false},{"id":"023016002062","name":"Połajewo","parentId":"023016002000","level":6,"kind":"2","hasDescription":false},{"id":"023016002073","name":"Trzcianka","parentId":"023016002000","level":6,"kind":"3","hasDescription":false},{"id":"023016002074","name":"Trzcianka - miasto","parentId":"023016002073","level":6,"kind":"4","hasDescription":false},{"id":"023016002075","name":"Trzcianka - obszar wiejski","parentId":"023016002073","level":6,"kind":"5","hasDescription":false},{"id":"023016002083","name":"Wieleń","parentId":"023016002000","level":6,"kind":"3","hasDescription":false},{"id":"023016002084","name":"Wieleń - miasto","parentId":"023016002083","level":6,"kind":"4","hasDescription":false},{"id":"023016002085","name":"Wieleń - obszar wiejski","parentId":"023016002083","level":6,"kind":"5","hasDescription":false},{"id":"023016019011","name":"Piła","parentId":"023016019000","level":6,"kind":"1","hasDescription":false},{"id":"023016019022","name":"Białośliwie","parentId":"023016019000","level":6,"kind":"2","hasDescription":false},{"id":"023016019032","name":"Kaczory","parentId":"023016019000","level":6,"kind":"2","hasDescription":true},{"id":"023016019033","name":"Kaczory","parentId":"023016019000","level":6,"kind":"3","hasDescription":true}]}