{"totalRecords":4157,"page":3,"pageSize":100,"links":{"first":"https://bdl.stat.gov.pl/api/v1/units?level=6&page-size=100&format=json&page=0","prev":"https://bdl.stat.gov.pl/api/v1/units?level=6&page-size=100&format=json&page=2","self":"https://bdl.stat.gov.pl/api/v1/units?level=6&page-size=100&format=json&page=3","next":"https://bdl.stat.gov.pl/api/v1/units?level=6&page-size=100&format=json&page=4","last":"https://bdl.stat.gov.pl/api/v1/units?level=6&page-size=100&format=json&page=41"},"results":[{"id":"012414402032","name":"Buczkowice","parentId":"012414402000","level":6,"kind":"2","hasDescription":false},{"id":"012414402043","name":"Czechowice-Dziedzice","parentId":"012414402000","level":6,"kind":"3","hasDescription":false},{"id":"012414402044","name":"Czechowice-Dziedzice - miasto","parentId":"012414402043","level":6,"kind":"4","hasDescription":false},{"id":"012414402045","name":"Czechowice-Dziedzice - obszar wiejski","parentId":"012414402043","level":6,"kind":"5","hasDescription":false},{"id":"012414402052","name":"Jasienica","parentId":"012414402000","level":6,"kind":"2","hasDescription":false},{"id":"012414402062","name":"Jaworze","parentId":"012414402000","level":6,"kind":"2","hasDescription":false},{"id":"012414402072","name":"Kozy","parentId":"012414402000","level":6,"kind":"2","hasDescription":false},{"id":"012414402082","name":"Porąbka","parentId":"012414402000","level":6,"kind":"2","hasDescription":false},{"id":"012414402093","name":"Wilamowice","parentId":"012414402000","level":6,"kind":"3","hasDescription":false},{"id":"012414402094","name":"Wilamowice - miasto","parentId":"012414402093","level":6,"kind":"4","hasDescription":false},{"id":"012414402095","name":"Wilamowice - obszar wiejski","parentId":"012414402093","level":6,"kind":"5","hasDescription":false},{"id":"012414402102","name":"Wilkowice","parentId":"012414402000","level":6,"kind":"2","hasDescription":false},{"id":"012414403011","name":"Cieszyn","parentId":"012414403000","level":6,"kind":"1","hasDescription":false},{"id":"012414403021","name":"Ustroń","parentId":"012414403000","level":6,"kind":"1","hasDescription":false},{"id":"012414403031","name":"Wisła","parentId":"012414403000","level":6,"kind":"1","hasDescription":false},{"id":"012414403042","name":"Brenna","parentId":"012414403000","level":6,"kind":"2","hasDescription":false},{"id":"012414403052","name":"Chybie","parentId":"012414403000","level":6,"kind":"2","hasDescription":false},{"id":"012414403062","name":"Dębowiec","parentId":"012414403000","level":6,"kind":"2","hasDescription":false},{"id":"012414403072","name":"Goleszów","parentId":"012414403000","level":6,"kind":"2","hasDescription":false},{"id":"012414403082","name":"Hażlach","parentId":"012414403000","level":6,"kind":"2","hasDescription":true},{"id":"012414403092","name":"Istebna","parentId":"012414403000","level":6,"kind":"2","hasDescription":false},{"id":"012414403103","name":"Skoczów","parentId":"012414403000","level":6,"kind":"3","hasDescription":false},{"id":"012414403104","name":"Skoczów - miasto","parentId":"012414403103","level":6,"kind":"4","hasDescription":false},{"id":"012414403105","name":"Skoczów - obszar wiejski","parentId":"012414403103","level":6,"kind":"5","hasDescription":false},{"id":"012414403113","name":"Strumień","parentId":"012414403000","level":6,"kind":"3","hasDescription":false},{"id":"012414403114","name":"Strumień - miasto","parentId":"012414403113","level":6,"kind":"4","hasDescription":false},{"id":"012414403115","name":"Strumień - obszar wiejski","parentId":"012414403113","level":6,"kind":"5","hasDescription":false},{"id":"012414403122","name":"Zebrzydowice","parentId":"012414403000","level":6,"kind":"2","hasDescription":false},{"id":"012414417011","name":"Żywiec","parentId":"012414417000","level":6,"kind":"1","hasDescription":false},{"id":"012414417022","name":"Czernichów","parentId":"012414417000","level":6,"kind":"2","hasDescription":false},{"id":"012414417032","name":"Gilowice","parentId":"012414417000","level":6,"kind":"2","hasDescription":false},{"id":"012414417042","name":"Jeleśnia","parentId":"012414417000","level":6,"kind":"2","hasDescription":false},{"id":"012414417052","name":"Koszarawa","parentId":"012414417000","level":6,"kind":"2","hasDescription":false},{"id":"012414417062","name":"Lipowa","parentId":"012414417000","level":6,"kind":"2","hasDescription":false},{"id":"012414417072","name":"Łękawica","parentId":"012414417000","level":6,"kind":"2","hasDescription":false},{"id":"012414417082","name":"Łodygowice","parentId":"012414417000","level":6,"kind":"2","hasDescription":false},{"id":"012414417092","name":"Milówka","parentId":"012414417000","level":6,"kind":"2","hasDescription":false},{"id":"012414417102","name":"Radziechowy-Wieprz","parentId":"012414417000","level":6,"kind":"2","hasDescription":false},{"id":"012414417112","name":"Rajcza","parentId":"012414417000","level":6,"kind":"2","hasDescription":false},{"id":"012414417122","name":"Ślemień","parentId":"012414417000","level":6,"kind":"2","hasDescription":false},{"id":"012414417132","name":"Świnna","parentId":"012414417000","level":6,"kind":"2","hasDescription":false},{"id":"012414417142","name":"Ujsoły","parentId":"012414417000","level":6,"kind":"2","hasDescription":false},{"id":"012414417152","name":"Węgierska Górka","parentId":"012414417000","level":6,"kind":"2","hasDescription":false},{"id":"012414461011","name":"Bielsko-Biała","parentId":"012414461000","level":6,"kind":"1","hasDescription":false},{"id":"012414507011","name":"Lubliniec","parentId":"012414507000","level":6,"kind":"1","hasDescription":false},{"id":"012414507022","name":"Boronów","parentId":"012414507000","level":6,"kind":"2","hasDescription":false},{"id":"012414507032","name":"Ciasna","parentId":"012414507000","level":6,"kind":"2","hasDescription":false},{"id":"012414507042","name":"Herby","parentId":"012414507000","level":6,"kind":"2","hasDescription":false},{"id":"012414507052","name":"Kochanowice","parentId":"012414507000","level":6,"kind":"2","hasDescription":false},{"id":"012414507062","name":"Koszęcin","parentId":"012414507000","level":6,"kind":"2","hasDescription":false},{"id":"012414507072","name":"Pawonków","parentId":"012414507000","level":6,"kind":"2","hasDescription":false},{"id":"012414507083","name":"Woźniki","parentId":"012414507000","level":6,"kind":"3","hasDescription":false},{"id":"012414507084","name":"Woźniki - miasto","parentId":"012414507083","level":6,"kind":"4","hasDescription":false},{"id":"012414507085","name":"Woźniki - obszar wiejski","parentId":"012414507083","level":6,"kind":"5","hasDescription":false},{"id":"012414513011","name":"Kalety","parentId":"012414513000","level":6,"kind":"1","hasDescription":false},{"id":"012414513021","name":"Miasteczko Śląskie","parentId":"012414513000","level":6,"kind":"1","hasDescription":false},{"id":"012414513031","name":"Radzionków","parentId":"012414513000","level":6,"kind":"1","hasDescription":true},{"id":"012414513041","name":"Tarnowskie Góry","parentId":"012414513000","level":6,"kind":"1","hasDescription":false},{"id":"012414513052","name":"Krupski Młyn","parentId":"012414513000","level":6,"kind":"2","hasDescription":false},{"id":"012414513062","name":"Ożarowice","parentId":"012414513000","level":6,"kind":"2","hasDescription":true},{"id":"012414513072","name":"Świerklaniec","parentId":"012414513000","level":6,"kind":"2","hasDescription":false},{"id":"012414513082","name":"Tworóg","parentId":"012414513000","level":6,"kind":"2","hasDescription":false},{"id":"012414513092","name":"Zbrosławice","parentId":"012414513000","level":6,"kind":"2","hasDescription":false},{"id":"012414562011","name":"Bytom","parentId":"012414562000","level":6,"kind":"1","hasDescription":false},{"id":"012414571011","name":"Piekary Śląskie","parentId":"012414571000","level":6,"kind":"1","hasDescription":false},{"id":"012414604013","name":"Blachownia","parentId":"012414604000","level":6,"kind":"3","hasDescription":false},{"id":"012414604014","name":"Blachownia - miasto","parentId":"012414604013","level":6,"kind":"4","hasDescription":false},{"id":"012414604015","name":"Blachownia - obszar wiejski","parentId":"012414604013","level":6,"kind":"5","hasDescription":false},{"id":"012414604022","name":"Dąbrowa Zielona","parentId":"012414604000","level":6,"kind":"2","hasDescription":false},{"id":"012414604032","name":"Janów","parentId":"012414604000","level":6,"kind":"2","hasDescription":false},{"id":"012414604042","name":"Kamienica Polska","parentId":"012414604000","level":6,"kind":"2","hasDescription":false},{"id":"012414604052","name":"Kłomnice","parentId":"012414604000","level":6,"kind":"2","hasDescription":false},{"id":"012414604063","name":"Koniecpol","parentId":"012414604000","level":6,"kind":"3","hasDescription":false},{"id":"012414604064","name":"Koniecpol - miasto","parentId":"012414604063","level":6,"kind":"4","hasDescription":false},{"id":"012414604065","name":"Koniecpol - obszar wiejski","parentId":"012414604063","level":6,"kind":"5","hasDescription":false},{"id":"012414604072","name":"Konopiska","parentId":"012414604000","level":6,"kind":"2","hasDescription":false},{"id":"012414604082","name":"Kruszyna","parentId":"012414604000","level":6,"kind":"2","hasDescription":false},{"id":"012414604092","name":"Lelów","parentId":"012414604000","level":6,"kind":"2","hasDescription":false},{"id":"012414604102","name":"Mstów","parentId":"012414604000","level":6,"kind":"2","hasDescription":false},{"id":"012414604112","name":"Mykanów","parentId":"012414604000","level":6,"kind":"2","hasDescription":false},{"id":"012414604122","name":"Olsztyn","parentId":"012414604000","level":6,"kind":"2","hasDescription":true},{"id":"012414604123","name":"Olsztyn","parentId":"012414604000","level":6,"kind":"3","hasDescription":true},{"id":"012414604124","name":"Olsztyn - miasto","parentId":"012414604123","level":6,"kind":"4","hasDescription":true},{"id":"012414604125","name":"Olsztyn - obszar wiejski","parentId":"012414604123","level":6,"kind":"5","hasDescription":true},{"id":"012414604132","name":"Poczesna","parentId":"012414604000","level":6,"kind":"2","hasDescription":false},{"id":"012414604142","name":"Przyrów","parentId":"012414604000","level":6,"kind":"2","hasDescription":true},{"id":"012414604143","name":"Przyrów","parentId":"012414604000","level":6,"kind":"3","hasDescription":true},{"id":"012414604144","name":"Przyrów - miasto","parentId":"012414604143","level":6,"kind":"4","hasDescription":true},{"id":"012414604145","name":"Przyrów - obszar wiejski","parentId":"012414604143","level":6,"kind":"5","hasDescription":true},{"id":"012414604152","name":"Rędziny","parentId":"012414604000","level":6,"kind":"2","hasDescription":false},{"id":"012414604162","name":"Starcza","parentId":"012414604000","level":6,"kind":"2","hasDescription":false},{"id":"012414606013","name":"Kłobuck","parentId":"012414606000","level":6,"kind":"3","hasDescription":false},{"id":"012414606014","name":"Kłobuck - miasto","parentId":"012414606013","level":6,"kind":"4","hasDescription":false},{"id":"012414606015","name":"Kłobuck - obszar wiejski","parentId":"012414606013","level":6,"kind":"5","hasDescription":false},{"id":"012414606023","name":"Krzepice","parentId":"012414606000","level":6,"kind":"3","hasDescription":false},{"id":"012414606024","name":"Krzepice - miasto","parentId":"012414606023","level":6,"kind":"4","hasDescription":false},{"id":"012414606025","name":"Krzepice - obszar wiejski","parentId":"012414606023","level":6,"kind":"5","hasDescription":false},{"id":"012414606032","name":"Lipie","parentId":"012414606000","level":6,"kind":"2","hasDescription":false},{"id":"012414606042","name":"Miedźno","parentId":"012414606000","level":6,"kind":"2","hasDescription":false},{"id":"012414606052","name":"Opatów","parentId":"012414606000","level":6,"kind":"2","hasDescription":false}]}