{"totalRecords":4157,"page":29,"pageSize":100,"links":{"first":"https://bdl.stat.gov.pl/api/v1/units?level=6&page-size=100&format=json&page=0","prev":"https://bdl.stat.gov.pl/api/v1/units?level=6&page-size=100&format=json&page=28","self":"https://bdl.stat.gov.pl/api/v1/units?level=6&page-size=100&format=json&page=29","next":"https://bdl.stat.gov.pl/api/v1/units?level=6&page-size=100&format=json&page=30","last":"https://bdl.stat.gov.pl/api/v1/units?level=6&page-size=100&format=json&page=41"},"results":[{"id":"060610901021","name":"Terespol","parentId":"060610901000","level":6,"kind":"1","hasDescription":false},{"id":"060610901032","name":"Biała Podlaska","parentId":"060610901000","level":6,"kind":"2","hasDescription":false},{"id":"060610901042","name":"Drelów","parentId":"060610901000","level":6,"kind":"2","hasDescription":false},{"id":"060610901052","name":"Janów Podlaski","parentId":"060610901000","level":6,"kind":"2","hasDescription":false},{"id":"060610901062","name":"Kodeń","parentId":"060610901000","level":6,"kind":"2","hasDescription":false},{"id":"060610901072","name":"Konstantynów","parentId":"060610901000","level":6,"kind":"2","hasDescription":false},{"id":"060610901082","name":"Leśna Podlaska","parentId":"060610901000","level":6,"kind":"2","hasDescription":false},{"id":"060610901092","name":"Łomazy","parentId":"060610901000","level":6,"kind":"2","hasDescription":false},{"id":"060610901102","name":"Międzyrzec Podlaski","parentId":"060610901000","level":6,"kind":"2","hasDescription":false},{"id":"060610901112","name":"Piszczac","parentId":"060610901000","level":6,"kind":"2","hasDescription":true},{"id":"060610901113","name":"Piszczac","parentId":"060610901000","level":6,"kind":"3","hasDescription":true},{"id":"060610901114","name":"Piszczac - miasto","parentId":"060610901113","level":6,"kind":"4","hasDescription":true},{"id":"060610901115","name":"Piszczac - obszar wiejski","parentId":"060610901113","level":6,"kind":"5","hasDescription":true},{"id":"060610901122","name":"Rokitno","parentId":"060610901000","level":6,"kind":"2","hasDescription":false},{"id":"060610901132","name":"Rossosz","parentId":"060610901000","level":6,"kind":"2","hasDescription":false},{"id":"060610901142","name":"Sławatycze","parentId":"060610901000","level":6,"kind":"2","hasDescription":false},{"id":"060610901152","name":"Sosnówka","parentId":"060610901000","level":6,"kind":"2","hasDescription":false},{"id":"060610901162","name":"Terespol","parentId":"060610901000","level":6,"kind":"2","hasDescription":false},{"id":"060610901172","name":"Tuczna","parentId":"060610901000","level":6,"kind":"2","hasDescription":false},{"id":"060610901182","name":"Wisznice","parentId":"060610901000","level":6,"kind":"2","hasDescription":false},{"id":"060610901192","name":"Zalesie","parentId":"060610901000","level":6,"kind":"2","hasDescription":false},{"id":"060610913012","name":"Dębowa Kłoda","parentId":"060610913000","level":6,"kind":"2","hasDescription":false},{"id":"060610913022","name":"Jabłoń","parentId":"060610913000","level":6,"kind":"2","hasDescription":false},{"id":"060610913032","name":"Milanów","parentId":"060610913000","level":6,"kind":"2","hasDescription":false},{"id":"060610913043","name":"Parczew","parentId":"060610913000","level":6,"kind":"3","hasDescription":false},{"id":"060610913044","name":"Parczew - miasto","parentId":"060610913043","level":6,"kind":"4","hasDescription":false},{"id":"060610913045","name":"Parczew - obszar wiejski","parentId":"060610913043","level":6,"kind":"5","hasDescription":false},{"id":"060610913052","name":"Podedwórze","parentId":"060610913000","level":6,"kind":"2","hasDescription":false},{"id":"060610913062","name":"Siemień","parentId":"060610913000","level":6,"kind":"2","hasDescription":false},{"id":"060610913072","name":"Sosnowica","parentId":"060610913000","level":6,"kind":"2","hasDescription":false},{"id":"060610915011","name":"Radzyń Podlaski","parentId":"060610915000","level":6,"kind":"1","hasDescription":false},{"id":"060610915022","name":"Borki","parentId":"060610915000","level":6,"kind":"2","hasDescription":false},{"id":"060610915032","name":"Czemierniki","parentId":"060610915000","level":6,"kind":"2","hasDescription":true},{"id":"060610915033","name":"Czemierniki","parentId":"060610915000","level":6,"kind":"3","hasDescription":true},{"id":"060610915034","name":"Czemierniki - miasto","parentId":"060610915033","level":6,"kind":"4","hasDescription":true},{"id":"060610915035","name":"Czemierniki - obszar wiejski","parentId":"060610915033","level":6,"kind":"5","hasDescription":true},{"id":"060610915042","name":"Kąkolewnica","parentId":"060610915000","level":6,"kind":"2","hasDescription":true},{"id":"060610915052","name":"Komarówka Podlaska","parentId":"060610915000","level":6,"kind":"2","hasDescription":false},{"id":"060610915062","name":"Radzyń Podlaski","parentId":"060610915000","level":6,"kind":"2","hasDescription":false},{"id":"060610915072","name":"Ulan-Majorat","parentId":"060610915000","level":6,"kind":"2","hasDescription":false},{"id":"060610915082","name":"Wohyń","parentId":"060610915000","level":6,"kind":"2","hasDescription":false},{"id":"060610919011","name":"Włodawa","parentId":"060610919000","level":6,"kind":"1","hasDescription":false},{"id":"060610919022","name":"Hanna","parentId":"060610919000","level":6,"kind":"2","hasDescription":false},{"id":"060610919032","name":"Hańsk","parentId":"060610919000","level":6,"kind":"2","hasDescription":false},{"id":"060610919042","name":"Stary Brus","parentId":"060610919000","level":6,"kind":"2","hasDescription":false},{"id":"060610919052","name":"Urszulin","parentId":"060610919000","level":6,"kind":"2","hasDescription":false},{"id":"060610919062","name":"Włodawa","parentId":"060610919000","level":6,"kind":"2","hasDescription":false},{"id":"060610919072","name":"Wola Uhruska","parentId":"060610919000","level":6,"kind":"2","hasDescription":false},{"id":"060610919082","name":"Wyryki","parentId":"060610919000","level":6,"kind":"2","hasDescription":false},{"id":"060610961011","name":"Biała Podlaska","parentId":"060610961000","level":6,"kind":"1","hasDescription":false},{"id":"060611002011","name":"Biłgoraj","parentId":"060611002000","level":6,"kind":"1","hasDescription":false},{"id":"060611002022","name":"Aleksandrów","parentId":"060611002000","level":6,"kind":"2","hasDescription":false},{"id":"060611002032","name":"Biłgoraj","parentId":"060611002000","level":6,"kind":"2","hasDescription":false},{"id":"060611002042","name":"Biszcza","parentId":"060611002000","level":6,"kind":"2","hasDescription":false},{"id":"060611002053","name":"Frampol","parentId":"060611002000","level":6,"kind":"3","hasDescription":false},{"id":"060611002054","name":"Frampol - miasto","parentId":"060611002053","level":6,"kind":"4","hasDescription":false},{"id":"060611002055","name":"Frampol - obszar wiejski","parentId":"060611002053","level":6,"kind":"5","hasDescription":false},{"id":"060611002062","name":"Goraj","parentId":"060611002000","level":6,"kind":"2","hasDescription":true},{"id":"060611002063","name":"Goraj","parentId":"060611002000","level":6,"kind":"3","hasDescription":true},{"id":"060611002064","name":"Goraj - miasto","parentId":"060611002063","level":6,"kind":"4","hasDescription":true},{"id":"060611002065","name":"Goraj - obszar wiejski","parentId":"060611002063","level":6,"kind":"5","hasDescription":true},{"id":"060611002073","name":"Józefów","parentId":"060611002000","level":6,"kind":"3","hasDescription":false},{"id":"060611002074","name":"Józefów - miasto","parentId":"060611002073","level":6,"kind":"4","hasDescription":false},{"id":"060611002075","name":"Józefów - obszar wiejski","parentId":"060611002073","level":6,"kind":"5","hasDescription":false},{"id":"060611002082","name":"Księżpol","parentId":"060611002000","level":6,"kind":"2","hasDescription":false},{"id":"060611002092","name":"Łukowa","parentId":"060611002000","level":6,"kind":"2","hasDescription":false},{"id":"060611002102","name":"Obsza","parentId":"060611002000","level":6,"kind":"2","hasDescription":false},{"id":"060611002112","name":"Potok Górny","parentId":"060611002000","level":6,"kind":"2","hasDescription":false},{"id":"060611002123","name":"Tarnogród","parentId":"060611002000","level":6,"kind":"3","hasDescription":false},{"id":"060611002124","name":"Tarnogród - miasto","parentId":"060611002123","level":6,"kind":"4","hasDescription":false},{"id":"060611002125","name":"Tarnogród - obszar wiejski","parentId":"060611002123","level":6,"kind":"5","hasDescription":false},{"id":"060611002132","name":"Tereszpol","parentId":"060611002000","level":6,"kind":"2","hasDescription":false},{"id":"060611002142","name":"Turobin","parentId":"060611002000","level":6,"kind":"2","hasDescription":true},{"id":"060611002143","name":"Turobin","parentId":"060611002000","level":6,"kind":"3","hasDescription":true},{"id":"060611002144","name":"Turobin - miasto","parentId":"060611002143","level":6,"kind":"4","hasDescription":true},{"id":"060611002145","name":"Turobin - obszar wiejski","parentId":"060611002143","level":6,"kind":"5","hasDescription":true},{"id":"060611003011","name":"Rejowiec Fabryczny","parentId":"060611003000","level":6,"kind":"1","hasDescription":false},{"id":"060611003022","name":"Białopole","parentId":"060611003000","level":6,"kind":"2","hasDescription":false},{"id":"060611003032","name":"Chełm","parentId":"060611003000","level":6,"kind":"2","hasDescription":false},{"id":"060611003042","name":"Dorohusk","parentId":"060611003000","level":6,"kind":"2","hasDescription":false},{"id":"060611003052","name":"Dubienka","parentId":"060611003000","level":6,"kind":"2","hasDescription":false},{"id":"060611003062","name":"Kamień","parentId":"060611003000","level":6,"kind":"2","hasDescription":false},{"id":"060611003072","name":"Leśniowice","parentId":"060611003000","level":6,"kind":"2","hasDescription":false},{"id":"060611003082","name":"Rejowiec Fabryczny","parentId":"060611003000","level":6,"kind":"2","hasDescription":false},{"id":"060611003092","name":"Ruda-Huta","parentId":"060611003000","level":6,"kind":"2","hasDescription":false},{"id":"060611003102","name":"Sawin","parentId":"060611003000","level":6,"kind":"2","hasDescription":false},{"id":"060611003112","name":"Siedliszcze","parentId":"060611003000","level":6,"kind":"2","hasDescription":true},{"id":"060611003113","name":"Siedliszcze","parentId":"060611003000","level":6,"kind":"3","hasDescription":true},{"id":"060611003114","name":"Siedliszcze - miasto","parentId":"060611003113","level":6,"kind":"4","hasDescription":true},{"id":"060611003115","name":"Siedliszcze - obszar wiejski","parentId":"060611003113","level":6,"kind":"5","hasDescription":true},{"id":"060611003122","name":"Wierzbica","parentId":"060611003000","level":6,"kind":"2","hasDescription":false},{"id":"060611003132","name":"Wojsławice","parentId":"060611003000","level":6,"kind":"2","hasDescription":false},{"id":"060611003142","name":"Żmudź","parentId":"060611003000","level":6,"kind":"2","hasDescription":false},{"id":"060611003152","name":"Rejowiec","parentId":"060611003000","level":6,"kind":"2","hasDescription":true},{"id":"060611003153","name":"Rejowiec","parentId":"060611003000","level":6,"kind":"3","hasDescription":true},{"id":"060611003154","name":"Rejowiec - miasto","parentId":"060611003153","level":6,"kind":"4","hasDescription":true},{"id":"060611003155","name":"Rejowiec - obszar wiejski","parentId":"060611003153","level":6,"kind":"5","hasDescription":true},{"id":"060611004011","name":"Hrubieszów","parentId":"060611004000","level":6,"kind":"1","hasDescription":false},{"id":"060611004022","name":"Dołhobyczów","parentId":"060611004000","level":6,"kind":"2","hasDescription":false},{"id":"060611004032","name":"Horodło","parentId":"060611004000","level":6,"kind":"2","hasDescription":false}]}