{"totalRecords":4157,"page":0,"pageSize":100,"links":{"first":"https://bdl.stat.gov.pl/api/v1/units?level=6&page-size=100&format=json&page=0","self":"https://bdl.stat.gov.pl/api/v1/units?level=6&page-size=100&format=json&page=0","next":"https://bdl.stat.gov.pl/api/v1/units?level=6&page-size=100&format=json&page=1","last":"https://bdl.stat.gov.pl/api/v1/units?level=6&page-size=100&format=json&page=41"},"results":[{"id":"011212001011","name":"Bochnia","parentId":"011212001000","level":6,"kind":"1","hasDescription":false},{"id":"011212001022","name":"Bochnia","parentId":"011212001000","level":6,"kind":"2","hasDescription":false},{"id":"011212001032","name":"Drwinia","parentId":"011212001000","level":6,"kind":"2","hasDescription":false},{"id":"011212001042","name":"Lipnica Murowana","parentId":"011212001000","level":6,"kind":"2","hasDescription":false},{"id":"011212001052","name":"Łapanów","parentId":"011212001000","level":6,"kind":"2","hasDescription":false},{"id":"011212001063","name":"Nowy Wiśnicz","parentId":"011212001000","level":6,"kind":"3","hasDescription":false},{"id":"011212001064","name":"Nowy Wiśnicz - miasto","parentId":"011212001063","level":6,"kind":"4","hasDescription":false},{"id":"011212001065","name":"Nowy Wiśnicz - obszar wiejski","parentId":"011212001063","level":6,"kind":"5","hasDescription":false},{"id":"011212001072","name":"Rzezawa","parentId":"011212001000","level":6,"kind":"2","hasDescription":false},{"id":"011212001082","name":"Trzciana","parentId":"011212001000","level":6,"kind":"2","hasDescription":false},{"id":"011212001092","name":"Żegocina","parentId":"011212001000","level":6,"kind":"2","hasDescription":false},{"id":"011212006012","name":"Czernichów","parentId":"011212006000","level":6,"kind":"2","hasDescription":false},{"id":"011212006022","name":"Igołomia-Wawrzeńczyce","parentId":"011212006000","level":6,"kind":"2","hasDescription":false},{"id":"011212006032","name":"Iwanowice","parentId":"011212006000","level":6,"kind":"2","hasDescription":false},{"id":"011212006042","name":"Jerzmanowice-Przeginia","parentId":"011212006000","level":6,"kind":"2","hasDescription":false},{"id":"011212006052","name":"Kocmyrzów-Luborzyca","parentId":"011212006000","level":6,"kind":"2","hasDescription":false},{"id":"011212006063","name":"Krzeszowice","parentId":"011212006000","level":6,"kind":"3","hasDescription":false},{"id":"011212006064","name":"Krzeszowice - miasto","parentId":"011212006063","level":6,"kind":"4","hasDescription":false},{"id":"011212006065","name":"Krzeszowice - obszar wiejski","parentId":"011212006063","level":6,"kind":"5","hasDescription":false},{"id":"011212006072","name":"Liszki","parentId":"011212006000","level":6,"kind":"2","hasDescription":false},{"id":"011212006082","name":"Michałowice","parentId":"011212006000","level":6,"kind":"2","hasDescription":false},{"id":"011212006092","name":"Mogilany","parentId":"011212006000","level":6,"kind":"2","hasDescription":false},{"id":"011212006103","name":"Skała","parentId":"011212006000","level":6,"kind":"3","hasDescription":false},{"id":"011212006104","name":"Skała - miasto","parentId":"011212006103","level":6,"kind":"4","hasDescription":false},{"id":"011212006105","name":"Skała - obszar wiejski","parentId":"011212006103","level":6,"kind":"5","hasDescription":false},{"id":"011212006113","name":"Skawina","parentId":"011212006000","level":6,"kind":"3","hasDescription":false},{"id":"011212006114","name":"Skawina - miasto","parentId":"011212006113","level":6,"kind":"4","hasDescription":false},{"id":"011212006115","name":"Skawina - obszar wiejski","parentId":"011212006113","level":6,"kind":"5","hasDescription":false},{"id":"011212006123","name":"Słomniki","parentId":"011212006000","level":6,"kind":"3","hasDescription":false},{"id":"011212006124","name":"Słomniki - miasto","parentId":"011212006123","level":6,"kind":"4","hasDescription":false},{"id":"011212006125","name":"Słomniki - obszar wiejski","parentId":"011212006123","level":6,"kind":"5","hasDescription":false},{"id":"011212006132","name":"Sułoszowa","parentId":"011212006000","level":6,"kind":"2","hasDescription":false},{"id":"011212006142","name":"Świątniki Górne","parentId":"011212006000","level":6,"kind":"2","hasDescription":true},{"id":"011212006143","name":"Świątniki Górne","parentId":"011212006000","level":6,"kind":"3","hasDescription":true},{"id":"011212006144","name":"Świątniki Górne - miasto","parentId":"011212006143","level":6,"kind":"4","hasDescription":true},{"id":"011212006145","name":"Świątniki Górne - obszar wiejski","parentId":"011212006143","level":6,"kind":"5","hasDescription":true},{"id":"011212006152","name":"Wielka Wieś","parentId":"011212006000","level":6,"kind":"2","hasDescription":false},{"id":"011212006162","name":"Zabierzów","parentId":"011212006000","level":6,"kind":"2","hasDescription":false},{"id":"011212006172","name":"Zielonki","parentId":"011212006000","level":6,"kind":"2","hasDescription":false},{"id":"011212008012","name":"Charsznica","parentId":"011212008000","level":6,"kind":"2","hasDescription":false},{"id":"011212008022","name":"Gołcza","parentId":"011212008000","level":6,"kind":"2","hasDescription":false},{"id":"011212008032","name":"Kozłów","parentId":"011212008000","level":6,"kind":"2","hasDescription":false},{"id":"011212008042","name":"Książ Wielki","parentId":"011212008000","level":6,"kind":"2","hasDescription":true},{"id":"011212008043","name":"Książ Wielki","parentId":"011212008000","level":6,"kind":"3","hasDescription":true},{"id":"011212008044","name":"Książ Wielki - miasto","parentId":"011212008043","level":6,"kind":"4","hasDescription":true},{"id":"011212008045","name":"Książ Wielki - obszar wiejski","parentId":"011212008043","level":6,"kind":"5","hasDescription":true},{"id":"011212008053","name":"Miechów","parentId":"011212008000","level":6,"kind":"3","hasDescription":false},{"id":"011212008054","name":"Miechów - miasto","parentId":"011212008053","level":6,"kind":"4","hasDescription":false},{"id":"011212008055","name":"Miechów - obszar wiejski","parentId":"011212008053","level":6,"kind":"5","hasDescription":false},{"id":"011212008062","name":"Racławice","parentId":"011212008000","level":6,"kind":"2","hasDescription":false},{"id":"011212008072","name":"Słaboszów","parentId":"011212008000","level":6,"kind":"2","hasDescription":false},{"id":"011212009013","name":"Dobczyce","parentId":"011212009000","level":6,"kind":"3","hasDescription":false},{"id":"011212009014","name":"Dobczyce - miasto","parentId":"011212009013","level":6,"kind":"4","hasDescription":false},{"id":"011212009015","name":"Dobczyce - obszar wiejski","parentId":"011212009013","level":6,"kind":"5","hasDescription":false},{"id":"011212009022","name":"Lubień","parentId":"011212009000","level":6,"kind":"2","hasDescription":false},{"id":"011212009033","name":"Myślenice","parentId":"011212009000","level":6,"kind":"3","hasDescription":false},{"id":"011212009034","name":"Myślenice - miasto","parentId":"011212009033","level":6,"kind":"4","hasDescription":false},{"id":"011212009035","name":"Myślenice - obszar wiejski","parentId":"011212009033","level":6,"kind":"5","hasDescription":false},{"id":"011212009042","name":"Pcim","parentId":"011212009000","level":6,"kind":"2","hasDescription":false},{"id":"011212009052","name":"Raciechowice","parentId":"011212009000","level":6,"kind":"2","hasDescription":false},{"id":"011212009062","name":"Siepraw","parentId":"011212009000","level":6,"kind":"2","hasDescription":false},{"id":"011212009073","name":"Sułkowice","parentId":"011212009000","level":6,"kind":"3","hasDescription":false},{"id":"011212009074","name":"Sułkowice - miasto","parentId":"011212009073","level":6,"kind":"4","hasDescription":false},{"id":"011212009075","name":"Sułkowice - obszar wiejski","parentId":"011212009073","level":6,"kind":"5","hasDescription":false},{"id":"011212009082","name":"Tokarnia","parentId":"011212009000","level":6,"kind":"2","hasDescription":false},{"id":"011212009092","name":"Wiśniowa","parentId":"011212009000","level":6,"kind":"2","hasDescription":false},{"id":"011212014012","name":"Koniusza","parentId":"011212014000","level":6,"kind":"2","hasDescription":false},{"id":"011212014022","name":"Koszyce","parentId":"011212014000","level":6,"kind":"2","hasDescription":true},{"id":"011212014023","name":"Koszyce","parentId":"011212014000","level":6,"kind":"3","hasDescription":true},{"id":"011212014024","name":"Koszyce - miasto","parentId":"011212014023","level":6,"kind":"4","hasDescription":true},{"id":"011212014025","name":"Koszyce - obszar wiejski","parentId":"011212014023","level":6,"kind":"5","hasDescription":true},{"id":"011212014032","name":"Nowe Brzesko","parentId":"011212014000","level":6,"kind":"2","hasDescription":true},{"id":"011212014033","name":"Nowe Brzesko","parentId":"011212014000","level":6,"kind":"3","hasDescription":true},{"id":"011212014034","name":"Nowe Brzesko - miasto","parentId":"011212014033","level":6,"kind":"4","hasDescription":true},{"id":"011212014035","name":"Nowe Brzesko - obszar wiejski","parentId":"011212014033","level":6,"kind":"5","hasDescription":true},{"id":"011212014042","name":"Pałecznica","parentId":"011212014000","level":6,"kind":"2","hasDescription":false},{"id":"011212014053","name":"Proszowice","parentId":"011212014000","level":6,"kind":"3","hasDescription":false},{"id":"011212014054","name":"Proszowice - miasto","parentId":"011212014053","level":6,"kind":"4","hasDescription":false},{"id":"011212014055","name":"Proszowice - obszar wiejski","parentId":"011212014053","level":6,"kind":"5","hasDescription":false},{"id":"011212014062","name":"Radziemice","parentId":"011212014000","level":6,"kind":"2","hasDescription":false},{"id":"011212019012","name":"Biskupice","parentId":"011212019000","level":6,"kind":"2","hasDescription":false},{"id":"011212019022","name":"Gdów","parentId":"011212019000","level":6,"kind":"2","hasDescription":false},{"id":"011212019032","name":"Kłaj","parentId":"011212019000","level":6,"kind":"2","hasDescription":false},{"id":"011212019043","name":"Niepołomice","parentId":"011212019000","level":6,"kind":"3","hasDescription":false},{"id":"011212019044","name":"Niepołomice - miasto","parentId":"011212019043","level":6,"kind":"4","hasDescription":false},{"id":"011212019045","name":"Niepołomice - obszar wiejski","parentId":"011212019043","level":6,"kind":"5","hasDescription":false},{"id":"011212019053","name":"Wieliczka","parentId":"011212019000","level":6,"kind":"3","hasDescription":false},{"id":"011212019054","name":"Wieliczka - miasto","parentId":"011212019053","level":6,"kind":"4","hasDescription":false},{"id":"011212019055","name":"Wieliczka - obszar wiejski","parentId":"011212019053","level":6,"kind":"5","hasDescription":false},{"id":"011212161011","name":"Kraków","parentId":"011212161000","level":6,"kind":"1","hasDescription":false},{"id":"011212205011","name":"Gorlice","parentId":"011212205000","level":6,"kind":"1","hasDescription":false},{"id":"011212205023","name":"Biecz","parentId":"011212205000","level":6,"kind":"3","hasDescription":false},{"id":"011212205024","name":"Biecz - miasto","parentId":"011212205023","level":6,"kind":"4","hasDescription":false},{"id":"011212205025","name":"Biecz - obszar wiejski","parentId":"011212205023","level":6,"kind":"5","hasDescription":false},{"id":"011212205032","name":"Bobowa","parentId":"011212205000","level":6,"kind":"2","hasDescription":true},{"id":"011212205033","name":"Bobowa","parentId":"011212205000","level":6,"kind":"3","hasDescription":true},{"id":"011212205034","name":"Bobowa - miasto","parentId":"011212205033","level":6,"kind":"4","hasDescription":true},{"id":"011212205035","name":"Bobowa - obszar wiejski","parentId":"011212205033","level":6,"kind":"5","hasDescription":true},{"id":"011212205042","name":"Gorlice","parentId":"011212205000","level":6,"kind":"2","hasDescription":false},{"id":"011212205052","name":"Lipinki","parentId":"011212205000","level":6,"kind":"2","hasDescription":false}]}