{"totalRecords":4157,"page":36,"pageSize":100,"links":{"first":"https://bdl.stat.gov.pl/api/v1/units?level=6&page-size=100&format=json&page=0","prev":"https://bdl.stat.gov.pl/api/v1/units?level=6&page-size=100&format=json&page=35","self":"https://bdl.stat.gov.pl/api/v1/units?level=6&page-size=100&format=json&page=36","next":"https://bdl.stat.gov.pl/api/v1/units?level=6&page-size=100&format=json&page=37","last":"https://bdl.stat.gov.pl/api/v1/units?level=6&page-size=100&format=json&page=41"},"results":[{"id":"062013904055","name":"Szczuczyn - obszar wiejski","parentId":"062013904053","level":6,"kind":"5","hasDescription":false},{"id":"062013904062","name":"Wąsosz","parentId":"062013904000","level":6,"kind":"2","hasDescription":false},{"id":"062013908013","name":"Goniądz","parentId":"062013908000","level":6,"kind":"3","hasDescription":false},{"id":"062013908014","name":"Goniądz - miasto","parentId":"062013908013","level":6,"kind":"4","hasDescription":false},{"id":"062013908015","name":"Goniądz - obszar wiejski","parentId":"062013908013","level":6,"kind":"5","hasDescription":false},{"id":"062013908022","name":"Jasionówka","parentId":"062013908000","level":6,"kind":"2","hasDescription":false},{"id":"062013908032","name":"Jaświły","parentId":"062013908000","level":6,"kind":"2","hasDescription":false},{"id":"062013908043","name":"Knyszyn","parentId":"062013908000","level":6,"kind":"3","hasDescription":false},{"id":"062013908044","name":"Knyszyn - miasto","parentId":"062013908043","level":6,"kind":"4","hasDescription":false},{"id":"062013908045","name":"Knyszyn - obszar wiejski","parentId":"062013908043","level":6,"kind":"5","hasDescription":false},{"id":"062013908052","name":"Krypno","parentId":"062013908000","level":6,"kind":"2","hasDescription":false},{"id":"062013908063","name":"Mońki","parentId":"062013908000","level":6,"kind":"3","hasDescription":false},{"id":"062013908064","name":"Mońki - miasto","parentId":"062013908063","level":6,"kind":"4","hasDescription":false},{"id":"062013908065","name":"Mońki - obszar wiejski","parentId":"062013908063","level":6,"kind":"5","hasDescription":false},{"id":"062013908072","name":"Trzcianne","parentId":"062013908000","level":6,"kind":"2","hasDescription":false},{"id":"062013909011","name":"Sejny","parentId":"062013909000","level":6,"kind":"1","hasDescription":false},{"id":"062013909022","name":"Giby","parentId":"062013909000","level":6,"kind":"2","hasDescription":false},{"id":"062013909032","name":"Krasnopol","parentId":"062013909000","level":6,"kind":"2","hasDescription":false},{"id":"062013909042","name":"Puńsk","parentId":"062013909000","level":6,"kind":"2","hasDescription":false},{"id":"062013909052","name":"Sejny","parentId":"062013909000","level":6,"kind":"2","hasDescription":false},{"id":"062013912012","name":"Bakałarzewo","parentId":"062013912000","level":6,"kind":"2","hasDescription":false},{"id":"062013912022","name":"Filipów","parentId":"062013912000","level":6,"kind":"2","hasDescription":false},{"id":"062013912032","name":"Jeleniewo","parentId":"062013912000","level":6,"kind":"2","hasDescription":false},{"id":"062013912042","name":"Przerośl","parentId":"062013912000","level":6,"kind":"2","hasDescription":false},{"id":"062013912052","name":"Raczki","parentId":"062013912000","level":6,"kind":"2","hasDescription":false},{"id":"062013912062","name":"Rutka-Tartak","parentId":"062013912000","level":6,"kind":"2","hasDescription":false},{"id":"062013912072","name":"Suwałki","parentId":"062013912000","level":6,"kind":"2","hasDescription":false},{"id":"062013912082","name":"Szypliszki","parentId":"062013912000","level":6,"kind":"2","hasDescription":false},{"id":"062013912092","name":"Wiżajny","parentId":"062013912000","level":6,"kind":"2","hasDescription":false},{"id":"062013963011","name":"Suwałki","parentId":"062013963000","level":6,"kind":"1","hasDescription":false},{"id":"071412831001","name":"M.st.Warszawa do 2001","parentId":"071412831000","level":6,"kind":"1","hasDescription":true},{"id":"071412831011","name":"Warszawa - Bemowo do 2001","parentId":"071412831001","level":6,"kind":"1","hasDescription":true},{"id":"071412831021","name":"Warszawa - Białołęka do 2001","parentId":"071412831001","level":6,"kind":"1","hasDescription":true},{"id":"071412831031","name":"Warszawa - Bielany do 2001","parentId":"071412831001","level":6,"kind":"1","hasDescription":true},{"id":"071412831041","name":"Warszawa - Centrum do 2001","parentId":"071412831001","level":6,"kind":"1","hasDescription":true},{"id":"071412831121","name":"Warszawa - Rembertów do 2001","parentId":"071412831001","level":6,"kind":"1","hasDescription":true},{"id":"071412831131","name":"Warszawa - Targówek do 2001","parentId":"071412831001","level":6,"kind":"1","hasDescription":true},{"id":"071412831141","name":"Warszawa - Ursus do 2001","parentId":"071412831001","level":6,"kind":"1","hasDescription":true},{"id":"071412831151","name":"Warszawa - Ursynów do 2001","parentId":"071412831001","level":6,"kind":"1","hasDescription":true},{"id":"071412831161","name":"Warszawa - Wawer do 2001","parentId":"071412831001","level":6,"kind":"1","hasDescription":true},{"id":"071412831171","name":"Warszawa - Wilanów do 2001","parentId":"071412831001","level":6,"kind":"1","hasDescription":true},{"id":"071412831181","name":"Warszawa - Włochy do 2001","parentId":"071412831001","level":6,"kind":"1","hasDescription":true},{"id":"071412831981","name":"Związek gmin dzielnic Warszawy do 2001","parentId":"071412831001","level":6,"kind":"1","hasDescription":true},{"id":"071412831991","name":"GMINY-DZIELNICY WARSZAWY NIE USTALONO do 2001","parentId":"071412831001","level":6,"kind":"1","hasDescription":true},{"id":"071412865011","name":"M.st.Warszawa od 2002","parentId":"071412865000","level":6,"kind":"1","hasDescription":true},{"id":"071412865028","name":"Bemowo - dzielnica","parentId":"071412865011","level":6,"kind":"8","hasDescription":true},{"id":"071412865038","name":"Białołęka - dzielnica","parentId":"071412865011","level":6,"kind":"8","hasDescription":true},{"id":"071412865048","name":"Bielany - dzielnica","parentId":"071412865011","level":6,"kind":"8","hasDescription":true},{"id":"071412865058","name":"Mokotów - dzielnica","parentId":"071412865011","level":6,"kind":"8","hasDescription":true},{"id":"071412865068","name":"Ochota - dzielnica","parentId":"071412865011","level":6,"kind":"8","hasDescription":true},{"id":"071412865078","name":"Praga-Południe - dzielnica","parentId":"071412865011","level":6,"kind":"8","hasDescription":true},{"id":"071412865088","name":"Praga-Północ - dzielnica","parentId":"071412865011","level":6,"kind":"8","hasDescription":true},{"id":"071412865098","name":"Rembertów - dzielnica","parentId":"071412865011","level":6,"kind":"8","hasDescription":true},{"id":"071412865108","name":"Śródmieście - dzielnica","parentId":"071412865011","level":6,"kind":"8","hasDescription":true},{"id":"071412865118","name":"Targówek - dzielnica","parentId":"071412865011","level":6,"kind":"8","hasDescription":true},{"id":"071412865128","name":"Ursus - dzielnica","parentId":"071412865011","level":6,"kind":"8","hasDescription":true},{"id":"071412865138","name":"Ursynów - dzielnica","parentId":"071412865011","level":6,"kind":"8","hasDescription":true},{"id":"071412865148","name":"Wawer - dzielnica","parentId":"071412865011","level":6,"kind":"8","hasDescription":true},{"id":"071412865158","name":"Wesoła - dzielnica","parentId":"071412865011","level":6,"kind":"8","hasDescription":true},{"id":"071412865168","name":"Wilanów - dzielnica","parentId":"071412865011","level":6,"kind":"8","hasDescription":true},{"id":"071412865178","name":"Włochy - dzielnica","parentId":"071412865011","level":6,"kind":"8","hasDescription":true},{"id":"071412865188","name":"Wola - dzielnica","parentId":"071412865011","level":6,"kind":"8","hasDescription":true},{"id":"071412865198","name":"Żoliborz - dzielnica","parentId":"071412865011","level":6,"kind":"8","hasDescription":true},{"id":"071412865998","name":"GMINY-DZIELNICY WARSZAWY NIE USTALONO","parentId":"071412865011","level":6,"kind":"8","hasDescription":true},{"id":"071412908011","name":"Legionowo","parentId":"071412908000","level":6,"kind":"1","hasDescription":false},{"id":"071412908022","name":"Jabłonna","parentId":"071412908000","level":6,"kind":"2","hasDescription":false},{"id":"071412908032","name":"Nieporęt","parentId":"071412908000","level":6,"kind":"2","hasDescription":false},{"id":"071412908043","name":"Serock","parentId":"071412908000","level":6,"kind":"3","hasDescription":false},{"id":"071412908044","name":"Serock - miasto","parentId":"071412908043","level":6,"kind":"4","hasDescription":false},{"id":"071412908045","name":"Serock - obszar wiejski","parentId":"071412908043","level":6,"kind":"5","hasDescription":false},{"id":"071412908052","name":"Wieliszew","parentId":"071412908000","level":6,"kind":"2","hasDescription":true},{"id":"071412912011","name":"Mińsk Mazowiecki","parentId":"071412912000","level":6,"kind":"1","hasDescription":false},{"id":"071412912021","name":"Sulejówek","parentId":"071412912000","level":6,"kind":"1","hasDescription":true},{"id":"071412912031","name":"Wesoła","parentId":"071412912000","level":6,"kind":"1","hasDescription":true},{"id":"071412912042","name":"Cegłów","parentId":"071412912000","level":6,"kind":"2","hasDescription":true},{"id":"071412912043","name":"Cegłów","parentId":"071412912000","level":6,"kind":"3","hasDescription":true},{"id":"071412912044","name":"Cegłów - miasto","parentId":"071412912043","level":6,"kind":"4","hasDescription":true},{"id":"071412912045","name":"Cegłów - obszar wiejski","parentId":"071412912043","level":6,"kind":"5","hasDescription":true},{"id":"071412912052","name":"Dębe Wielkie","parentId":"071412912000","level":6,"kind":"2","hasDescription":false},{"id":"071412912062","name":"Dobre","parentId":"071412912000","level":6,"kind":"2","hasDescription":true},{"id":"071412912063","name":"Dobre","parentId":"071412912000","level":6,"kind":"3","hasDescription":true},{"id":"071412912064","name":"Dobre - miasto","parentId":"071412912063","level":6,"kind":"4","hasDescription":true},{"id":"071412912065","name":"Dobre - obszar wiejski","parentId":"071412912063","level":6,"kind":"5","hasDescription":true},{"id":"071412912072","name":"Halinów","parentId":"071412912000","level":6,"kind":"2","hasDescription":true},{"id":"071412912073","name":"Halinów","parentId":"071412912000","level":6,"kind":"3","hasDescription":true},{"id":"071412912074","name":"Halinów - miasto","parentId":"071412912073","level":6,"kind":"4","hasDescription":true},{"id":"071412912075","name":"Halinów - obszar wiejski","parentId":"071412912073","level":6,"kind":"5","hasDescription":true},{"id":"071412912082","name":"Jakubów","parentId":"071412912000","level":6,"kind":"2","hasDescription":false},{"id":"071412912093","name":"Kałuszyn","parentId":"071412912000","level":6,"kind":"3","hasDescription":false},{"id":"071412912094","name":"Kałuszyn - miasto","parentId":"071412912093","level":6,"kind":"4","hasDescription":false},{"id":"071412912095","name":"Kałuszyn - obszar wiejski","parentId":"071412912093","level":6,"kind":"5","hasDescription":false},{"id":"071412912102","name":"Latowicz","parentId":"071412912000","level":6,"kind":"2","hasDescription":true},{"id":"071412912103","name":"Latowicz","parentId":"071412912000","level":6,"kind":"3","hasDescription":true},{"id":"071412912104","name":"Latowicz - miasto","parentId":"071412912103","level":6,"kind":"4","hasDescription":true},{"id":"071412912105","name":"Latowicz - obszar wiejski","parentId":"071412912103","level":6,"kind":"5","hasDescription":true},{"id":"071412912112","name":"Mińsk Mazowiecki","parentId":"071412912000","level":6,"kind":"2","hasDescription":false},{"id":"071412912122","name":"Mrozy","parentId":"071412912000","level":6,"kind":"2","hasDescription":true},{"id":"071412912123","name":"Mrozy","parentId":"071412912000","level":6,"kind":"3","hasDescription":true},{"id":"071412912124","name":"Mrozy - miasto","parentId":"071412912123","level":6,"kind":"4","hasDescription":true},{"id":"071412912125","name":"Mrozy - obszar wiejski","parentId":"071412912123","level":6,"kind":"5","hasDescription":true}]}